id,name,screen_name,location,description,followers_count,friends_count,listed_count,favourites_count,verified,statuses_count,protected,default_profile,default_profile_image,user_id,target,raw_label,followers_friends_ratio,favourites_statuses_ratio,statuses_followers_ratio,description_length,username_length,username_digit_count,username_digit_ratio,fullname_length,fullname_word_count,name_equals_username
613512037,Baseball Quotes,BaseballQuotes1,The Diamond,Quoting America's Pastime in 280 characters or less.,121500,346,532,35894,0,21246,0,0,0,613512037,0,human,350.1469740634006,1.6894149762319386,0.17487098871614226,52,15,1,0.06666666666666667,15,2,0
19263978,Cleveland Cavaliers,cavs,"The Q | Cleveland, OH",Official Twitter of the 2016 NBA Champion Cleveland Cavaliers. @NBAGLeague Affiliate @CantonCharge. #BeTheFight,3227215,1946,9039,16134,1,45791,0,0,0,19263978,0,human,1657.532614278377,0.35235412299091545,0.014189319834804984,111,4,0,0.0,19,2,0
1624329463,‏المهاجر 1M,muohajer_12,المملكة العربية السعودية,,864968,767106,1371,23,0,875763,0,1,0,1624329463,1,bot,1.1275728157871066,2.7404643260056363e-05,1.0124802160539859,0,11,2,0.18181818181818182,11,2,0
550610050,BC.20,Bc20_,,R.I.P JRL21//R.I.P Monica💙 IG//b.20c #GLOHIOBOYS,951,275,9,22147,0,88862,0,0,0,550610050,0,human,3.449275362318841,0.24923759044821805,93.34348739495799,48,5,2,0.4,5,1,0
149714640,mia 🧜🏾‍♀️🖤💋,_Blkahontas,"Hollywood, FL",to die for 🔮🤞🏾👸🏾,1412,623,12,5582,0,142073,0,0,0,149714640,0,human,2.264423076923077,0.03929642299083576,100.54777070063695,16,11,0,0.0,11,2,0
76943986,Optimus Prime,crmnvctr,,The only way home is winning.,1615,182,27,34629,0,85419,0,0,0,76943986,0,human,8.830601092896174,0.40540856942168113,52.85891089108911,29,8,0,0.0,13,2,0
728040086848319489,.,997JK,,,155,0,2,57,0,4098,0,0,1,728040086848319489,0,human,156.0,0.014149792632349353,26.275641025641026,0,5,3,0.6,1,1,0
131279295,Alan Hoglund,alanhoglund,"Minneapolis, MN","📺 @KSTP Producer, Emmy Winner, Husband, Dad x2, Singer, Black Coffee Addict - Saved by Grace 📨 ahoglund@kstp.com",1231,1089,68,2017,0,22256,0,0,0,131279295,0,human,1.1302752293577982,0.09066810441658804,18.065746753246753,112,11,0,0.0,12,2,0
294150384,Infomedia 🇦🇷,Infomedia24hrs,Buenos Aires - Argentina,Noticias las 24hrs con Opinión #Independiente - #Ratings 📺 - #Revistas #Diarios ⚽️ en PDF  - #News 🌎  24/7 -,378218,347,646,120,0,110251,0,0,0,294150384,1,bot,1086.8362068965516,0.001097485759895512,0.29150307097210876,108,14,2,0.14285714285714285,12,2,0
2669946973,"안녕,봄",hi_springjk,with 정국💜,"너는 나에게 봄이었고, 미소였고, 햇살이었고, 설레는 봄바람이었어 #방탄소년단 #BTS #정국 #jungkook •weibo ➡️ https://t.co/T2rIao3iIg •instagram ➡️ hi_springjk •공지는 마음통",820881,5,8578,924,0,13559,0,1,0,2669946973,1,bot,136813.66666666666,0.06821533923303835,0.016518817564522063,131,11,0,0.0,4,1,0
3019325733,Kip Dynamite,JoeHeadTV,,Full time singer/song writer & sensitive Proud owner of a 50” TV and a working fridge,23454,284,13,4332,0,3106,0,1,0,3019325733,0,human,82.29824561403508,1.3945928548439008,0.1324664250692816,85,9,0,0.0,12,2,0
1038692990,It’s pronounced like Ann-knee,annemuyfresca,TEXA$,A1 SINCE DAY 1 | 4.30.16,808,513,5,12325,0,100989,0,0,0,1038692990,0,human,1.5739299610894941,0.1220516882859689,124.83312731767614,24,13,0,0.0,29,4,0
558652897,ダイエットの名言,_diet_meigen_,,ダイエットの成功を目指す、あなたモチベーションを上げるためのアカウントです。一時間に一回、ダイエットのやる気を出させてくれる名言の数々をつぶやいていきます。 LINEでダイエットサポートのアカウント「ダイエットトレーナー」も展開しているので、登録してみてください。 #LINEでダイエット,136685,0,613,1763,0,35406,0,0,0,558652897,1,bot,136686.0,0.049820656932245036,0.25903896521955433,144,13,0,0.0,8,1,0
14448642,Dinamalar,dinamalarweb,"39, Whites road, Chennai","https://t.co/Jax7cEBSuN is the No.1, Tamil News website in the world. It offers various news like Political,General,Cinema, Sports,Temple news in Tamil language",325236,311,654,14,1,522604,0,0,0,14448642,1,bot,1042.426282051282,2.8702366031706546e-05,1.6068436248028362,160,12,0,0.0,9,1,0
3073042992,副業で稼ぐ＠相互フォロー,happy_osu,,"大学生の時にネットで稼ぎはじめ，そのままOLとなりました！社会人になって時間がなくなりつつも変わらず稼いでいます。18歳以上の女性であればどなたでもできる安全で簡単な仕事ですので気になる方はDM下さい♪
https://t.co/5LGNMiIzhW",3755,4996,1,0,0,24831,0,1,0,3073042992,1,bot,0.7516509905943566,4.027061855670103e-05,6.611288604898829,125,9,0,0.0,12,1,0
278561826,عبدالرحمن البدر,albader900,Riyadh,ممثل وكاتب | https://t.co/CdXThrLQVH,99787,248,124,266,0,874,0,1,0,278561826,1,bot,400.7550200803213,0.30514285714285716,0.008768589409548243,36,10,3,0.3,15,2,0
61484151,Kingsley,kingsleyyy,,I played the role of Brandy in “The Boy Is Mine” in my upstairs hallway in 1999.,790829,320,4406,25209,1,298,0,0,0,61484151,0,human,2463.644859813084,84.31438127090301,0.00037808378539003326,80,10,0,0.0,8,1,0
553785251,العربية مصر,AlArabiya_EGY,Dubai,حساب #العربية الخاص بالأخبار في #مصر,1154173,37,1559,1,1,37704,0,0,0,553785251,1,bot,30373.0,5.304336294921098e-05,0.032668384489686994,36,13,0,0.0,11,2,0
14897840,ABC 7 News - WJLA,ABC7News,"Washington, DC","Breaking news, weather, sports and information for the Washington, D.C. area from the ABC 7 Newsroom.",151634,901,2824,4685,1,279822,0,0,0,14897840,1,bot,168.109756097561,0.016746300339857696,1.8453721106604675,101,8,1,0.125,17,5,0
943073006,صحيفة أوان الكويتية,awan_kuwait,الكويت,أوان دائماً معك حيث تكون وفي كل لحظة.,99661,67618,90,22,0,30789,0,0,0,943073006,1,bot,1.4738756858279478,0.0007469957778499513,0.30894423150247835,37,11,0,0.0,19,3,0
16667262,Jillian Michaels,JillianMichaels,"Los Angeles, CA",Leading fitness expert & world renowned life coach. Checkout my #JillianMichaelsApp for personalized workouts and meal plans,1749279,119,10702,6789,1,18357,0,0,0,16667262,0,human,14577.333333333334,0.3698659984747794,0.010494603494008964,124,15,0,0.0,16,2,0
135938060,Annie García Hdez,aninisis,Guadalajara,"Quiero saber todo lo que se pueda saber; me hago responsable de lo que digo, no de lo que entiendas. Casada con @mariocobos",1033,1814,31,2111,0,22692,0,0,0,135938060,0,human,0.5696969696969697,0.0930683470673776,21.9468085106383,123,8,0,0.0,17,3,0
168789642,marci nelson,1jedi2,"Lacey, WA","*Illusion of Democracy*
*Silence IS Complicity.*
*#25thAmendmentNOW!*
*They got money for Wars, but Can't Feed The Poor!- TuPac.*
*Coup d'état*",1557,4281,64,6601,0,95717,0,0,0,168789642,1,bot,0.3638486688463335,0.06897344282162185,61.436456996148905,143,6,2,0.3333333333333333,12,2,0
766852874,Anne Nishadi,Annenishadi,USA,"Hi, I am Anne Nishadi",29294,7010,101,840,0,37567,0,0,0,766852874,1,bot,4.178433889602054,0.022386073253833048,1.2824031404676566,21,11,0,0.0,12,2,0
558572709,AS Monaco 🇲🇨,AS_Monaco,Monaco,Twitter officiel de l’AS Monaco ! 🇬🇧@as_monaco_en 🇧🇷@as_monaco_br 🇪🇸@as_monaco_es 🎮@ASMonacoEsports,2063542,346,2427,2365,1,53732,0,0,0,558572709,0,human,5946.809798270893,0.044032531219176295,0.02603919569400783,99,9,0,0.0,12,3,0
227296786,مجموعة الطيار للسفر,altayyaronline,Saudi Arabia,"الحساب الرسمي لمجموعة الطيار للسفر والسياحة المساهمة المدرجة في السوق السعودي. 

خدمة العملاء: 920012333",249730,56,418,87,1,35944,0,0,0,227296786,1,bot,4381.245614035088,0.0024481847266657393,0.1439348739243426,104,14,0,0.0,19,3,0
147233107,おなかちゃん／kenken76,as_kenken76,神奈川県川崎市中原区,ハロヲタ兼鉄ヲタ。一応、現場系。Juice=JuiceやBitter&Sweetの現場に主に出現しますが、ずっと「team℃-ute」です。長文投稿が多く、時には連投することもあります。うるさい場合は適宜処理なさってください。表示名が変わった件については気にしないでください。,1122,646,39,7671,0,71620,0,1,0,147233107,0,human,1.7357032457496135,0.10711942028176094,63.776491540516474,138,11,2,0.18181818181818182,15,1,0
399830372,Jose Rebolledo,1JOSE_JOSE_JOSE,Hey there!,|Eastern Kentucky University| |BBN| |ΠΚΑ|,862,503,4,24455,0,5990,0,0,0,399830372,0,human,1.7123015873015872,4.082123184777166,6.942062572421785,41,15,1,0.06666666666666667,14,2,0
22885574,Leo Jaime,LeoJaime,Rio de Janeiro,metamorfose ambulante from mars. https://t.co/jAeuneV9eG,935068,1185,3063,23884,1,81189,0,0,0,22885574,0,human,788.4224283305227,0.29418647616701565,0.08682781698462894,56,8,0,0.0,9,2,0
330432644,Mercedes Lambre 🎀,Mechilambre,Argentina,Actriz Argentina🇦🇷Mi frase favorita en el mundo: Todo lo puedo en Cristo que me fortalece 💘 💪🏻 Filipenses 4:13 Redes:  Manager: Jorge Galli,1073392,535,1603,7074,1,5523,0,0,0,330432644,0,human,2002.5988805970148,1.2807748008689355,0.005146297767919112,139,11,0,0.0,17,3,0
338163791,江崎びす子@2/9原宿イベント,5623V,Tokyo Harajuku,「病みかわいい」の人です。イラストレーター・漫画家・デザイナー・モデル。(@ppg_5623V)(@5623V2)(@manapis_5623)(@usatan_mhc)(@yumekawaboys)(@B_S_K_E_Z_K )【ezakibisuko@gmail.com】☜ご連絡はコチラ,156108,4603,2203,29923,0,35313,0,0,0,338163791,0,human,33.90725456125109,0.8473693152857223,0.2262137352747119,146,5,4,0.8,15,1,0
115637932,Koolinvestor,atchutneelam,,Real Estate Investor : Entrepreneur :,47798,112656,1292,13922,0,117603,0,0,0,115637932,1,bot,0.42428788268815965,0.11838883031189415,2.4603862005481285,37,12,0,0.0,12,1,0
81225298,Gui,Aguinaldinho,Minas Gerais,"meu animal de estimação se chama 'paz, amor, luz, vida nova' assim posso invocar coisas boas sempre que for chamar por ele. contatoaguinaldinho@live.com 📧",736785,285,1608,21387,0,88262,0,0,0,81225298,0,human,2576.1748251748254,0.24232124446257208,0.11979462150475172,154,12,0,0.0,3,1,0
415745334,Definitely A Douche,DefinitelyaDbag,,All things that make someone...Definitely a Douchebag,86958,71070,176,77,0,84655,0,0,0,415745334,1,bot,1.2235510967905334,0.0009213759213759214,0.9735162547867385,53,15,0,0.0,19,3,0
2904024759,Buggy!,Bkeepitreal,WestBank!,MillyBrother,1512,1072,4,3733,0,21248,0,0,0,2904024759,0,human,1.4100652376514446,0.1757259165137183,14.044282881692002,12,11,0,0.0,6,1,0
113125130,Ali Saffari A.,AliSaffari26,Panama,,860,302,2,347,0,28574,0,0,0,113125130,0,human,2.8415841584158414,0.012178477690288713,33.18815331010453,0,12,2,0.16666666666666666,14,3,0
18131961,Ken Jeong,kenjeong,,Instagram model.,821272,1730,7282,60604,1,39600,0,0,0,18131961,0,human,474.45002888503757,1.5303906467008408,0.048219045311364186,16,8,0,0.0,9,2,0
72047325,Lili Estefan,LiliEstefan,"Miami, Florida",TWITTER OFICIAL desde JUNIO del 2011 | TV Host for UNIVISION Network @ELGORDOYLAFLACA l Facebook Oficial: http://t.co/JFyNICsbIg,1040549,1105,2220,11826,1,15496,0,0,0,72047325,0,human,940.8227848101266,0.7631799703168355,0.014893085387535438,128,11,0,0.0,12,2,0
23536653,Orlando Alzugaray,BigOShow,"Miami, Florida","Starting March 1st @1210TheMan 3-6pm, Host @SiriusXM @MaddogRadio Ch. 82 Sat 3-7pm & Sun 3-7pm. Columnist @TheAthleticMIA. #Podcast search #BigORadioShow",104027,81261,523,29717,1,164130,0,0,0,23536653,1,bot,1.2801555462577834,0.1810626877311416,1.5777579113315645,153,8,0,0.0,17,2,0
312960864,ふじーひろし,sokohaka_fuzy,山梨県八王子市,1969年京都生まれ。ライターを経て現職：瘋癲（ふうてん）。年に数回壊れますが基本的にはくだらないことしかつぶやきません。関連アカウント：勝手邦題bot→@katte_houdai,1427,1638,43,2643,0,132682,0,0,0,312960864,1,bot,0.8712629652226968,0.01992719489309105,92.91526610644257,90,13,0,0.0,6,1,0
90997089,Hector Contreras,contrerashector,,"sígueme en Instagram @contrerashector
Manager @chynomiranda

TV host. DJ. 
Mi gran amor la radio",87200,1226,229,3778,0,12397,0,0,0,90997089,0,human,71.06845965770171,0.3048072269720923,0.14217726860930494,96,15,0,0.0,16,2,0
144666448,Alejandro Gil,AleEnForma,Caracas,Co-Fundador de @EstandoEnForma. Conferencista. Egresado de la Facultad de Ciencias UCV. Advanced Fitness Trainer Specialist(IFBB). 📩ale@estandoenforma.net,88539,69,517,23,0,70107,0,0,0,144666448,1,bot,1264.857142857143,0.00034232897814800024,0.7918229049017393,154,10,0,0.0,13,2,0
251724140,Litigation Edge,LitigationEdge,Singapore,"​Asia's Premier #LitSupport, Paper & #eDiscovery Consultants and Cloud-based #DocReview Provider. #DataProtection #AI #DataCollection",1265,885,147,374,0,9250,0,0,0,251724140,1,bot,1.4288939051918736,0.04053615825316182,7.307266982622433,133,14,0,0.0,15,2,0
124266832,Chilevision,chilevision,Santiago de Chile,Twitter oficial de Chilevisión #VamosContigoCHV 😉,1323493,2074,1779,2814,1,180339,0,0,0,124266832,1,bot,637.8284337349397,0.015609404458245536,0.1362605346151928,49,11,0,0.0,11,1,1
105970552,アシケンタ,art_d_ashiken,TOKYO,アートディレクター、グラフィックデザイナー。呼吸するように創ってます。ネコとジムとヒロアカが病的に好きです。ヒロアカ3期は神ターン。オールマイト好きすぎます。口癖は「ジム行こ」です。,1145,329,21,876,0,51563,0,0,0,105970552,0,human,3.4727272727272727,0.017007990070591887,44.99476439790576,91,13,0,0.0,5,1,0
4080133834,Adams,WritersUSA,"Dubai, United Arab Emirates",,819,92,1612,0,0,374878,0,1,0,4080133834,1,bot,8.817204301075268,2.667527388837465e-06,457.16951219512197,0,10,0,0.0,5,1,0
2431613352,干物妹キョロ,reonnopiopi,,アカウント変えました→@UMRUMR123,654,968,18,72290,0,100502,0,1,0,2431613352,1,bot,0.675954592363261,0.719291961433987,153.43969465648854,21,11,0,0.0,6,1,0
2590473956,Magui,DanuInsua,,"https://t.co/sxmjNI7QEj 
https://t.co/F8S6ZPLCdL",1293,1219,5,5828,0,25176,0,0,0,2590473956,0,human,1.060655737704918,0.23152083250585853,19.456723338485318,48,9,0,0.0,5,1,0
36204399,Destructoid,destructoid,"San Francisco, CA",video games. updates all day every day,309042,133,2451,414,1,95371,0,0,0,36204399,1,bot,2306.291044776119,0.004351381956968502,0.30860430425539487,38,11,0,0.0,11,1,1
343791862,Danny Sheridan,DannySheridan1,,Handicapper & Sports Analyst for USA TODAY,428415,723,549,15,0,16119,0,1,0,343791862,0,human,591.7348066298342,0.0009925558312655087,0.03762697938452345,42,14,1,0.07142857142857142,14,2,0
872978711116746752,سليمان الرشيدي,3bs_sa,"شاطئ نصف القمر, المملكة العربية السعودية",,225,383,0,0,0,1179,0,1,0,872978711116746752,1,bot,0.5885416666666666,0.000847457627118644,5.221238938053097,0,6,1,0.16666666666666666,14,2,0
2385417602,さば@GR城ホ12/8.9余韻,3838mckrl,三重⇆名古屋 ときどき関西,うたプリに貢ぎ続けるロデオガール🐮🤘初ライブはBUMPのホームシップ衛星✩スタバ歴は10年以上☕️BROTHERS CONFLICT/夏目友人帳/進撃の巨人/マクロスF/イナイレ/CCさくら/文スト/RAD/Gero/SHiN,473,432,16,35517,0,48254,0,1,0,2385417602,1,bot,1.094688221709007,0.7360480779193866,101.80379746835443,113,9,4,0.4444444444444444,15,1,0
625458452,キノピオ,DSkinopio_bot,キノコキャニオン,いただきストリートＤＳに登場するキノピオのセリフを集めたbotです。３０分に１度ツイートします。作成者→@kino777777,1279,1674,17,0,0,83740,0,1,0,625458452,1,bot,0.764179104477612,1.1941581781922833e-05,65.42265625,63,13,0,0.0,4,1,0
506437283,‎علوشش #أههليجده.🇸🇦MBS,ali_alsbai,Jeddah ,..الله ثم المليك والوطنء 🖐🏻🇸🇦💚. لاتجادلني في عِشق الملككي أذهب وشجع من تشاء واتركني اهلاوي اليوم وغداً وإلآ الابد .. AHLI.Jeddah💚,13348,16827,31,6523,0,133138,0,0,0,506437283,0,human,0.793261231281198,0.04900141956902185,9.973705895572703,129,10,0,0.0,22,2,0
177194756,Государственная Дума,dumagovru,"Россия, Москва",Официальные новости Государственной Думы Федерального Собрания Российской Федерации. For English tweets follow https://t.co/mcL09caVPr,931011,168,1630,155,1,15748,0,0,0,177194756,1,bot,5508.94674556213,0.009905390818464664,0.01691600108269281,134,9,0,0.0,20,2,0
628092930,Joven Poeta ღ,CitasDePoeta,Latinoamerica,"Créeme, lo pudimos ser todo incluso cuando no éramos nada. #FollowBack #mgwv #Siguemeytesigo",102646,39725,213,107562,0,15448,0,0,0,628092930,0,human,2.5838745406031314,6.962457116965499,0.15050610344189308,92,12,0,0.0,13,3,0
49337907,beerboy,ibeerboy,โลกใบนี้,ชื่อเบียร์นะ ไม่ใช่บอย กำลังพยายามหัดวาดรูป #ทาสแมว,207945,1056,116,98,0,180558,0,1,0,49337907,1,bot,196.73226111636708,0.000548297232483565,0.8682975387841074,51,8,0,0.0,7,1,0
2920864913,Chistes En Twits,ChistesEnTwits,Dominican Republic,"Chistes, Indirectas y Frases para que pases buen rato en Twitter. CONTACTO/PUBLICIDAD: johanpublicidad@yahoo.com",33270,1883,50,578,0,2902,0,0,0,2920864913,1,bot,17.659766454352443,0.1994488460213572,0.08725316341558714,112,14,0,0.0,16,3,0
155769461,Natalie Vertiz,natvertiz,"Lima, Peru",Fashion Is My Passion❤️✨ love can change the world 🌎 #SuckerforLiam,1049130,522,877,18129,0,13284,0,0,0,155769461,0,human,2005.9866156787764,1.3646970267218668,0.012662860977323137,67,9,0,0.0,14,2,0
124405878,#ConElPezHastaElFinal,Dorados,"Culiacán, Sinaloa, México.",Cuenta Oficial del Club Social y Deportivo Dorados de Sinaloa que juega en el @AscensoMX,172757,196,450,13152,1,62725,0,0,0,124405878,1,bot,876.9441624365483,0.20968976182125434,0.3630859352388891,88,7,0,0.0,21,1,0
102200239,Helga PaClassi,CultClassiq,Baltimore-Washington Parkway,"Best friend's sister, grown woman and all. Host of #CultTV, an interactive talk show where culture connects. Tune in via IG live | TUES 9 PM 😹 =/= DM",1430,1421,40,26820,0,83296,0,0,0,102200239,0,human,1.0063291139240507,0.3219923886814651,58.208944793850456,149,11,0,0.0,14,2,0
388502138,Cristian Rodriguez,Cristian__Ro,Buenos Aires,"Mi tesoro mas lindo                                                    @LAA_R_🌎✈️.                                          Forex🔥DELTA. 
 Platinum 1000| IML",1221,578,17,50344,0,85674,0,0,0,388502138,0,human,2.1105354058721932,0.5876276626787278,70.11047463175123,157,12,0,0.0,18,2,0
71382295,Steph,Stephbutta,NYC,"I’m here to raise awareness & to talk my shit.

• IG: @stephbutta
• Awareness Blog IG: @_spooniewarrior_

#FUCKLUPUS
#LupusWarrior
💜🎗",952,942,17,1831,0,101693,0,0,0,71382295,1,bot,1.0106044538706256,0.01801482880012587,106.7093389296957,133,10,0,0.0,5,1,0
315895692,Allie Pugh,allie_pugh7,,😊❤️⭐️💃🏼🌴☀️🍦,1012,817,5,3109,0,49500,0,0,0,315895692,0,human,1.2383863080684596,0.06282701359568493,48.86574531095755,11,11,1,0.09090909090909091,10,2,0
767184145,صحيفة أضواء الوطن,adwaalwatan,"الرياض, المملكة العربية السعود","‏‏صحيفة أضواء الوطن | صحيفة مرخصة من قبل وزارة الإعلام |  للتواصل مع رئيس التحرير ‎‎@basheersaad | للتواصل معنا 
info@adwaalwatan.com",139483,5,121,59,0,100651,0,0,0,767184145,1,bot,23247.333333333332,0.000596113341016572,0.7216024777035359,133,11,0,0.0,17,3,0
1329900518,novo: @RelatosFrases,FraseFilipeRet,,"Mudamos o user, as frases do Ret continua no twitter: @RelatosFrases",405,241,0,0,0,178,0,0,0,1329900518,0,human,1.677685950413223,0.00558659217877095,0.4408866995073892,68,14,0,0.0,20,2,0
737081035,Aj KLUI,AjKLUI,,อาจารย์ขลุ่ย ( Facecook Page : Aj KLUI ),191735,133,78,5752,0,25498,0,1,0,737081035,0,human,1430.865671641791,0.22561669085062158,0.1329901531272166,40,6,0,0.0,7,2,0
221394758,iFrasesCortaspe,ifrasescortas,"Lima, Peru","Estoy aquí para salvar y proteger al planeta de la destrucción, tengo el superpoder de la moral y el bien.",962391,134,2769,7898,0,15746,0,0,0,221394758,0,human,7128.829629629629,0.5016193560678225,0.01636235546430145,106,13,0,0.0,15,1,0
1490300052,Bernice Fischer,Bernice_Fischer,Cape Town / Kapstadt,"Author / Autorin of JEFF MADISON #fantasybooks and #audiobooks, Voice Arts® nominee 2015 & 2016, Poet of magic spells. #IFNRTG",56051,2134,1152,886,0,129023,0,0,0,1490300052,1,bot,26.253864168618268,0.00687468998015873,2.301862556197816,126,15,0,0.0,15,2,0
225987587,Christina,bobeina,"Missoula, MT","I will steal your woman, sir🌈",1095,629,6,47786,0,69610,0,0,0,225987587,0,human,1.7396825396825397,0.6864863311832899,63.51368613138686,29,7,0,0.0,9,1,0
84219696,Larissa Riquelme,lari_riquelme,"Asunción, Paraguay","Modelo, Actriz, Tapas de las mejores Revistas del Mundo.🌎 📷 https://t.co/fRCJ8fBYV6 Contratos: liliberifru@hotmail.com 💍 @fabbrojony17  ❤️",899817,42,4655,117,1,18659,0,0,0,84219696,0,human,20926.0,0.0063236870310825295,0.020737526922110915,138,13,0,0.0,16,2,0
1081279532,Science Fan,ScienceFan4,Milky Way,,854,1301,126,22,0,91147,0,1,0,1081279532,1,bot,0.6566820276497696,0.00025233685873524375,106.60584795321637,0,11,1,0.09090909090909091,11,2,0
59985934,Italo #IR4M,italoomult,"Embu, São Paulo",Instagram - https://t.co/SP9FCO1R8K Facebook - https://t.co/US5OeeSYJG Publicidade: canalitalomatheus@hotmail.com,207868,44,0,45734,0,405220,0,0,0,59985934,1,bot,4619.311111111111,0.11286433822531408,1.9494056352799118,113,10,0,0.0,11,2,0
2895024571,ㅤ,DearBrokenMsgs,usa,,220693,209100,255,24,0,5191,0,1,0,2895024571,0,human,1.0554421069244049,0.004815100154083205,0.023525786836071663,0,14,0,0.0,1,1,0
44310851,Rustem,Rustemka,,,1324,1889,0,0,0,5150,0,1,0,44310851,1,bot,0.701058201058201,0.00019413706076490002,3.8875471698113206,0,8,0,0.0,6,1,0
2379160873,club ROSARIO,_clubROSARIO_,大阪市中央区東心斎橋2-4-6 さよかビル2F,ミナミで最も勢いのあるホストクラブグループ、GO Group 5号店！！ROSARIO ロザリオです！,745,825,5,1,0,9559,0,0,1,2379160873,1,bot,0.9031476997578692,0.00020920502092050208,12.815013404825738,51,13,0,0.0,12,2,0
1209342523,The Originals,cworiginals,,Official account for #TheOriginals | Watch @cwlegacies  Thursday at 9/8c on The CW | Stream free only on The CW App!,1717111,59,2100,607,1,4465,0,0,0,1209342523,0,human,28618.533333333333,0.1361397223466189,0.002600878684675199,116,11,0,0.0,13,2,0
117202778,laura 🌻,Jai5SOS,5/4 ,"being a fangirl is so hard, my idols should pay me.👽 || lauragarciaj 👻 || ✨🌙",78610,89747,524,91774,0,136745,0,0,0,117202778,0,human,0.8759080982306012,0.6711348046743597,1.7395275470354021,76,7,1,0.14285714285714285,7,2,0
2729506932,Twinkle Khanna,mrsfunnybones,,A bona fide member of an ambiguous tribe of the new age Indian woman; heavily armed with the weapons of my choice : google and lame jokes.,5120701,82,953,1038,1,5458,0,1,0,2729506932,0,human,61695.20481927711,0.19032789888257923,0.0010660647700256722,138,13,0,0.0,14,2,0
522220085,Indonesia Traveling,IDTraveling,Indonesia,"We Love Indonesian, info, traveling, social culture. #IDTraveling #IDTravelovers | Media Partner CP: 0812 9535 2255. / email: yukstraveling@gmail.com",92606,29,133,60,0,8594,0,0,0,522220085,0,human,3086.9,0.007097149505526469,0.09281155852149406,149,11,0,0.0,19,2,0
2477327017,sr anitto 🐷,AnittaVerdades,Brasil,"Fã clube da cantora Anitta, informação e entretenimento!! Comentarista de BBB também!!!",3089,3907,19,10586,0,28848,0,0,0,2477327017,1,bot,0.7906857727737974,0.3669797913272557,9.336245954692556,87,14,0,0.0,11,3,0
1972216999,د. عبدالله النفيسي,DrAlnefisi,,الحساب الرسمي الوحيد د.عبدالله فهد النفيسي أستاذ العلوم السياسية University of Cambridge - Churchill College - UK- 1972 - Ph.D,2492897,0,4265,2,0,3113,0,1,0,1972216999,0,human,2492898.0,0.0009633911368015414,0.0012491485812897278,126,10,0,0.0,18,3,0
358233640,Matt Smith,13mattsmith,"St Petersburg, FL",wise words from an indecent man,847,1138,2,14636,0,36423,0,1,0,358233640,0,human,0.7445127304653204,0.4018504282890402,42.95283018867924,31,11,2,0.18181818181818182,10,2,0
1160675580,البدر اللحاوي  1M,7b000,,أستغفر الله العلي العظيم وأتوب إليه..-Saudi Arabia.. #الجوف_طبرجل #الخاص_مهمل...,1179313,1180137,462,12,0,11590,0,1,0,1160675580,0,human,0.9993017765718925,0.001121559830903287,0.009828595268096537,80,5,4,0.8,17,3,0
2161115061,Kierra Coffey,coffeycakes_23,,Im an asshole 017' 860.... ✈️ 386,905,1437,2,11921,0,9259,0,1,0,2161115061,0,human,0.6300417246175244,1.2874730021598273,10.22075055187638,33,14,2,0.14285714285714285,13,2,0
57339160,CNBC Africa,cnbcafrica,Africa,"Find breaking news, multimedia, videos, reviews and opinions on African business, finance, private equity infrastructure and more. Watch CNBC Africa on DStv 410",198552,620,1721,518,1,78596,0,0,0,57339160,1,bot,319.73107890499193,0.006603305469674415,0.3958489672782582,160,10,0,0.0,11,2,0
15371662,MERALCO,meralco,Philippines,The OFFICIAL Twitter Account of the Manila Electric Company. Call Center: 16211 SMS Messaging: 0920-9716211(SMART)/0917-5516211(GLOBE)/0925-7716211 (SUN),2155295,23915,1513,1290,0,166374,0,0,0,15371662,1,bot,90.11941796287005,0.007759579263711495,0.07719357341172628,153,7,0,0.0,7,1,1
3313360990,Dawn French,Dawn_French,UK,"Official Twotting account for actress, author , nosey parker, mumpsimus, thalassophile and giddy eejit, Dawny McFrenchface.",321150,1077,638,19332,1,4272,0,1,0,3313360990,0,human,297.91372912801484,4.524455885794524,0.013305267615545336,123,11,0,0.0,11,2,0
105783456,たっぷ,tapsansan,神奈川・池袋,水曜どうでしょう、CUE、ナックスさん達が好きな神奈川県民です。ゴリパラも最近好きです。お気軽にフォローミーヾ(´ω｀＝´ω｀)ノ,920,716,73,909,0,80840,0,0,0,105783456,1,bot,1.284518828451883,0.011256664316374117,87.77524429967427,65,9,0,0.0,3,1,0
39927901,Nadeem Malik,nadeemmalik,ISLAMABAD,#NadeemMalikLive -:- (Mon to Thur 8pm 🇵🇰) Only ID on Facebook & Twitter @nadeemmalik (Managed by Team) - Watch Live: https://t.co/5AFyN8DpmD,2303744,498,1219,1,1,2397,0,0,0,39927901,0,human,4616.723446893788,0.0008340283569641367,0.0010409138164163135,140,11,0,0.0,12,2,0
1607223709,Indo_nesia3,Indo_nesia3,NOT FOUND,cc @akbarriyan,786,10,87,0,0,31453,0,1,0,1607223709,1,bot,71.54545454545455,3.179245882876582e-05,39.96696315120712,14,11,1,0.09090909090909091,11,1,1
107930490,Beautylish,beautylish,,We love makeup & beauty fiercely!,890996,173953,3621,6068,1,30099,0,0,0,107930490,0,human,5.122026512756246,0.20162790697674418,0.03378238086099055,33,10,0,0.0,10,1,1
2465436362,شامل نيوز 🇰🇼,liferdefempire,للتواصل  90948204,خدمة إخبارية شاملة - مرخصة من وزارة الإعلام,2063778,2141379,2063,634,1,62043,0,0,0,2465436362,1,bot,0.9637612194005735,0.010234672168138741,0.03006329650606969,43,14,0,0.0,12,3,0
238291167,laura,boesings,tm/rs,⚢,1674,1122,5,25035,0,39956,0,0,0,238291167,0,human,1.491540516473731,0.6265735665840779,23.85492537313433,1,8,0,0.0,5,1,0
80921539,oropeza jenny,jennyoro1,,“Periodismo es publicar lo que alguien no quiere que publiques. Todo lo demás son relaciones públicas.” George Orwell,145058,1414,1141,1388,0,51926,0,0,0,80921539,1,bot,102.51519434628975,0.026749090068750363,0.35797158397617523,117,9,1,0.1111111111111111,13,2,0
3384167860,Rotsy Márquez,MarquezRotsy,,"18. Enamorada de las letras de @pulmonarios 💜 De ella, los animales y la naturaleza. Ni política ni religión. Del @DvoTachira Quiérete, ámate, gústate 23💜",1696,1225,29,15913,0,19695,0,0,0,3384167860,1,bot,1.3841761827079935,0.8079813160032494,11.606364172068355,154,12,0,0.0,13,2,0
46318078,Billy Horschel,BillyHo_Golf,Ponte Vedra Beach,"PGA Tour Player, UF Grad, Boston Sports Fan. Father to Skylar Lillian and Colbie Rae! Travel the world and play golf. Wouldn't change a thing! love my life!!",169519,260,1119,6192,1,16997,0,0,0,46318078,0,human,649.5019157088122,0.3643369808212731,0.10027135441245871,157,12,0,0.0,14,2,0
129082472,ジェネシック☆医薬品,asagiriasagi,パラ宿,プリパラはいいぞ。 規制垢→@asagichanprpr,1013,2462,60,60378,0,288782,0,0,0,129082472,1,bot,0.41169305724725946,0.20908086694853922,284.79585798816566,28,12,0,0.0,10,1,0
826754628,شبكة عقارات المملكة,aqrksa,,"حمل تطبيقنا المناسب لهاتفك أو أفتح موقعنا الالكتروني وسوق عقاراتك على الجمهور مباشرة بكل سهولة لأعلان والاستفسار التواصل
0502713451",118887,1256,166,341,0,25222,0,0,0,826754628,1,bot,94.58074781225139,0.013559053245054117,0.21215766099185787,131,6,0,0.0,19,3,0
822815182393065476,Hel,biebercellbit,,Desire 💙 Repetel 💙 Langer,4,2,0,6,0,3,0,1,0,822815182393065476,0,human,1.6666666666666667,1.75,0.8,25,13,0,0.0,3,1,0
1130996444,حلم,7lm_Follow_Back,,,105569,82293,258,7,0,69997,0,1,0,1130996444,1,bot,1.2828395751816657,0.00011428897968513387,0.6630482144548641,0,15,1,0.06666666666666667,3,1,0
1294912754,カンフー猫,kanfuneko,埼玉,声優さん業界推しです(≧▽≦)黒ネコ同盟、S.C.NANANET、m-smile、に入ってます。ゆいかおり、キタエリ、MISHAORU、PeaceLoveも好きですヾ(≧∇≦)特撮も大好きです。中国武術も大好きです♪カイロプラクターでもあります(≧∇≦)b気軽にフォローしてください(^^)/,1126,2313,38,13176,0,51784,0,1,0,1294912754,1,bot,0.4870354364736387,0.2544559235299797,45.94942324755989,146,9,0,0.0,5,1,0
375481345,Inspirational Quotes,InspowerMinds,,"Think Big, Dream Big, Believe Big and the Results Will Be Big. Sign Up for Mindset Early Access👇",1335442,15,5370,32,0,88322,0,0,0,375481345,1,bot,83465.1875,0.0003736286131585204,0.06613760377642475,96,13,0,0.0,20,2,0
58432995,Lady (Michelle) Mone,MichelleMone,London,"The Baroness Mone of Mayfair OBE. Award Winning Entrepreneur, Global Speaker, Designer, Mentor, Government Biz Tsar 2015,No1 Autobiography ""My Fight To The Top""",397999,743,1055,226,1,22652,0,0,0,58432995,0,human,534.9462365591398,0.010020747803822894,0.05691708542713568,160,12,0,0.0,20,3,0
1606033945,柿 ピ ッ ピ  ⌒ ☆,chibireeei00,今年も君に会いに行こう,"(旧名)チビれーちゃんまん♡低浮上🙅22歳♡大阪♡柿ピー🙆ベルが大好き(ハロ夢人明弥正人)next 8/4,
5 ベル無料ワンマン×インスト♡V系♡色々きくけどベル1番♡妄想族副総長♡おもちモチモチ",850,1142,0,40743,0,93304,0,0,0,1606033945,1,bot,0.7445319335083115,0.4366754193237233,109.64159811985898,99,12,2,0.16666666666666666,12,6,0
496584998,Callum Swan,CallumSwanny,,Professional thumb twiddler.,88281,589,151,0,1,4285,0,0,0,496584998,0,human,149.63050847457626,0.0002333177788147457,0.048548968079563215,28,12,0,0.0,11,2,0
250191109,THEREALDAIISICKEEYY✨,Daiisickeeyy,"New Orleans, LA",minding my business & keeping my distance🖤,1166,1604,0,2070,0,20780,0,0,0,250191109,0,human,0.7271028037383177,0.09965834175448728,17.80719794344473,42,12,0,0.0,20,1,0
24693705,NERVO,nervomusic,,,1075927,39,2172,4271,0,8954,0,0,0,24693705,1,bot,26898.2,0.47705192629815746,0.008323047638875463,0,10,0,0.0,5,1,0
1038380123710545920,زيادة متابعين,abo_rayan18,,,65,23,0,0,0,7,0,1,0,1038380123710545920,0,human,2.75,0.125,0.12121212121212122,0,11,2,0.18181818181818182,13,2,0
251686253,Anika Noni Rose,AnikaNoniRose,#TakingAKnee,Stacked like a can of Pringles. IG: AnikaAroundTheWorld. Not for the faint of Art. #CarmenJones #AssassinationNation #TheQuadBet #EverythingEverything #Power,121682,2305,792,14812,1,54192,0,0,0,251686253,0,human,52.76799653078925,0.2733378849666931,0.44536212946755094,157,13,0,0.0,15,3,0
299945621,Boy4ME.com,Boy4ME,México,"¡7 años siendo tu Revista Gay Online! - Información, Entretenimiento y Más. Todo lo que nos interesa saber del ambiente.",107447,99090,537,2839,0,161463,0,0,0,299945621,1,bot,1.0843366198746607,0.01758906010008423,1.5027175936266846,120,6,1,0.16666666666666666,10,1,0
242618658,AppSame,AppSame,"CA, TX ",A Conservative Political Marketing Firm helping to bring America back to its greatness https://t.co/cAiiMFlAQd,354410,208859,1381,212752,0,323597,0,0,0,242618658,1,bot,1.6968830795748349,0.6574608001285546,0.9130585675952496,110,7,0,0.0,7,1,1
4082696954,xXGirlsTalkBoysXx,Banana_Kawaii13,☪Valle De Godric ☪,"❀No todas las personas somos felices como los demás❀

|Nací Con El Don De Guardarme Todo Lo Que Siento Y Matarme  Lentamente Con Mis Sentimientos|",806,3183,0,751,0,988,0,0,0,4082696954,0,human,0.25345477386934673,0.7603640040444893,1.2255266418835191,146,15,2,0.13333333333333333,17,1,0
17838453,Promotions-Marketing,abdo4,"Toronto, Ontario","My YouTube Channel
https://t.co/UNZHY9xcvm

Social Media & Video Promotions https://t.co/31yVUOcsFy",39817,29167,44,2887,0,10056,0,0,0,17838453,1,bot,1.3651261656609983,0.28716316993139107,0.25257421266763774,99,5,1,0.2,20,1,0
592981251,أ. د. أحمد الباتلي,DrAhmadAlbatli,السعودية - الرياض,أستاذ السنة وعلومها بكلية أصول الدين - جامعة الإمام، صفحة الفيسبوك https://t.co/wSB4nGtZM4,136464,73,386,47,1,63229,0,1,0,592981251,1,bot,1844.1216216216217,0.000759133322789815,0.4633422489282966,90,14,0,0.0,18,4,0
538949379,1TVNewsAF,1TVNewsAF,AFGHANISTAN,"1TV is a leading news and entertainment television station in Afghanistan. 1TV prides itself on rapid, objective, and factual reporting.",309255,52,339,142,1,80146,0,0,0,538949379,1,bot,5835.018867924528,0.0017842214930066003,0.25916069534625036,136,9,1,0.1111111111111111,9,1,1
178045174,Laura Ubfal,laubfal,,,970786,1940,1427,460,0,115423,0,0,0,178045174,1,bot,500.1478619268418,0.003993970058220128,0.11889734823395863,0,7,0,0.0,11,2,0
1196559378,Born to Workout,BornToWorkout,"New Castle, Delaware",Hi. My name is James Gold. I'm a Fitness trainer @ Born to Workout. My goal is to inspire and motivate you to live a better life.,0,0,0,55429,0,55520,0,1,0,1196559378,1,bot,1.0,0.9983609805298896,55521.0,129,13,0,0.0,15,3,0
178118507,αℓαнм∂ι  (؏),Abdullatif_9,الأهلي & برشلونة,سبحان الله وبحمده سبحان الله العظيم,95530,17803,37,21,0,67469,0,0,0,178118507,1,bot,5.365704336104246,0.0003260708463020602,0.7062628884864599,35,12,1,0.08333333333333333,12,2,0
544655767,Azza El-Garf,AzzaElGarf,,‏‏‏الحساب الرسمي للنائبة عزة الجرف عضو برلمان الثورة حزب الحرية والعدالة وعضو الجمعية التأسيسية لصياغة دستور الثورة - 2012- كاتبة صحفية - النصر صبر ساعة,247509,173,413,23165,1,15952,0,0,0,544655767,0,human,1422.471264367816,1.4521406631981446,0.06445396145610278,152,10,0,0.0,12,2,0
815647194,Fakhrul Rozi,10Rozzi_,Banda Aceh,"JANGAN PERNAH TANYAKAN SAYA SEJAK KAPAN SAYA MENCINTAI AC MILAN, TAPI TANYAKAN SAYA SAMPAI KAPAN KESETIAAN SAYA UNTUK MILAN..!!!!!! Milan per sempre nel coure:)",1112,679,5,113,0,31543,0,0,0,815647194,0,human,1.636764705882353,0.003613999492772001,28.341419586702607,160,8,2,0.25,12,2,0
123580195,Lulu Santos,LuluSantos,"Rio de Janeiro, Brasil","Equinócio e Solstício , Leste, Oeste, Norte ou Sul , eu me chamo Luiz Mauricio, mais conhecido como Lulu ⚜️🔱",1531439,609,484,7637,1,13235,0,0,0,123580195,0,human,2510.55737704918,0.5770625566636446,0.00864284594891083,108,10,0,0.0,11,2,0
213240534,知ってたようで知らなかったこと,kanntigai_1,,100%フォロー返します。,834,1624,17,0,0,142379,0,1,1,213240534,1,bot,0.5138461538461538,7.0234583508919796e-06,170.51497005988023,13,11,1,0.09090909090909091,15,1,0
1293031512,خــــجـــل العتيبي¹ᴹ,__5jll__,الحجاز ,وقد تظن أنكَ مهزوم ، ثُم يأتيك لُطفُ الله ⠀⠀⠀⠀⠀⠀⠀⠀⠀⠀⠀ ⠀⠀⠀⠀⠀⠀⠀⠀⠀⠀⠀⠀ ⠀⠀⠀⠀⠀⠀⠀⠀⠀⠀⠀⠀⠀⠀ ⠀⠀⠀⠀⠀⠀⠀⠀⠀⠀⠀⠀⠀ ⠀⠀⠀⠀⠀⠀⠀⠀⠀⠀⠀⠀⠀ ⠀⠀⠀⠀⠀⠀⠀⠀⠀⠀⠀⠀⠀⠀⠀⠀⠀⠀⠀⠀⠀⠀⠀⠀⠀⠀⠀⠀⠀,924037,747236,895,813,0,25818,0,1,0,1293031512,0,human,1.2366063243656296,0.0315271699136295,0.027941491583679458,139,8,1,0.125,20,2,0
918372090,Hermaine M,HermaineM,South Africa,"#DEKADE EP OUT now on iTunes & other digital stores : https://t.co/wp5jlnQbYC


Bookings : bookings@agcrafts.co.za | PR : pr@agcrafts.co.za",362642,18994,546,8842,0,29763,0,1,0,918372090,0,human,19.091497762569098,0.2971038838865744,0.08207520895205478,139,9,0,0.0,10,2,0
73954053,chocquibtown,chocquibtown,"Chocó, Colombia","🔰Chocó, Colombia - South A ✌🏾️Agrupación nominada y ganadora de Grammy Lat 🖊Booking roadmanagerCQT@laindustriainc com 📱+57 317 3677658",1095072,753,1707,17986,1,17001,0,0,0,73954053,0,human,1452.3514588859416,1.0579343606634513,0.01552590557889748,134,12,0,0.0,12,1,1
22610091,Би-2,b2band,"Russia, Moscow","«Горизонт событий»: 
iTunes: https://t.co/ezkItcolCh
Google Play: https://t.co/tMlMb5vJIM",1212688,5089,648,446,1,6175,0,0,0,22610091,0,human,238.2493123772102,0.07237694300518134,0.005092814398415422,89,6,1,0.16666666666666666,4,1,0
579380239,معلومات وخواطر,Information__1,,ففي أي شيءٍ تذهبُ النفسُ حسرة ً⚜️ وَقَدْ قَسَمَ الرَّحْمَنُ رِزْقَ الْخَلاَئِقِ,62876,69434,246,4,0,96296,0,1,0,579380239,1,bot,0.9055519550658889,5.19226974879799e-05,1.5315139081063027,79,14,1,0.07142857142857142,14,2,0
226040501,JA$ON DOLLA$™️ FOLLOW,JASONDOLLAS,DENVER ✈ MIA. ATL. L.A. NYC.,https://t.co/PbFPLxsGw6,92534,7707,101,2870,0,5003,0,0,0,226040501,0,human,12.005059678256357,0.5737410071942446,0.05407683579186254,23,11,0,0.0,21,3,0
1596661453,Cash,CashNastyGaming,The Trap,Do not take life so seriously. You won't get out of it alive. #2Hype https://t.co/P1jHTiDCnM For business inquiries: cashandashbusiness@gmail.com,934796,1471,505,9552,1,59108,0,0,0,1596661453,0,human,635.0523097826087,0.1616166742797205,0.0632319102436144,145,15,0,0.0,4,1,0
32626186,Cheryl Abla🦋,cherylabla,Colorado,Wife | Mom | Life-Long Learner | Consultant | Passionate about helping Educators | Instructional Technology | #McRELchat co-moderator | Co-Author of #Tools4CITW,4223,3956,201,15420,0,10384,0,0,0,32626186,0,human,1.067475360121304,1.4849301877708232,2.4585700757575757,160,10,0,0.0,12,2,0
88950376,Alberto RUY-SÁNCHEZ,AlbertoRuy,En placentero desplazamiento,Novelista y poeta: trato de escribir ritualmente mis asombros. Ensayista y editor: trato también de sumar al placer de contemplar el placer de comprender.,107129,1167,1276,66986,1,43832,0,0,0,88950376,0,human,91.7208904109589,1.5282321538566834,0.40915709885186224,154,10,0,0.0,19,2,0
1405381086,best coupons,bestcoupons_pro,ALL WORLD,"купоны, купоны бесплатно, скидки, акции, выгодно =)",779,490,6,0,0,289981,0,1,0,1405381086,1,bot,1.5885947046843176,3.4484899062700444e-06,371.7717948717949,51,15,0,0.0,12,2,0
2740307758,topicsnews,topicsnews,baltimore ,📸🔌,19,131,1,106,0,8,0,1,0,2740307758,1,bot,0.15151515151515152,11.88888888888889,0.45,2,10,0,0.0,10,1,1
1342207069,*********,btaaal444,,ا,96661,101216,81,2328,0,60305,0,1,0,1342207069,1,bot,0.954997678255629,0.038619706165224026,0.623885291014049,1,9,3,0.3333333333333333,9,1,0
31090827,20minutos.es,20m,Spain,"Cuenta oficial de 20minutos, el medio social y ciudadano. Información, análisis y contacto personal con los lectores las 24 horas del día http://t.co/W3CI8vms",1354991,51117,14092,2718,1,270994,0,0,0,31090827,1,bot,26.50714034195391,0.010033395450100555,0.19999749076009304,158,3,2,0.6666666666666666,12,1,0
52544027,JÚNIOR COLET,JCOLET,"Marau, Brasil",#Gremio #BorussiaDortmund #Followback,105580,114831,39,3119,0,54834,0,0,0,52544027,1,bot,0.9194388323812178,0.05689796662715419,0.519364279557875,37,6,0,0.0,12,2,0
1036461709,Faturrahman Vikri,CeritaHitam,Indonesia,#nothingspecial,873,744,53,11,0,451194,0,0,0,1036461709,1,bot,1.1731543624161074,2.6596039406465054e-05,516.241418764302,15,11,0,0.0,17,2,0
33705457,Insta: FelipeSolari,felipesolari,"São Paulo, Brasil",Comunicador - Esporte e Entretenimento || Aquele que era da Mtv || TV Host and FilmMaker,912073,1357,4325,3578,1,32292,0,0,0,33705457,0,human,671.6303387334315,0.1108289722230824,0.03540611836320299,88,12,0,0.0,19,2,0
28706024,P!nk,Pink,los angeles,it's all happening,31939855,456,64527,532,1,7155,0,0,0,28706024,0,human,69890.27571115973,0.07448295136948016,0.00022404609463486623,18,4,0,0.0,4,1,0
166026159,Flavio Mendoza,flaviomendoza,,"Bailarín, coreógrafo y director artístico argentino. Seguime tambien en @siddhartateatro y https://t.co/ixfrlBLLE2",1011749,542,1139,1484,1,43099,0,0,0,166026159,0,human,1863.2596685082874,0.03445475638051044,0.04259945638744749,114,13,0,0.0,14,2,0
52558480,El Malpensante,malpensante,"Bogotá, Colombia","Revista literaria colombiana. Hablamos bien, pensamos mal.  #lecturasparadojicas 🌶️",1147655,1474,3867,3124,1,23755,0,0,0,52558480,1,bot,778.0718644067797,0.13154571476679575,0.020699582453278683,83,11,0,0.0,14,2,0
44908912,Cinemax,Cinemax,,Follow @Cinemax for thrilling movies and exciting original series. #StrikeBack returns January 25 at 10PM.,102342,1285,846,2000,1,18604,0,0,0,44908912,1,bot,79.58242612752721,0.10755173340499866,0.18179064518335403,106,7,0,0.0,7,1,1
46982118,Caterina 💚,caterinack,"Buenos Aires, Arg.",Chilenaitalovenezolanargentina. Pearl Jam/música. Federer/tenis. Politics. Boludeces varias,1718,1695,30,46162,0,84855,0,0,0,46982118,0,human,1.013561320754717,0.5440157443197888,49.36358347876673,91,10,0,0.0,10,2,0
373024213,Vik,iBlali,"Köln, Deutschland","Twitch: https://t.co/8JtwBPnHdi, Youtube: https://t.co/nK8gxOf3CY, E-Mail: aliproductions@hotmail.de",1467540,300,514,9864,1,15057,0,0,0,373024213,0,human,4875.551495016612,0.6551334838623988,0.010260701404594489,100,6,0,0.0,3,1,0
26239116,Iceland Foods ❄️,IcelandFoods,In a UK town near you,"Hello! Welcome to the Iceland Foods Twitter Page, follow us for our latest offers, products, competitions, customer care & more. Discover the #PowerofFrozen",164278,2432,498,22309,1,80003,0,0,0,26239116,1,bot,67.52116728318948,0.27886105694715263,0.4870007730750735,156,12,0,0.0,16,3,0
1499232864,‏﮼عبدالله🇸🇦,2014Abdallh,لكل شي نهاية سنرحل يوماً ما,ليتني أملك السعاده...كى أضعها في تلك القلوب التي أراها تتألم”,123128,122775,74,6005,0,211676,0,1,0,1499232864,1,bot,1.002875154753372,0.02837341799061778,1.7191482104134688,61,11,4,0.36363636363636365,11,1,0
731587116,ANGEL,AngelCantu20,"Kingsville, TX. ",NO MORE ORDINARY LIFESTYLE #FULLSEND,1254,926,6,9649,0,27207,0,1,0,731587116,0,human,1.3538295577130528,0.3546750955601294,21.6796812749004,36,12,2,0.16666666666666666,5,1,0
921426764,Victoria,inthefrow,London,"Fashion, beauty, travel blogger, author of #TheNewFashionRules, Glamour columnist with a PhD https://t.co/tHTjX2mKqG https://t.co/HSoE80zSdt",206564,539,640,64675,1,26869,0,0,0,921426764,1,bot,382.52777777777777,2.4069966505396354,0.1300801200590613,140,9,0,0.0,8,1,0
1033984048056729600,BFM Business,bfmbusiness,,Compte officiel de BFM Business. Canaux TV et fréquences radio sont ici : https://t.co/NmCOdzphe1,9365,56,74,25,1,1365,0,1,0,1033984048056729600,1,bot,164.31578947368422,0.01903367496339678,0.14584667947896648,97,11,0,0.0,12,2,0
66926876,Greeneration.org,greenerationid,INDONESIA,#ResponsibleJanuary | Greeneration Foundation| a sustainable organization that help the world to achieve green attitude & green environment | +62-22-2046-3529 |,197479,1511,252,263,0,34129,0,0,0,66926876,0,human,130.60846560846562,0.007735130383826546,0.1728276281142394,160,14,0,0.0,16,1,0
567373425,مطبخ حواء,hawacook,السعودية,اكسبي قلب زوجك واتقني الطبخ ويمكنك ذلك بشراء كتاب #مطبخ #حواء افضل واسهل #كتب الطبخ بشهادة الكثيرات تجدينه في مكتبة #جرير #اطباق #طبخات #حلويات #كيك #س #ا #ب #ت,103351,10,178,564,0,69055,0,0,0,567373425,1,bot,9395.636363636364,0.008181765523632993,0.6681631705240344,160,8,0,0.0,9,2,0
45406850,Jimmy Wong,jfwong,LA,"Actor, Host, & Filmmaker; Ling in Mulan, Ted from @VGHS; Din in Wish Dragon; Chef @FeastOfFiction; Magic Podcast @commandcast Jimmy Wong",138533,1942,719,49544,1,63033,0,0,0,45406850,1,bot,71.29902213072569,0.7860043785893327,0.45500743499790663,136,6,0,0.0,10,2,0
203145074,Claro El Salvador,claroelsalvador,,La compañía de telefonía celular más grande de El Salvador. Nuestros horarios de servicio al cliente son: Lunes a domingo son de: 8:00 a.m. a 10:00 p.m.,117564,43968,157,414,1,136194,0,0,0,203145074,1,bot,2.673815642839273,0.003047101582290099,1.1584655297069706,152,15,0,0.0,17,3,0
1944025602,Maria De Filippy,defilippi_m,Generalmente su un gradino,Per la maggior parte del tempo traduco i tuoi pensieri in italiano e siedo sul mio @scalinodimaria di #UominieDonne. È naturalmente un fake; o forse no?,222065,16,132,10538,0,31553,0,1,0,1944025602,0,human,13062.70588235294,0.333998859098688,0.1420928913025857,152,11,0,0.0,16,3,0
2172327199,15.2cm単装砲（たんそーちゃん）,6in_gun_single,ブイン基地,艦これの15.2cm単装砲の非公式なりきり？アカウントです。「提督、こんな私でも使っていただけますか？」 アイコンは寺田しれー @mell_pp 、ヘッダは喜栄座しれー @kieyza にいただきました！,1269,1204,55,84403,0,201164,0,0,0,2172327199,1,bot,1.053941908713693,0.4195759699748962,158.39763779527559,102,14,1,0.07142857142857142,18,1,0
2490828194,CHiCO オフィシャル,CHiCOxxx_tweet,ゲームとアニメとマンガと美味しいものが好き,CHiCO with HoneyWorks=ボーカルCHiCOとクリエイターチームHoneyWorksのコラボユニット★3月16・17日初のアリーナワンマン2days決定！★10枚目の両A面コラボシングル「ミスター・ダーリン／ギミギミコール」発売中★ニコラジパーク火曜日はユゲチコ！,198804,257,1347,4802,0,14891,0,0,0,2490828194,0,human,770.562015503876,0.322522159548751,0.07490757274716431,141,14,0,0.0,12,2,0
378743736,بدر العتيبي,Al_otaibiq8,"Cannes, France",🇬🇧 باحث ماجستير .⚖/Snap/ baderal_otaibi,80970,11675,32,79,0,17169,0,1,0,378743736,0,human,6.934823569715656,0.004659289458357601,0.21205122821750996,39,11,1,0.09090909090909091,11,2,0
701815436,Prasetyo New Real,SETYO_OFFICIAL,Kota Pekalongan,Real account Prasetyo New Real,589,39,15,330,0,282640,0,0,0,701815436,1,bot,14.75,0.001171096903846222,479.05254237288136,30,14,0,0.0,17,3,0
2557928030,أديـب.,__489_,,"""عندما تهبّ العاصفـة على حقل صبّـار، من يتألم أولاً؟""",580960,465,1201,4774,0,10640,0,1,0,2557928030,0,human,1246.6974248927038,0.44873602105065313,0.018316203669437363,53,6,3,0.5,6,1,0
1029820639,Ca,Caamiiluchis,,19. // Boca Juniors❣,892,614,1,8401,0,70840,0,0,0,1029820639,0,human,1.4520325203252034,0.11860363348908118,79.32922732362822,20,12,0,0.0,2,1,0
1574012922,Alex,incorrectIy,,,59121,18761,141,5256,0,7950,0,0,0,1574012922,0,human,3.1511565931137406,0.6611746950069174,0.13448462501268563,0,11,0,0.0,4,1,0
222860091,Alicia Poliana,aliciapoliana,"Lajeado, Brasil","https://t.co/Gfepi6w2Hh 


 


























Sport Club Internacional 🇵🇪",1129,707,2,3506,0,59912,0,0,0,222860091,0,human,1.5960451977401129,0.05853487556957589,53.02035398230088,82,13,0,0.0,14,2,0
105554581,おおいしやすし,skinnyape,東中野＞新座＞名古屋＞船橋＞府中＞名古屋市千種区,だから建築は一度やったらやめられない。,968,274,48,28577,0,45893,0,0,0,105554581,0,human,3.5236363636363635,0.6226957772257812,47.362229102167184,19,9,0,0.0,7,1,0
387435166,DJ,Blackmon_20,"Las Vegas, NV",B.S in Civil Engineering 🏗 | Travel Fanatic ✈️ | Fitness 🏋🏾‍♂️| Goal Achiever 📈| IG: the_body_engineer94 📸,1170,568,11,10569,0,26576,0,1,0,387435166,0,human,2.0579964850615116,0.3977123076344207,22.69598633646456,106,11,2,0.18181818181818182,2,1,0
71783170,MarocTopNews,MarocTopNews,Royaume du Maroc,Maroc,1701884,18377,987,3877,0,6673,0,0,0,71783170,0,human,92.60447273914463,0.581060833083608,0.003921534063699956,5,12,0,0.0,12,1,1
3289240398,みりん☁︎,aqua9donkur,姫路,音ゲー引退気味の音ゲーマー。色んなゲームやってます(最近やれてない) 歌い手とかyoutubeも好きです。永遠のくも推し☁︎  ライバルズ→キスケGAME所属,994,505,5,2687,0,14425,0,1,0,3289240398,0,human,1.966403162055336,0.18633023707195343,14.498492462311559,79,11,1,0.09090909090909091,5,1,0
821215184660393986,Steve Miller,indignadosvene2,,I'm into travel and photography...sometimes both at the same time.,52,17,1,17,0,14,0,1,0,821215184660393986,1,bot,2.9444444444444446,1.2,0.2830188679245283,66,15,1,0.06666666666666667,12,2,0
1592747288,Nikita S. Kothari,nikitaskothari,Mumbai,"Homeopath,Simple gal,Luv SRK,VIRATKOHLI & SAINA a lot :-)
Inspirated by VIRAT & SAINA immensely.. :-D
#SainaSquad Member.
Admin of @viratliciousFC #ViratKiToli",1497,460,27,6938,0,29906,0,0,0,1592747288,0,human,3.2494577006507592,0.23201925970508577,19.964619492656876,159,14,0,0.0,17,3,0
90635543,christine Boutinن,christineboutin,"Paris, France","Ancien Ministre, President d'honneur du PCD (Parti Chrétien Democrate) contre fusion 78/92. Je bloque les insultes. Soutien #GiletsJaunes",93752,2069,1425,6925,1,47535,0,0,0,90635543,0,human,45.291304347826085,0.1457001009761023,0.5070344415645366,137,15,0,0.0,17,2,0
1608220916,دلع🍹ℳ.1,_5l5_,,"‏‏‏‏‏‏‏‏‏‏‏‏‏‏‏‏‏‏‏‏‏‏‏‏‏‏‏‏‏‏‏‏‏‏‏‏‏سأكون النبضه المبعثره لحواسك بفوضويه لذيذه♡


















@Ojf__‎❤",1429881,1250468,1529,8,0,4048,0,1,0,1608220916,0,human,1.1434765675918395,0.002222771054581378,0.002831702196405018,107,5,2,0.4,7,1,0
148326667,松尾大生,Hitorimatsuo,札幌市  円山裏山道,1964年 札幌 生まれ 54歳　アートプロデューサー　マネジメントコンサルタント　札幌市民芸術祭大賞受賞 　大学教師等を歴任 　新聞雑誌等に執筆　芸術系現場主義！札幌ドラッカー研究会、札幌アンチエイジング倶楽部、主幹　ライティング、ミュージックを愛し演じる　18０センチ。69キロ。アル中,92284,104675,1201,593,0,222094,0,0,0,148326667,1,bot,0.8816252053956972,0.0026745311690943067,2.4066207942785933,145,12,0,0.0,4,1,0
460279825,J,Jirkko,,Snap : Jirkko,77712,10739,72,7299,0,27014,0,0,0,460279825,0,human,7.235847299813781,0.2702202480103646,0.3476252364469265,13,6,0,0.0,1,1,0
2203975074,Karen Cunningham,CakeCunningham,Troy NY,I'm 35 & I have 3 Kidz. I have an Associates in Criminal Justice & an Associates in Business Administration: Currently Attending Bryant & Stratton College.,987,908,68,85837,0,37843,0,0,0,2203975074,0,human,1.0869086908690868,2.268206320684917,38.30364372469636,155,14,0,0.0,16,2,0
47070156,borsagundem,borsagundem,Turkiye,"Türkiye’nin en çok takip edilen borsa haber sitesi. Anlık borsa verileri, canlı hisse takibi, kulis haberleri ve borsa gündemine dair her şey.",105051,16,451,17,0,234561,0,0,0,47070156,1,bot,6179.529411764706,7.673877269122876e-05,2.232818032974146,142,11,0,0.0,11,1,1
321000402,الأهلي أولاً,ALAHLI_SC,"Jeddah, Kingdom of Saudi Arabia",#الملكي #قلعة_الكؤوس #سفير_الوطن #الاسود,136918,1474,292,1258,0,105334,0,0,0,321000402,1,bot,92.8264406779661,0.01195234252622585,0.7693234686201331,40,9,0,0.0,12,2,0
96738962,ArabNet عرب نت,ArabNetME,Middle East & North Africa,The hub for digital professionals & entrepreneurs to connect & learn | ملتقى محترفي القطاع الرقمي وروّاد الأعمال,167574,2815,1057,5357,1,22142,0,0,0,96738962,0,human,59.50816761363637,0.24197263243462946,0.13213784872445175,112,9,0,0.0,14,3,0
6017542,Breaking News,BreakingNews,"NYC, LA, London",,9286073,549,89023,6,1,102220,0,0,0,6017542,1,bot,16883.77090909091,6.847907964116963e-05,0.01100798895205875,0,12,0,0.0,13,2,0
1651619426,brenda💫,BrenUnrein,"Santa Fe, Argentina",hagas lo que hagas quitate las bragas | nací perra porque gatas ya había muchas,1060,554,7,17609,0,36086,0,0,0,1651619426,0,human,1.9117117117117117,0.48798736387064595,34.01225259189444,79,10,0,0.0,7,1,0
180848288,キュー子（ろbot）@1/25崩壊天使アストレイア発売ですし,DigitalCuko,DigitalCute,えろいゲームを作ってるDigitalCuteのマスコット。絶対にアンドロイドなのですし。お知らせの他はろbot状態でお話ししますです。※皆さんのお話を学習します。・ニュースだけ@DigitalCuteNews・わたしのことhttp://t.co/sGqwtoQg・ろぐhttp://t.co/4GxxVsL3,83471,83902,3326,34319,0,1058850,0,0,0,180848288,1,bot,0.9948631157407959,0.03241249240922472,12.68510398696569,154,11,0,0.0,30,1,0
415781653,dietaquemagrasa,dietaquemagrasa,,"Aprende a Eliminar Grasa Comiendo los Alimentos Adecuados.
Por ser mi seguidor te regalo este Ebook
http://t.co/3ad12ImC",95212,14708,276,30,0,69154,0,0,0,415781653,1,bot,6.473111700319532,0.00044826838261875497,0.7263188850262045,122,15,0,0.0,15,1,1
21037096,CTV Calgary,CTVCalgary,"Calgary, Alberta, Canada","Calgary’s best source for local, breaking news & weather + headlines from across Canada & around the world. Send your news tips to Calgarynews@bellmedia.ca",164333,536,1494,871,1,128133,0,0,0,21037096,1,bot,306.0223463687151,0.006805375622395305,0.7797169179841056,155,10,0,0.0,11,2,0
17889250,Andrew Giambarba,andymiami,"Miami, FL","Passionate about helping businesses manage risk. Fan of great food, Specialty Coffee, innovative & inspirational people in the 305 and beyond.",1186,2317,51,6092,0,7453,0,0,0,17889250,0,human,0.5120793787748059,0.8174134692782399,6.279696714406065,142,9,0,0.0,16,2,0
2449235599,ひしょーたん,0ts__,ミシシッピ川の端の方,,27559,33,2,2873,0,13037,0,1,0,2449235599,1,bot,810.5882352941177,0.2204325816843074,0.47307692307692306,0,5,1,0.2,6,1,0
391639417,ClimaCordoba,ClimaCordoba,"Córdoba, Argentina","Datos del tiempo de la Ciudad de Córdoba, Argentina. Datos proporcionados por Foreca.",108000,85825,176,259,0,99925,0,0,0,391639417,1,bot,1.2583715890289655,0.0026019254248143627,0.9252321737761687,85,12,0,0.0,12,1,1
34895713,IIHF,IIHFHockey,"Zurich, Switzerland",Welcome to the official Twitter account of the International Ice Hockey Federation. For live scores from our events also follow @IIHFScores.,146591,384,1691,683,1,21830,0,0,0,34895713,1,bot,380.7584415584416,0.031331592689295036,0.1489235428945645,140,10,0,0.0,4,1,0
481594107,LauraLV,Artemisa0209,La Molina,"Contador público, demócrata por decisión, anti caviar, anti izquierda, anti webera y sus defensores, mamá a tiempo completo.",3087,1043,13,103151,0,88770,0,1,0,481594107,0,human,2.9578544061302683,1.1620011039641325,28.747085492227978,124,12,4,0.3333333333333333,7,1,0
3273557347,じわるオイル。@マスペ,5atzj5v2n9fBcHW,さよなら片思い。おかえり愛してくれる人。,趣味で絵を描いてる者です。ワラサー団るぅと班 UFOと炎上します。ｱｲｺﾝ/ﾍｯﾀﾞｰ【@UFO12041204】安定の相棒【@A__ma_te_ra_su】アマテラス専用絵師やってます。人生9割はネタで生きてます。,484,72,3,3184,0,7771,0,1,0,3273557347,0,human,6.6438356164383565,0.4098044261451364,16.024742268041237,108,15,4,0.26666666666666666,11,1,0
2209583375,TS,TheKid_TS2,Dorm Room,"Never changed up, I just leveled up | Seton Hall University '21 | #HallIn | IG: @thekid_ts2 | Sports Account: @TStokesII_SHU",1370,1113,9,16993,0,81690,0,0,0,2209583375,1,bot,1.2307001795332135,0.20802781212128632,59.584974471188914,124,10,1,0.1,2,1,0
36958020,Kitti  Singhapat,Kitti3Miti,"ÜT: 13.749229,100.553326","Reporter,I host 3mitinews on TV3, 22:45-23:15,.LFC.
Instagram@kitti3miti. RTs are not automatically approvals.",1655466,815,2539,570,0,37757,0,1,0,36958020,1,bot,2028.7585784313726,0.015122623020287091,0.022808065639484208,111,10,1,0.1,16,2,0
181376957,Abo Zainab,Abozainab939,khorfakan,مظلوميتنا عبر الأزمان فاقت كل كلام…عزاؤنا دائم حتى ظهور القائم/ #موسى_شهيد #غُـرَبـاء_التُــرَاب #لبيگ_مـٓا_بقينـا /هكذا هي حياتنا:سفر فغربة ثم تربه/Visca Barça,24031,464,15,7396,0,46712,0,0,0,181376957,0,human,51.681720430107525,0.1583499240040246,1.9437832889480693,160,12,3,0.25,10,2,0
1901949198,Albur,albur1948,,"DOMINICANO, médico, escogidista , libre pensador. (RT no implica aprobaciòn)",2469,339,18,1712,0,192902,0,0,0,1901949198,1,bot,7.264705882352941,0.008880110729226606,78.09838056680162,76,9,4,0.4444444444444444,5,1,0
523495375,ككِبريآٳء,_2485586347482,"جدة, المملكة العربية السعودية",‏- ﻟا تقارني بِ أححَد فأنَا لم أخلَق حتى اككون نسخَه من شَخص💭🎵,935,554,1,41,0,3567,0,1,0,523495375,0,human,1.6864864864864866,0.011771300448430493,3.8119658119658117,62,14,13,0.9285714285714286,9,1,0
139954867,AKHTYSSD,AKHTYSSD,考え方による,手広くやりたい。,953,1683,24,16,0,44528,0,1,0,139954867,1,bot,0.5665083135391924,0.00038177367558220484,46.67610062893082,8,8,0,0.0,8,1,1
3949481069,brynn,animperialmarch,,stupid bitch hours are 24/7,2253,95,157,109644,0,25241,0,1,0,3949481069,0,human,23.479166666666668,4.3437524760320105,11.198757763975156,27,15,0,0.0,5,1,0
200077738,エアリス（Manual Blacｋ ）,aerith_bot_,ミッドガル５番街スラム,アイシクルロッジ出身ミッドガル5番街スラムに住む花売り古代種、スラム花売りだからお店なくてもへっちゃら だよ、FF7エアリス非公式botだよ。手動な時あっても、いい、よね？？@FF_Reno_bot とFF以外のネタもコントしてる、かなｗ  ついったーってむずかしいねｗ,921,754,52,57,0,606838,0,0,0,200077738,1,bot,1.2211920529801326,9.557724536491557e-05,658.1767895878525,135,11,0,0.0,19,3,0
2727609826,Christine Conley,cconley723,"buffalo,N.Y.",have been a huge Glambert fan of Adam lambert ever since 2009/10!!! and many years to come in the near future!!! I have all of his albums!!! and TOH!!! 47 yr,1615,3957,15,65176,0,10272,0,1,0,2727609826,0,human,0.40828701364325415,6.344495278886401,6.357054455445544,157,10,3,0.3,16,2,0
111275676,Carlos Latre,Carlos_Latre,,El hombre de las mil caras,940082,987,2928,10409,1,34428,0,0,0,111275676,0,human,951.501012145749,0.3023613813935926,0.03662336197974009,26,12,0,0.0,12,2,0
900045860,Amarna Miller,AmarnaMiller,"Los Angeles, CA, USA",World Traveler • Activist • Art graduate • Currently living in a van while I travel the US 🇺🇸🇪🇸 amarna@amarnamiller.com https://t.co/Mfz4dU5USE,205494,4915,1387,85367,1,60342,0,0,0,900045860,0,human,41.80126118795769,1.4147125598660988,0.2936470473734154,143,12,0,0.0,13,2,0
927340061997314049,الديربي,alderbecom,,,455,0,0,0,0,2,0,1,0,927340061997314049,0,human,456.0,0.3333333333333333,0.006578947368421052,0,10,0,0.0,7,1,0
34507480,Ariana Grande,ArianaGrande,ǝʌɐ uooɯʎǝuoɥ,"thank u, next",60310698,62225,62694,38421,1,43576,0,0,0,34507480,0,human,969.2202455565198,0.8817036510085595,0.0007225417831751543,13,12,0,0.0,13,2,0
422028358,Amanda Hilby,AmandaHilby,Wisconsin,smile!!!!!!!! ✝,878,351,1,6384,0,3665,0,0,0,422028358,0,human,2.497159090909091,1.7416803055100927,4.170648464163823,15,11,0,0.0,12,2,0
4477044201,blackbullpromote4.7k🤙🤙🔥,blackbullrt,"South Carolina, USA",Im a promoter and fetish model for anyone who need the help proflie and cover pic @bossyassdelilah @diamonddivine0 #WIP my group rt group dm to join,5043,4077,230,56234,0,204793,0,0,0,4477044201,1,bot,1.2368808239333007,0.27459300565446254,40.601506740682,148,11,0,0.0,23,1,0
2258714606,Pz Blue,Bluex,ATL,From the Wilderness,2182,316,18,11598,0,31157,0,0,0,2258714606,0,human,6.886435331230284,0.3722639450542397,14.273018781493358,19,5,0,0.0,7,2,0
37494271,Buenos Aires Ciudad,gcba,"Buenos Aires, Argentina",Twitter oficial del Gobierno de la Ciudad Autónoma de Buenos Aires,1858994,114,2490,1,1,16199,0,0,0,37494271,0,human,16165.173913043478,0.0001234567901234568,0.008714385998886496,66,4,0,0.0,19,3,0
55420922,د. نجيب  الرفاعي,DRALREFAE,الكويت,"مدرب و مؤلف في البرمجة العصبية اللغويه   من عام ١٩٩٤
شعاري :  نتعلم .  نتغير .  نتقدم
nlpskill@gmail.comتواصل معي عبر البريد",139512,9,507,5606,0,44985,0,0,0,55420922,0,human,13951.3,0.124638776508247,0.32245023761226554,124,9,0,0.0,16,3,0
2569615681,cam.,acamilamr,"Puerto Ordáz, Bolívar",18a.| Rdam24,938,747,8,1722,0,17957,0,0,0,2569615681,0,human,1.2553475935828877,0.09594609644726584,19.124600638977636,12,9,0,0.0,4,1,0
717268808,زهايمر🇰🇼,Boo77aa,دولة الكويت,‏شخصيه متزمهره نسيان طبع يؤدي للراحه النفسيه بس خلاص #لا انصح النفسيات بمتابعتي,81403,290,44,64,0,36999,0,0,0,717268808,0,human,279.73883161512026,0.0017567567567567568,0.454523119257039,79,7,2,0.2857142857142857,8,1,0
336157900,vanessa Rivas,vanessaMorillo1,venezuela,,1326,1924,0,11,0,4765,0,1,0,336157900,1,bot,0.6893506493506494,0.002517834662190516,3.5915599095704596,0,15,1,0.06666666666666667,13,2,0
456605888,.❁❁   البيـــان  ❁❁.,Al_byaan,,حساب يستحق المتابعه إذاعة النهج الواضح | @AnnahjRadio,93551,19770,74,752,0,17965,0,1,0,456605888,0,human,4.731778868039047,0.04191250139151731,0.19204292799726355,53,8,0,0.0,20,3,0
534026385,anna sofia,annadgaf_,stark's tower at night,"fitzwilliam darcy hath bewitched my body and soul, and i love... love... love him.",953,498,13,26818,0,66680,0,0,0,534026385,0,human,1.911823647294589,0.4021985273166269,69.89622641509433,82,9,0,0.0,10,2,0
2311267801,Rahmat Hidayanto,tamhaRHidayanto,,Hanya manusia biasa http://t.co/JKyj0HJApx,2009,1234,41,0,0,422652,0,1,0,2311267801,1,bot,1.6275303643724697,2.3660071027533223e-06,210.27512437810944,42,15,0,0.0,16,2,0
100629223,ANGUS O'LOUGHLIN,Angus_OL,,// RADIO GUY // MGMT: marina@marinapaul.com,77324,1010,269,29522,1,38730,0,0,0,100629223,0,human,76.48367952522256,0.7622576230926131,0.5008858713223407,43,8,0,0.0,16,2,0
1002309236,Daniela OFFICIALMGWV,danimar2311,Italy -San Marino,"@DjKingAssassin 
#TM1DN #AMS #MUZZIKZONE #TEAMMZBNIKKI #MEL_LILY
My Dear Friends @misnikki72 @aleskavio @LavorattoT",113745,96703,410,141,0,254028,0,0,0,1002309236,1,bot,1.1762284910655196,0.0005589912962693235,2.2333005116663442,115,11,4,0.36363636363636365,20,2,0
11178902,The New York Review of Books,nybooks,New York,‘The premier literary-intellectual magazine in the English language.’,2278335,642,15841,5962,1,12577,0,0,0,11178902,0,human,3543.2908242612752,0.4740817300047702,0.005520695806061968,69,7,0,0.0,28,6,0
1491180668,Cami,CamiBee__,"Houston, TX",,1333,769,12,23585,0,42708,0,0,0,1491180668,0,human,1.7324675324675325,0.5522489405043434,32.015742128935536,0,9,0,0.0,4,1,0
257467708,Sivuyile Black Excellence Mtshabe,tilostyln,Mthatha,come again,2123,641,8,319,0,96429,0,0,0,257467708,1,bot,3.308411214953271,0.0033184693560095405,45.400188323917135,10,9,0,0.0,33,4,0
773465515,6,6sungjai,,CP : @forjaeya,731,199,4,729,0,50050,0,0,0,773465515,0,human,3.66,0.01458512317436215,68.3756830601093,14,8,1,0.125,1,1,0
1548662102,B 🌸💕,brisagirk,"Dallas, TX",,2553,957,17,66421,0,39625,0,0,0,1548662102,0,human,2.6659707724425887,1.676222682077424,15.515270164447925,0,9,0,0.0,4,2,0
223617437,永谷喬夫 Bot,N_Takao_Bot,,椎名君！はじまってますよぉ！あ、すみません。本人ではないです。サーフィスのギタリスト永谷喬夫さんのBotです。アブノーマールな発言、名言、迷言を呟きます。オフィシャルではないので信じるも信じないもアナタの自由。 いきなり辞めるのは僕の自由。 フリーダム！！椎名君真似してごめんね☆,902,976,19,14,0,140937,0,0,0,223617437,1,bot,0.9242579324462641,0.00010642977763271794,156.07751937984497,140,11,0,0.0,8,2,0
2268691220,墓穴の指名者ターン1つけろ協会会長,a28j52t,,ちょっぱーです/金沢大医医5/陸上/400m49.35/400mH54.11/漫画とアニメを少々/にわかYP/MTG初心者/知り合い、大学関係の方はこちら→@a28j52r,945,689,44,61190,0,149617,0,1,0,2268691220,1,bot,1.3710144927536232,0.40898153965431966,158.1585623678647,86,7,4,0.5714285714285714,17,1,0
735613874,Luke,iLukasx100,Birmingham,Search and Discard creator. Retired YouTuber. #AVFC,95034,563,55,8717,0,46164,0,1,0,735613874,1,bot,168.50177304964538,0.18884436261236867,0.48576840111537856,51,10,3,0.3,4,1,0
255425706,IG : @footballs_id,Football_ID,Indonesia,News Indonesia Football | Barometer Sepakbola Indonesia | Semua Bersaudara #SatuIndonesia | Follow @Sports_ID | kerjasama ke kontakindofootball@gmail.com,1198060,38,289,39,0,157131,0,0,0,255425706,1,bot,30719.51282051282,0.0002545630425374844,0.1311552583716522,153,11,0,0.0,18,3,0
373495222,Brad Corey,brad_corey,UK,"British guy who does that YouTube thing, I also like Whales   For all business enquiries contact: TheBradCorey@gmail.com",76712,7498,104,7682,0,31383,0,0,0,373495222,0,human,10.229763968529138,0.2448062707111904,0.4091092774366796,120,10,0,0.0,10,2,0
1249904934,Daniela Caro 🌻,daniela___caro,"Punta Arenas, Chile ",24 años • Futura matrona • Magallánica viviendo en Santiago ⛄️☀️,1192,1006,7,21531,0,63207,0,0,0,1249904934,0,human,1.1847070506454815,0.34065308188836857,52.982397317686505,64,14,0,0.0,14,3,0
2218438975,四則演算bot,bot_sisoku,,４つの数字を使って10になるような数をツイートします。難易度は様々です。自動でリフォローします。,2336,3320,7,0,0,87781,0,1,0,2218438975,1,bot,0.7037037037037037,1.1391857100544531e-05,37.561831407787764,48,10,0,0.0,7,1,0
1079455709320892416,Daam,DamianLoyarte,"Rocha, Uruguay",Música 🎶 café ☕️ y el mar🌊. Satírico por naturaleza. Tengo veinti5 años y nací por parto natural. Me gusta el color verde.,73,15,0,220,0,48,0,1,0,1079455709320892416,0,human,4.625,4.510204081632653,0.6621621621621622,122,13,0,0.0,4,1,0
14790085,CA Technologies,CAinc,"New York, NY",CA Technologies is now a Broadcom company. Follow @Broadcom to stay up to date on company news and products.,124359,16559,1824,13100,1,30331,0,0,0,14790085,0,human,7.509661835748792,0.43192008439931423,0.2439047925377935,108,5,0,0.0,15,2,0
229191436,Caixa,Caixa,Brasil,A vida exige que um banco vá além. Essa é a proposta da Caixa. Conte conosco também no Twitter.,161773,10763,409,409,1,63321,0,0,0,229191436,1,bot,15.029171311780008,0.006474842866618237,0.39142260190141803,95,5,0,0.0,5,1,1
2534800813,Kabar Apdet,kabarapdet,Jakarta,"Akun berita, event, budaya, iklan, dsb.",815,1824,7,8,0,97182,0,1,0,2534800813,1,bot,0.4471232876712329,9.260878960311989e-05,119.0968137254902,39,10,0,0.0,11,2,0
15792031,IHOPKC,ihopkc,"Kansas City, MO",A community partnering in the Great Commission by advancing 24/7 prayer and proclaiming the beauty of Jesus and His glorious return.,125759,310,889,377,0,36725,0,0,0,15792031,1,bot,404.37299035369773,0.01029243587649077,0.2920324427480916,132,6,0,0.0,6,1,1
77920426,Diego Escosteguy,diegoescosteguy,"Rio de Janeiro, Brazil",Jornalista. Contato profissional: diego@mykolab.com. Seja uma fonte: https://t.co/yi5T8lIXRc,233927,1194,1024,371,1,31558,0,0,0,77920426,0,human,195.75564853556486,0.011787445736556925,0.1349090318388564,92,15,0,0.0,16,2,0
158906112,Diego Iglesias,IglesiasDiego,Buenos Aires Argentina,https://t.co/W1zcnqtFZh. Periodista. Conductor de @DiasMetro Sab. de 10 a 13 hs. por @Metro951. Crónicas en @infobae.,126224,2884,603,15105,0,24751,0,0,0,158906112,1,bot,43.752166377816295,0.6102941176470589,0.1960942760942761,117,13,0,0.0,14,2,0
526926393,henny 🥃🤩,chrishaunaxx,In my bag 🎒,she brown like hennessy | sc: chrishaunaxoxo,1966,1788,8,27910,0,107083,0,0,0,526926393,0,human,1.0994969256567915,0.2606458481192335,54.440264361972545,44,12,0,0.0,8,2,0
226646643,We Don’t Deliver Love Notes,ayyo_nik,,just nice with it...,977,779,21,2344,0,63860,0,0,0,226646643,0,human,1.2538461538461538,0.03672037706894662,65.29754601226993,20,8,0,0.0,27,5,0
1433472060,عُمر العمار,3marr_1112,القصيمم . عُنيزهه,سسامحوني اخوتي وذكروني ببب الخير  وللي حاب يتواصل واتس /٠٥٠٠٦٠٣٦٧٨,809,784,0,1159,0,40101,0,1,0,1433472060,1,bot,1.0318471337579618,0.0289262380928632,49.50864197530864,66,10,5,0.5,11,2,0
482622453,د. حيدر اللواتي🇴🇲,DrAl_Lawati,Muscat,اكاديمي وبروفسور ، عميد سابق بجامعة السلطان قابوس، مساحة خاصة اغرد فيها عن الانسانية والوجود والسياسة,533756,160,545,7599,1,38396,0,1,0,482622453,0,human,3315.2608695652175,0.19793213011433186,0.07193722986302756,101,11,0,0.0,17,3,0
20332679,Domus,DomusWeb,Milano,Empowering inspirational thinkers. Since 1928.,211695,1454,2755,2315,0,28621,0,0,0,20332679,1,bot,145.4955326460481,0.08091677730417161,0.13520331040737663,46,8,0,0.0,5,1,0
34676280,Garrett,JoblessGarrett,"Seattle, WA","Main: https://t.co/7ErVBgmeSx | 
Fortnite: https://t.co/1dhxCw1gmV | 
RDR2: https://t.co/6bdAWIMUU0",203050,849,168,40513,1,41915,0,0,0,34676280,0,human,238.8835294117647,0.9665521519228935,0.20643089667127962,99,14,0,0.0,7,1,0
326984697,بسيّم,__bassam,,يقولون نصراوي                                             snap: ibassam48,161122,398,660,296,0,21444,0,0,0,326984697,0,human,403.8170426065163,0.013849382140359058,0.13309707490550698,73,8,0,0.0,5,1,0
382258177,Reloading,ReloadingBR,"Brasil, Brazil, BR","Seu podcast semanal sobre os acontecimentos mais importantes do mundo dos videogames 
https://t.co/bQeciPcA9Z
https://t.co/v1biZq030s https://t.co/RniBhZ1PKC",4392,7,35,808,0,3907,0,1,0,382258177,1,bot,549.125,0.2070112589559877,0.8895970862736171,157,11,0,0.0,9,1,0
1968633367,Çağrı Taner,cagritaner,,İnternette gezerken hoşuna giden komik video ve fotoğrafları paylaşan içinizden birisi.  iletişim;cagritaneriletisim@gmail.com,1809903,290,472,44303,0,22497,0,0,0,1968633367,0,human,6219.601374570447,1.9692417103742554,0.012430493551039172,126,10,0,0.0,11,2,0
55284063,Circuito Éxitos,CircuitoExitos,Venezuela,"Circuito Éxitos... Radio de tendencias que ofrece a sus oyentes “Sonidos en primera fila”. Somos un estilo de vida, lo mejor de todos los mundos.",137438,135,1078,142,0,114093,0,0,0,55284063,1,bot,1010.5808823529412,0.0012533524988167651,0.8301428269996144,145,14,0,0.0,15,2,0
46476526,"Joyce Knudsen, Ph.D. Change Agent",drjoyce_knudsen,Nashville/Worldwide,Award of Excellence for Education/AICI) International Author/The ImageMaker Inc® #DreamTeam teaching Effective Communication Skills #TrueGiversRevolutiion,801517,724805,5563,1817,0,112946,0,0,0,46476526,1,bot,1.1058379759549453,0.01609604504767723,0.14091636120461423,154,15,0,0.0,33,5,0
628267790,Diana,hatuncokiyi,İstanbul / Ataşehir,İletişim hatuncokiyi@hotmail.com,505205,285511,356,41590,0,16855,0,0,0,628267790,0,human,1.7694737874415085,2.4674299952539154,0.03336460770457991,32,11,0,0.0,5,1,0
8963312,おさ/スパム関連は質問前に固定ツイ見て,osapon,"Osaka, JAPAN",ぶろるっくhttps://t.co/J3l4KEBjQy を運営しています。最近は分散SNS https://t.co/n99OcrGA7Q に居ます。お知らせなどはそちらを見てください。,1662,695,102,54796,0,88658,0,0,0,8963312,0,human,2.389367816091954,0.6180647198817943,53.3126879134095,94,6,0,0.0,19,1,0
2225699838,Cami🖤,camiricco,"Rojas, Buenos Aires, Argentina",Instagram: camiricco3,1754,1009,5,47316,0,55835,0,0,0,2225699838,0,human,1.7376237623762376,0.8474281825345655,31.815384615384616,21,9,0,0.0,5,1,0
729101640,Abby💛🌻🐣,AbbyHooven,"San Diego, CA","Orlando, FL ✈️ San Diego, California // US Navy 🇺🇸⚓️💙",855,385,1,20885,0,15432,0,0,0,729101640,0,human,2.2176165803108807,1.353333765308106,18.029205607476637,53,10,0,0.0,7,1,0
2241611899,Pampa💚,AgusBeux,"Colonia, Uruguay","•Estudiante de Derecho• Géminis hasta las 👐🏻 • La vela, un vino y vos 🐷🐽",1123,599,2,7472,0,73373,0,0,0,2241611899,0,human,1.8733333333333333,0.10184806607245073,65.27935943060498,72,8,0,0.0,6,1,0
147020852,Domenica Saporiti,DomeSprt,,God♥                                                IG domesprt,1077637,1010,1582,322,0,19043,0,0,0,147020852,0,human,1065.9129574678536,0.016960722537282084,0.017671982613827648,63,8,0,0.0,17,2,0
859364185,Unguided Sorrow,ChicaCascabel,Ieneka,"Mi vida se resume en mi música.
Si piensas que me vas a conocer por esta mierda, te invito a que te vayas de mi TL.",973,379,32,16642,0,22433,0,0,0,859364185,0,human,2.5631578947368423,0.741865026299367,23.032854209445585,115,13,0,0.0,15,2,0
710772673,Dr. Ender Saraç,haydrendersarac,Istanbul,"Resmi Dr. Ender Saraç Hesabı; Aile Hekimi, Ayurveda, Akupuntur, Estetik Medikal, İş Yeri Hekimliği Uzmanı.",98574,169,141,4291,0,13505,0,0,0,710772673,1,bot,579.8529411764706,0.3177846882866874,0.13701242708597514,106,15,0,0.0,15,3,0
47132215,Alex Campos,CamposAlex,Colombia - Bogotá,facebook/AMIGOSDEALEXCAMPOS canal oficial de youtube/videosalexcampos instagram: camposalex,1125234,351,3568,839,1,10582,0,0,0,47132215,0,human,3196.690340909091,0.07937257866389492,0.009405146480512959,91,10,0,0.0,11,2,0
555862555,Dahi ALDosari,D_bin_M,,الألقاب ليست سوى وسام للحمقى والرجال العظام ليسوا بحاجة لغير اسمهم- الهلال وريال مدريد هما عشقي 💙 .. انستقرام dahialdosari سناب dahialdosari,83031,77394,20,1318,0,6074,0,1,0,555862555,0,human,1.0728341624135926,0.217119341563786,0.07316456306002506,140,7,0,0.0,13,2,0
1048747987,bolaholicID,BolaholicID,Indonesia,UPDATE INFO SEPAKBOLA • Facebook & Instagram: bolaholic.id,63811,281,63,2129,0,54902,0,0,0,1048747987,0,human,226.2836879432624,0.03879569422435932,0.8603867611107628,58,11,0,0.0,11,1,1
348093624,Amanda ۞,araujjo97,Rio de Janeiro,"Se ame ao ponto de não querer o que te faz mal
 Estudante de Marketing
Snap: araujjo97

      29° EAC",947,713,5,12891,0,51464,0,0,0,348093624,0,human,1.3277310924369747,0.2505003400369183,54.287974683544306,101,9,2,0.2222222222222222,8,2,0
14423603,Beats by Dre,beatsbydre,,Music the way Post Malone and Swae Lee intended.,973056,1366,2480,5514,1,27058,0,0,0,14423603,0,human,711.8193123628383,0.20381388817029455,0.027808237338614285,48,10,0,0.0,12,3,0
101772207,Boletín Viajes,BoletinViajes,ÜT:,"Noticias sobre viajes y turismo, aerolineas, lineas de cruceros, hoteles, destinos, paquetes turisticos, consejos para viajeros, ofertas, descuentos.",1313683,397078,3124,128,0,75735,0,0,0,101772207,1,bot,3.308369367304743,0.0017032850955952254,0.05765161180314292,149,13,0,0.0,14,2,0
18538525,Aditi (hot takes 4 koolkidz),awryaditi,"Mumbai, India",a-blah nari|my nephew/intern tweets for me|blessed to be followed by PM(Paneer Mattar)|parody (of herself) acc.|Unrelateable content| tshirts on @thesouledstore,382832,2941,619,29847,1,104825,0,0,0,18538525,0,human,130.1267845003399,0.28473851906969644,0.273816520519391,160,9,0,0.0,28,5,0
196467013,東洋大ｯｨ^^ﾉｼ,youflwmeiflwu,東京 文京区,東洋大学のニュースをツイート / 東洋大OB/OGをＲＴ(リツイート) / 東洋大お得情報などをＲＴ  / 東洋大タグをＲＴ / 東洋大生は相互フォロー(フォローしてくれたらフォローし返します) / 東洋大関係アカウントも相互,777,1244,7,92,0,34703,0,0,0,196467013,1,bot,0.6248995983935743,0.0026798063623789765,44.60668380462725,113,13,0,0.0,11,1,0
950391445,➰ أبومالك .,majed6617,في أرض الله الواسعة. ,‏‏‏‏‏‏‏‏‏‏‏● ‏اللهم إني أسألك الأنس بقربك اللهم دبر لي فأني لا أحسن التدبير .,993,1146,2,14721,0,47540,0,1,0,950391445,1,bot,0.8666085440278989,0.3096695483898109,47.827967806841045,77,9,4,0.4444444444444444,11,3,0
918346674,Story in Pictures,ClassicPict,DM to get tweets removed ,"Conspiracy, Mysteries, Life Hacks, Facts & Truth to change your views about the world • Posts may be controversial. | We do not claim the rights to the pictures",1088241,356,2379,206,0,5146,0,0,0,918346674,0,human,3048.296918767507,0.040217602486885565,0.004729646530826783,160,11,0,0.0,17,3,0
391432644,💛♥️ Hakan Şükür 💛♥️,hakansukur,İstanbul-Sakarya - Türkiye,"""İnsanlara öyle aldatıcı yıllar gelecek ki,yalancılar doğrulanacak,doğru sözler de yalanlanacaktır.Hainlere güvenilecek,güvenilirler de ihanetle suçlanacak""SAV",730622,399,1015,11489,1,24272,0,0,0,391432644,0,human,1826.5575,0.47336546780373256,0.03322233217404872,159,10,0,0.0,19,4,0
252828803,코카-콜라 코리아,CocaCola_Korea,,"한국 코카-콜라(Coca-Cola Korea Company) 공식 기업 트위터입니다. 1886년부터 함께해온 코카-콜라 히스토리부터 매일매일 톡톡튀는 코카-콜라 소식까지, 코코가 발빠르게 전해드립니다! 2012 인터넷 에코 어워드 브랜드 분야 대상 수상
#코카콜라",130219,94421,529,2771,1,454291,0,0,0,252828803,1,bot,1.3791277456524962,0.006101802364998723,3.4886499769620642,147,14,0,0.0,9,2,0
377341555,เนยจะอยู่,BuT39TeR,"Thailand, Surat Thani","always here , อยากกอดเก้าคน , น้องเค้ก , เจนลิซ , #jenrene #minayeon #พิชมดาวิเขมิ .",937,989,7,17565,0,147132,0,0,0,377341555,1,bot,0.9474747474747475,0.11938858040004621,156.8582089552239,84,8,2,0.25,9,1,0
194394147,Eugenia Tobal,eugtobaloficial,,"Eugenia Tobal, Actriz Arg https://t.co/etZ922sorJ No pretendo imitar a l Naturaleza.Intento encontrar los principios q ella emplea.",966860,533,970,15748,1,26669,0,0,0,194394147,0,human,1810.6011235955057,0.5905136857892763,0.027584109815164744,131,15,0,0.0,13,2,0
1288442766,Ariana Grande,iArianaGrande4u,Honeymoon ave.,"Live, Love, Laugh and enjoy each moment of your life. ღ.  ♥Parody Account♥ (Promotion Business/ Content Removal requests contact: publicizing@outlook.com)",203807,171844,162,48,0,156412,0,0,0,1288442766,1,bot,1.1859990107364196,0.00031327319340464027,0.767452700580939,154,15,1,0.06666666666666667,13,2,0
129112241,ビッグバン BIGBANG TV!,BIGBANG5TV,日本 東京都,日本語ツイートも上げます。 たくさんフォローをお願いします We tweet about BIG BANG and their video. It’s BIGBANG TV.,96906,1917,265,99,0,64674,0,0,0,129112241,1,bot,50.52502606882169,0.0015461925009663702,0.667392448429938,87,10,1,0.1,17,3,0
47281118,عبدالرحمن اللاحم,allahim,"Riyadh, Saudi Arabia ",محام و كاتب سعودي ... سنابي (a_allahim) ٠٠٩٦٦١١٤٦٢٢٨٨٨,185352,532,811,474,1,58617,0,0,0,47281118,0,human,347.75422138836774,0.008103312975536524,0.31625061369387064,54,7,0,0.0,16,2,0
1367531,Fox News,FoxNews,U.S.A.,"America’s Strongest Primetime Lineup Anywhere! Follow America's #1 cable news network, delivering you breaking news, insightful analysis, and must-see videos.",18578849,398,65488,0,1,418058,0,0,0,1367531,1,bot,46563.533834586466,2.3920068698437303e-06,0.022501877134483567,158,7,0,0.0,8,2,0
757303975,Chelsea Clinton,ChelseaClinton,"New York, NY","Mom of Charlotte & Aidan, Married to Marc, Advocate, Author, Teacher, @ClintonFdn & @CHAI_health & @HealthierGen, New Yorker",2426157,603,9847,19017,1,12217,0,0,0,757303975,0,human,4016.817880794702,1.5565559011294812,0.005035945721589443,124,14,0,0.0,15,2,0
2976581543,Cisl Lazio,Cisl_Lazio,,,2528,1847,32,2337,0,6409,0,0,0,2976581543,0,human,1.3685064935064934,0.36474258970358814,2.534598655595097,0,10,0,0.0,10,2,0
622143,BBC Wales 🏴󠁧󠁢󠁷󠁬󠁳󠁿,BBCWales,🏴󠁧󠁢󠁷󠁬󠁳󠁿,"The best of the @BBC, #MadeInWales • Cymraeg » @BBCCymruFyw • Corporate » @BBCWalesPress • https://t.co/puHwv08WGk • https://t.co/JCMcDC6eeg",176975,230,1122,10641,1,140632,0,0,0,622143,1,bot,766.1298701298701,0.07567213954050614,0.7946444715667661,140,8,0,0.0,17,3,0
221839043,Melissa,BlazingRoselia,By the Palm trees ,"Aspiring VA, Anime Lover & Gamer If it's just a game at least be brave enough to run towards the guns & die! -Sinon #SwordArtOnlinell boyfriend @dude_mysterious",1678,2294,93,125232,0,162675,0,0,0,221839043,0,human,0.7315904139433551,0.7698308293786422,96.88862418106015,160,14,0,0.0,7,1,0
80424488,c,_amora,SP,"não acho que quem ganhar ou quem perder nem quem ganhar nem perder vai ganhar ou perder vai todo mundo perder


♓️  🏐  🇧🇷",1244,236,22,906,0,102345,0,0,0,80424488,0,human,5.253164556962025,0.00886209524553964,82.20562248995984,121,6,0,0.0,1,1,0
231354142,B.M.G @buddamack,BMGbuddamack,"Oakland, CA","https://t.co/M42oxGLxMq For Booking: Inquiries, Performances or Appearances. CONTACT: admin@baymusikrecords.com",39828,2762,35,10237,0,5290,0,0,0,231354142,0,human,14.415128483532392,1.934983934983935,0.13284290341208668,111,12,0,0.0,16,2,0
73650794,Eat*Sleep*Run,cherly_u_jest,"Florida, USA","Running, coffee, Disney, dogs, kindness, knitting, books, food, travel and sarcasm. Apparently I love running through the summer heat to train for fall races.",1350,1944,175,66355,0,52266,0,0,0,73650794,0,human,0.6946015424164524,1.269558229858228,38.687638786084385,158,13,0,0.0,13,1,0
453510918,Country Words,Country_Words,USA,The original country lyric page! Revolutionizing the way lyrics are viewed in country music... CountryWords@yahoo.com,981705,794,880,735,0,59076,0,1,0,453510918,1,bot,1234.8503144654087,0.012458317111566261,0.06017789440015646,117,13,0,0.0,13,2,0
200570353,Jaime Maussan,jaimemaussan1,,"Periodista investigador desde el 13 de noviembre de 1970

Actual director de @tercermilenio",130470,93,924,380,0,18846,0,1,0,200570353,1,bot,1387.9893617021276,0.020215418899559613,0.14445355672908156,91,13,1,0.07692307692307693,13,2,0
1151660538,Sludge Factory,Barbarasanchezs,Venezuela,,916,454,29,6121,0,49440,0,0,0,1151660538,0,human,2.0153846153846153,0.12382435630347283,53.916030534351144,0,15,0,0.0,14,2,0
362284562,Alex Chance,AlexChancexxx,Sin City,🦄Porn Star🌈 alexchancexxx@gmail.com Spoil: https://t.co/iUotdHb644 https://t.co/TINfNdjcTZ SnapChat: @lovealexchance https://t.co/2X7jxRNK2M,162489,4940,878,47740,1,79636,0,0,0,362284562,0,human,32.88605545436147,0.5994826525358815,0.49010400640039387,140,13,0,0.0,11,2,0
274251944,Cameen,Cameen23,"New England, Brooklyn-NY","New England Music Awards Top five Artist Of The Year Nominee, Hollywood Producer's Choice for Soul Artist of the yr & recipient of a ST.JUDE participation award",48561,16802,56,4425,0,6917,0,0,0,274251944,0,human,2.890079152532286,0.6397802833188783,0.14245706519500845,160,8,2,0.25,6,1,0
2363987964,ali_abuibrahim,ali_abuibrahim,جدة,اذا الإيمان ضاع فلا أمان .. ولا دنيا لمن لم يحيِ دينا,596,441,1,1985,0,27299,0,0,0,2363987964,1,bot,1.3506787330316743,0.07274725274725274,45.7286432160804,53,14,0,0.0,14,1,1
106903512,CASSIANE,CASSIANECANTORA,BRASIL,"Mulher,amiga,filha,esposa de @jairomanhaes ,mãe de Jay ,Caio & Joshua & serva de Deus muito feliz e realizada!! Sou simples como meu Jesus!!",1127741,429,2358,108,1,30737,0,0,0,106903512,0,human,2622.655813953488,0.0035460992907801418,0.027256234138659373,140,15,0,0.0,8,1,0
1697531264,Georges Monfils Official,GeorgesMonfils,"California, USA","Contemporary artist, in NYC as a teen, became immersed in the 'Factory' movement and his self-titled 'Nouveau Pop"" art style was born.",202131,218,95,9390,0,12281,0,0,0,1697531264,0,human,922.9771689497717,0.7646148835694512,0.06076227415748125,134,14,0,0.0,24,3,0
2358642654,動くから塗りにくいww,ugoku_nurie_,,動くから塗りにくい絵の紹介ボット。,653,0,7,0,0,51206,0,1,0,2358642654,1,bot,654.0,1.9528580076942606e-05,78.29816513761467,17,12,0,0.0,11,1,0
5763262,Kara Swisher,karaswisher,San Francisco,Grumpy lady of tech,1280304,1676,14982,43608,1,113418,0,0,0,5763262,0,human,763.4496124031008,0.38449466138830357,0.08858748501333667,19,11,0,0.0,12,2,0
2351661019,Taiwan Agent,Taiwan_Agent,,"taiwan, Taipei, Formosa, East Asia, Taiwanese, KMT, Taichung",982,1723,132,0,0,62829,0,1,0,2351661019,1,bot,0.570185614849188,1.5915963711602737e-05,63.91658189216684,60,12,0,0.0,12,2,0
33612908,AKA,akaworldwide,,https://t.co/PBx6vOAxTt,3626000,7,1688,168,1,1076,0,0,0,33612908,0,human,453250.125,0.15691736304549675,0.00029702142939287663,23,12,0,0.0,3,1,0
31016461,Le Journal de Québec,JdeQuebec,"Québec, Canada","En tout temps, soyez au fait de l’actualité de votre région. Le Journal de Québec, le quotidien numéro 1 à Québec et dans l'Est-du-Québec.",166751,1969,1256,22,1,133717,0,0,0,31016461,1,bot,84.64568527918782,0.0001720037691260713,0.8018974285165995,138,9,0,0.0,20,4,0
2744574160,Rahime Badem,BademRahime,,Üstüm başım yara bere.,393,156,0,1854,0,469,0,1,0,2744574160,0,human,2.5095541401273884,3.9468085106382977,1.1928934010152283,22,11,0,0.0,12,2,0
2826913680,MatiFernandizta14®,carlitrooCC3,,"15 de octubre 2013 le di un beso a Mat14s ❤
11.07, V❤",1155,102,16,9290,0,62904,0,0,0,2826913680,0,human,11.223300970873787,0.14769891105635483,54.41608996539792,53,12,1,0.08333333333333333,18,1,0
47107785,BIGGA RANKIN,BiggaRankin00,FLA/ATL,"A&R (TiG) ThinkitsaGame...#MIXTAPEZ hostin/Event Hostin,intros, call now 770-363-0748 or email Bookbigga@gmail.com",108098,1772,641,100,0,119510,0,0,0,47107785,1,bot,60.96954314720812,0.0008451104919212458,1.1055698942635916,114,13,2,0.15384615384615385,12,2,0
18678924,Jonathan Martin,jmartNYT,"The 703, 202, 504 or on the road","Nat'l Political Correspondent, NY Times. Husband of the incomparable @bfischermartin. Email: https://t.co/YoeNWfXIdo",244232,6805,5326,8512,1,128048,0,0,0,18678924,1,bot,35.88495445195416,0.06648236222071238,0.5242903293166771,116,8,0,0.0,15,2,0
132330417,﷽,IslamicThinking,UK,﷽ If we learn one new thing about our deen everyday we open our minds to a better day :) | Snapchat: Islamic.Snaps | Enquiries: islamicthinking@hotmail.co.uk,1594290,92,3136,352,0,9346,0,0,0,132330417,1,bot,17142.913978494624,0.03776612816946614,0.005862794182492406,157,15,0,0.0,1,1,0
3800348718,AKIO,AKIO3JSB,,感謝の気持ちを忘れずこれからも頑張ります！ 元ゆず2018メンバー。No.1792。 今年の目標は紅白でゆずと2018人の皆さんと一緒にうたエールを全国に届けたい！エキストラに参加などしたりしてます。AAA、TWICE、LDH、ジャニーズ全般、三浦大知が大好き！,2343,3968,11,8154,0,15026,0,1,0,3800348718,0,human,0.5905769715293525,0.5426898249816996,6.410836177474403,131,8,1,0.125,4,1,0
604842260,Laney 🎄,Bballin_Laney42,,Isaiah 41:10 ✞ || { faith over fear } radford university wbb #42 🏀 • find your confidence in Christ •,1218,550,1,7227,0,17346,0,0,0,604842260,0,human,2.2123411978221417,0.41667147057128034,14.230516817063167,101,15,2,0.13333333333333333,7,2,0
2844734828,القايدي,a_s8588,المملكة العربية السعودية جدة,إن كآن حظك مآ فرش لكك وغطآك لآترتجئ من حظ غيرك يغطيكك,120161,139253,68,32,0,22776,0,1,0,2844734828,0,human,0.8628980137015813,0.0014488299600474164,0.18955243754265075,53,7,4,0.5714285714285714,7,1,0
395725333,〽️amanucyy🤞🏾💙,BlaqueeStallion,Jeanerette,,1219,1097,1,459,0,38806,0,0,0,395725333,0,human,1.1111111111111112,0.01185353157935424,31.809016393442622,0,15,0,0.0,13,1,0
2491508162,ル    リ,24TRIBE_3951,日本 北海道,"☀️￤田崎敬浩￤今市隆二￤数原龍友￤小森隼￤☀️ LDHfanさん繋がろう。気軽にﾌｫﾛｰ&ﾘﾌﾟしてね。EXILETRIBEが1番☺︎︎ Love,Dream&Happiness",866,1597,8,9392,0,13320,0,1,0,2491508162,1,bot,0.5425531914893617,0.705127242699497,15.364475201845444,90,12,6,0.5,6,2,0
142980929,C4 Paralympics,C4Paralympics,,Official account for Channel 4's coverage of Paralympic sport.,129242,866,775,5837,1,25449,0,0,0,142980929,0,human,149.06920415224914,0.2293909626719057,0.19691588712734925,62,13,1,0.07692307692307693,14,2,0
276360590,Manu Viale,china_viale,,"ACTRIZ, Geminiana potenciada instagram: @manuvialeok snapchat:chinaviale. @media_pilaok 2017 COMING SOON. Mis perras son todo lo que está bien 🐶🐶",100139,611,119,2931,0,4333,0,0,0,276360590,0,human,163.62745098039215,0.6765113059529303,0.0432794088276413,145,11,0,0.0,10,2,0
804835993,ابــو عــزام الثقفي,abu_azam19,مكة المكرمة,🌴⭕ سبحان الله وبحمده سبحان الله العظيم ⭕🌴🍃🌴عابرُون في هذه الدّنيا سنمضِي يومًا تاركين كل شَيء خلفنا .. ربي اختمْ حياتنا بعمل صَالح نلقاك بِه🌴,104922,104391,42,612,0,11434,0,1,0,804835993,0,human,1.0050865966740747,0.053607345867949276,0.10898468400636657,141,10,2,0.2,19,3,0
456723411,Литература,literabook,,"Самое интересное, что есть на земле - это человек. По всем вопросам adv.dimaruru@gmail.com",2209692,24,1054,0,0,37043,0,1,0,456723411,0,human,88387.72,2.699492495410863e-05,0.016764319749395053,90,10,0,0.0,10,1,0
737927700,Hilton Ariel Ruiz,hiltonarielruiz,"New York, NY",Director/Creator of @ZombieWaShotgun and @6666_theseries and Sci-Fi Graphic novel @AM_GraphicNovel #horror #supportindiefilm #comics #zombies #filmmaker,257493,273670,858,25492,0,22653,0,1,0,737927700,1,bot,0.9408888775208188,1.1253200317824668,0.08797874901939462,152,15,0,0.0,17,3,0
29820945,24sata,24sata_HR,"Zagreb, Croatia",dnevna doza tweetova s našeg portala,165296,1842,304,1225,1,128798,0,0,0,29820945,1,bot,89.68909386869235,0.00951870744338077,0.7791974445997205,36,9,2,0.2222222222222222,6,1,0
46291977,Nefu,NefuDaBoss,,"CEO of @TuneHype Daytrader, CryptoTrader, Option Trader, Traveler, Brand Mgmt, Music Mentor https://t.co/164j8lu6un",520171,117287,897,42644,1,3808,0,0,0,46291977,0,human,4.434997612714003,11.195851929640325,0.0073225779165353,115,10,0,0.0,4,1,0
2727195089,Barbara 🐳,BaahMaarques20,,♡,1875,125,3,7769,0,41403,0,1,0,2727195089,0,human,14.88888888888889,0.1876630277267897,22.070362473347547,1,14,2,0.14285714285714285,9,2,0
14282169,Billy Hallowell,BillyHallowell,"New York City, New York","Christian, husband, dad, author. @PureFlix comms guy. Bylines: WaPo, Faithwire, TheBlaze. My book: https://t.co/CyCqjhz52C. Views expressed here are my own.",104452,34960,2672,26398,1,81809,0,0,0,14282169,0,human,2.9877005806470067,0.32268671311575603,0.7832230764075708,156,14,0,0.0,15,2,0
247977754,Bianca 🌴,biancabizb_,"Arauco, Chile",18  •  🐾💘,1285,944,7,5568,0,39747,0,0,0,247977754,0,human,1.3608465608465607,0.14010767837375465,30.908242612752723,9,11,0,0.0,8,2,0
334921284,Félix de Bedout,fdbedout,"Miami, FL","Periodista, presentador del Noticiero Univision Fin de Semana. WRadio Colombia. @fdbedout en Instagram.",1976948,582,2953,125,1,27342,0,0,0,334921284,0,human,3390.993138936535,0.004608126394323959,0.013830908131671581,103,8,0,0.0,15,3,0
101258547,Envíos de USA a Vzla,DMZenvios,Miami fl,Empresa dedicada al manejo de envíos #aéreos y #marítimos desde USA a Venezuela (212) 7719286 /  +1-786-355-1622 Correo: dmzenvios@gmail.com,84101,69240,93,2851,0,28565,0,0,0,101258547,1,bot,1.214627171762395,0.0998389694041868,0.3396589855175858,140,9,0,0.0,20,5,0
63604508,Bec,beccalynann,"Murrells Inlet, SC",Jersey Native•Coastal Carolina University Alumni•Special Educator,1123,1090,8,23631,0,27342,0,0,0,63604508,0,human,1.0302474793767187,0.8642797059576491,24.326512455516013,65,11,0,0.0,3,1,0
9983602,コピペ運動会,copipe,インターネットの海,2007年スタートの「コピペ運動会」という主に2chのコピペ投稿サイトのアカウント。自動で人気ツイートを投稿してるbotではないです。当サイトに投稿された新着情報や短いネタを呟きます。管理人とかもちょいちょい呟くよ。,76772,55414,634,699,0,121448,0,1,0,9983602,1,bot,1.3854191103491835,0.005763736218495006,1.5819233324215545,108,6,0,0.0,6,1,0
391826877,﮼رتويت﮼السعوديه 1M🇸🇦,6ar7k,Kik: 6ar7k + BBM: DDDDDDH,خبيرأيفون ايباد أيفون برامج السيديا والجلبريك+ https://t.co/dkMrZbe0lu BBM DDDDDDH  LINE: S3udi  https://t.co/MFo15RQvjh,1226941,1063169,5532,449,0,5503,0,0,0,391826877,0,human,1.1540412163623879,0.08175872093023256,0.004485949621090483,120,5,2,0.4,20,2,0
288948026,Chelsea Gill,Chels_gill,,Be the change; Shine your light; Love where you are • CUWSA • IX • Romans 15:20-21 •,995,736,0,1678,0,12085,0,1,0,288948026,0,human,1.3514246947082769,0.13892106569584645,12.134538152610443,84,10,0,0.0,12,2,0
3082647453,Ronaldo's Money,DinheiRonaldo,The Bank,I am the Automat€d Ronaldo's Mon€y Bot.,965,96,15,0,0,1346492,0,1,0,3082647453,1,bot,9.958762886597938,7.426700324472538e-07,1393.8850931677018,39,13,0,0.0,15,2,0
2773297820,khalid rafiq,khalidrafiq138,Pakistan,"all about #Pakistan #India

http://t.co/pPN1gDtlIb",1020,0,107,0,0,2113176,0,1,0,2773297820,1,bot,1021.0,4.732211262946739e-07,2069.7130264446623,52,14,3,0.21428571428571427,12,2,0
2193607094,Chill Vibes,ChiIIVlbes,,"Sincerely, nothing but chill vibes. ☮ ☯ Submit/Contact: ChillVibesTweets@gmail.com",1484727,21,1617,2,0,34960,0,0,0,2193607094,1,bot,67487.63636363637,8.58099024627442e-05,0.023547073942163144,82,10,0,0.0,11,2,0
790680,BBC News Brasil,bbcbrasil,"Londres, GB, e São Paulo, BR",Twitter oficial da BBC Brasil. Aqui você encontra o melhor do nosso conteúdo e participa de um diálogo global. Junte-se a nós!,2090741,906,7342,398,1,171379,0,0,0,790680,1,bot,2305.1179713340684,0.002328159645232816,0.08197089837005235,126,9,0,0.0,15,3,0
225731980,iis dahlia,iis_dahlia,Indonesia,Mothers who care to families who can sing★ CPElsih:+628174955755 or @Beduumbara IG IsdaDahlia ❤️❤️ MyOfficial App ❤️❤️,1179026,258,1217,106,1,26725,0,0,0,225731980,0,human,4552.2277992278,0.004003592007782684,0.022667843908578855,118,10,0,0.0,10,2,0
41077970,DECC,DECCgovuk,"London, UK","Account of the former Dept of Energy & Climate Change. Please follow the Department for Business, Energy & Industrial Strategy @beisgovuk",86239,4838,2258,15,1,8162,0,0,0,41077970,1,bot,17.821864021492043,0.0019600637020703174,0.09465445269016698,137,9,0,0.0,4,1,0
3348071480,🍎あかこ🍏,akakoseizin,,,1061,990,19,36621,0,28968,0,0,0,3348071480,1,bot,1.0716448032290615,1.2641789499119749,27.27777777777778,0,11,0,0.0,5,1,0
63320347,ヨッチ,STiSG5,ちーばくん( ´ ▽ ` )ﾉ,ストレイテナー/the HIÄTUS/NCIS/THE BACK HORN/Ken Yokoyama/MONOEYES/HAWAIIAN6/Superfly(SC会員)/etc Punk Rock好き40代♂ NEXT Live 1/19/ストレイテナー/幕張,1069,1062,23,7359,0,126685,0,0,0,63320347,1,bot,1.006585136406397,0.058096395813270606,118.3981308411215,130,6,1,0.16666666666666666,3,1,0
44554692,La Jornada Impresa,LaJornada,,Twitter oficial de la versión impresa del diario.  Siga también a @LaJornadaOnline para noticias de última hora.,1181359,13,4980,26,0,189602,0,0,0,44554692,1,bot,84382.85714285714,0.00014240281008211895,0.1604955305749306,112,9,0,0.0,18,3,0
3317108412,سعد التويجري,b2_xv,,,938,3059,1,1843,0,2809,0,1,0,3317108412,0,human,0.30686274509803924,0.6562277580071174,2.992545260915868,0,5,1,0.2,12,2,0
2804332173,So Baked,IAmSoBaked,TURN MY NOTIFICATIONS ON,Tha High Life.,97781,11855,217,7797,0,71,0,0,0,2804332173,1,bot,8.24746963562753,108.30555555555556,0.0007363318402159906,14,10,0,0.0,8,2,0
420219280,Leya Montana,AleyaWhaaatt,Austin Texas,I really been itching to go tf off.,1205,836,11,46389,0,83542,0,0,0,420219280,0,human,1.4408602150537635,0.5552829082029613,69.27280265339967,35,12,0,0.0,12,2,0
955529995,cass,Cassidy_Coletti,,Fl | 19 | Pharmacy💊,1119,798,0,16114,0,15276,0,0,0,955529995,0,human,1.4017521902377972,1.0548537016429926,13.64017857142857,19,15,0,0.0,4,1,0
1853693322,AGNEZMO FAN BASE,agnezmo_crew,WORLD,"We are Agnes Crew | DREAM, believe, and make it happen!",1092,17,5,1,0,79482,0,0,0,1853693322,1,bot,60.72222222222222,2.5162613389026584e-05,72.72003659652333,55,12,0,0.0,16,3,0
317114365,Dove Cameron,DoveCameron,Probably my kitchen,crazy crazy baby baby,1445659,2305,2623,16862,1,15782,0,0,0,317114365,0,human,626.9124024284475,1.068428055502756,0.010917504807492772,21,11,0,0.0,12,2,0
18944209,"VandeVelde,Christian",ChristianVDV,Chicago,,114050,400,5151,7775,1,2940,0,0,0,18944209,0,human,284.41645885286783,2.643998639918395,0.025786709454542266,0,12,0,0.0,20,1,0
1614247400,Box Azteca,BoxAzteca7,México,¡Somos #LaCasaDelBoxeo en México! ¡Cada sábado #HayTiro por @AztecaSiete!,154670,58,421,1893,1,37281,0,0,0,1614247400,0,human,2621.5423728813557,0.050801995601094364,0.24104066049873601,73,10,1,0.1,10,2,0
35293850,Susan Shumsky,AwakenToGod,,"Best-selling author of 11 books, foremost spirituality expert, pioneer in self-development field, highly-acclaimed professional speaker, Doctor of Divinity",110861,98945,1776,2,0,196623,0,0,0,35293850,1,bot,1.1204293250864108,1.5257547400113923e-05,1.773592394147679,155,11,0,0.0,13,2,0
110403465,arda turkmen,arda_turkmen,,"Kim ne derse desin, #mutfaginizdasefsizsiniz ...",109454,434,161,34,1,29141,0,0,0,110403465,0,human,251.6206896551724,0.0012010157161485141,0.2662464026312183,48,12,0,0.0,12,2,0
46578464,Dj Giann Live,djgiann,"ÜT: 10.5835572,-66.9618441","Giann Live - Live Music- info djgiannmusic@gmail.com
Instagram- DjGiannLive
Facebook- GiannLive
Tel.787-420-6165 
Dj Giann",92586,1813,359,235,0,80,0,0,0,46578464,0,human,51.04024255788313,2.9135802469135803,0.0008748528411116032,122,7,0,0.0,13,3,0
3888664280,Chinhurel,chinhuush,,Чи битгий хуц,1017,1260,0,988,0,2642,0,1,0,3888664280,0,human,0.8072957969865187,0.37419598940597804,2.5962671905697445,13,9,0,0.0,9,1,0
65773523,Kyle Richards,KyleRichards,Beverly Hills,"Mom of 4 , wife , animal lover , actress , author , A Real Housewife Of Beverly Hills , TV producer ,  United Talent Agency #AmericanWomanTV #RHOBH",1228718,500,3724,1338,1,38800,0,0,0,65773523,0,human,2452.5329341317365,0.034509419860312876,0.031578416220470265,147,12,0,0.0,13,2,0
147032692,Dato Femenino,DatoFemenino,Guatemala,"Todo lo que necesita la mujer de hoy, activa, exitosa, en forma, sana y única.— Contacto: publicidad@datofemenino.com",959380,123,812,13,0,5897,0,0,0,147032692,0,human,7736.943548387097,0.002373685995252628,0.006147713994752867,117,12,0,0.0,13,2,0
2397349010,ÃRSLÃN CUMÃ,cumarslan46,((TÜRKİYE)),Vatan haini isen uzak dur..!attığım tweet lerin altına hakaret içerikli yorum yazanlar delikanlı isen adam isen gel yüzüme söyle yüreğin yetiyor ise.? K.MARAŞLI,106070,67805,31,19414,0,3236,0,1,0,2397349010,0,human,1.5643305902132554,5.9978375038616,0.030517295019373815,160,11,2,0.18181818181818182,11,2,0
20499770,JOEL ROSS,joelrossradio,"Manchester, London.....Scarborough ","Sony,Bafta and Rose D'or winning TV/radio host.Hider in the House,Scorpion Island,JK and Joel Wrestling,racing,Heart Breakfast 
Enquires joel@jkandjoel.com",51415,1119,104,11,1,51013,0,0,0,20499770,0,human,45.90714285714286,0.00023522954483083075,0.9921814221254084,155,13,0,0.0,9,2,0
29844579,Actors Access,ActorsAccess,"Los Angeles, CA","An Actors Access profile is free to set up & maintain & is THE profile seen by Studios, Networks & Casting. Largest, most diverse choice of professional talent.",131537,12505,1415,16187,0,42232,0,0,0,29844579,0,human,10.51799136414521,0.38330215708095566,0.3210707172071949,160,12,0,0.0,13,2,0
235667666,918,AlexNunez__,,What they’ll never know,1234,1004,7,351,0,60733,0,0,0,235667666,0,human,1.228855721393035,0.005795765139789903,49.17732793522267,23,11,0,0.0,3,1,0
15450695,Coheed and Cambria,Coheed,New York,We are a band from New York.,112155,459,1724,5001,1,7126,0,0,0,15450695,0,human,243.81739130434784,0.7018380805387961,0.06354541888084454,28,6,0,0.0,18,3,0
1289603089,Athena,Care4ux333,Clark Atlanta University ,,1596,872,6,23821,0,61789,0,1,0,1289603089,0,human,1.829324169530355,0.385531639423855,38.691296180338135,0,10,4,0.4,6,1,0
21212604,CTV Ottawa,ctvottawa,"Ottawa, Ontario ",CTV Ottawa covers local stories that matter to you. Our Web reporting team and other staff update you with the latest news.,189791,323,1670,350,1,79856,0,0,0,21212604,0,human,585.7777777777778,0.004395356700101431,0.42076062215478,123,9,0,0.0,10,2,0
104609993,Aveda,aveda,,"Beauty, wellness, environment, fashion and art since 1978. Proudly people-tested and cruelty-free. 🐰",103842,947,1050,13166,1,23117,0,0,0,104609993,0,human,109.53902953586498,0.5695561899818323,0.22262453896747975,100,5,0,0.0,5,1,1
90800950,🏌🏻‍♂️ IG: @Simonx6,Sim0nRD,Av. Siempre Viva!,Addicted to Gaming..,1101,438,17,206,0,56535,0,0,0,90800950,0,human,2.510250569476082,0.0036613838969859914,51.30308529945554,20,7,1,0.14285714285714285,18,3,0
225445834,Camila Vallejo Dowling,camila_vallejo,Santiago de Chile,"Diputada @PCdeChile por La Florida, Puente Alto, La Pintana, San José de Maipo y Pirque. Geógrafa Universidad de Chile y Ex Pdta y Vice-pdta FECh 2010-2012.",1254922,2351,3570,2354,1,11810,0,0,0,225445834,0,human,533.5556972789116,0.19939039878079756,0.009411732831416749,156,14,0,0.0,22,3,0
3281348820,💖Son of Royal Sardar💖,BHULLAR_22_,"Abohar, India",ੴ ਧੰਨ ਧੰਨ ਸ੍ਰੀ ਗੁਰੂ ਰਾਮਦਾਸ ਜੀ ੴ,13516,12325,110,346028,0,530044,0,1,0,3281348820,1,bot,1.09662502028233,0.6528294767425408,39.21321299104831,31,11,2,0.18181818181818182,21,4,0
23151437,Kevin Hart,KevinHart4real,Philly/LA,My name is Kevin Hart and I WORK HARD!!! That pretty much sums me up!!! Everybody Wants To Be Famous But Nobody Wants To Do The Work,34845256,552,23640,94,1,38190,0,0,0,23151437,0,human,63011.31464737794,0.002487497054279804,0.0010960171710026419,132,14,1,0.07142857142857142,10,2,0
2333462725,三福商店 相互フォロー,mifukukaban,奈良県桜井市,"ヤフオクにメンズバッグを大量に出品しています。就活やビジネスから旅行、普段使いまでメンズバッグを取り揃えています。特に鞄の名産地、兵庫県豊岡の職人が作った国産の鞄に力を入れていますので是非御覧ください。フォロー１０００％返します！！！
ネットショップはこちらです。
http://t.co/zzLTcOouRl",848,1323,3,0,0,25602,0,1,0,2333462725,1,bot,0.6412386706948641,3.905792289966019e-05,30.156654888103652,157,11,0,0.0,11,2,0
2785480981,Make in India,makeinindia,,"A major national program designed to facilitate investment, foster innovation, enhance skill development and build best-in-class manufacturing infrastructure.",3689552,142,1683,492,1,20011,0,0,0,2785480981,1,bot,25801.06993006993,0.024635218868678792,0.005423963282272948,158,11,0,0.0,13,3,0
17343387,はるよし(halyosy)🏠🌳,halyosy,Tokyo,江戸にて音楽屋を営んでおります。ご依頼はこちらにて→ https://t.co/5G6TttdBYn （halyosy/ﾊﾘｰｵｼｮｲ/晴義/はるにぃ/よっP）👨制作中のため低浮上,99116,1112,2540,385,0,32809,0,0,0,17343387,0,human,89.05390835579514,0.011764705882352941,0.33102293249392134,90,7,0,0.0,15,1,0
244628228,El Amor es una Decisión,AmorUnaDecision,"Santiago, Chile","El Amor «Todo lo sufre, todo lo cree, todo lo espera, todo lo soporta.» {1 Corintios 13:7} ❤️ Ministerio ➡️ @adoradores Fundador ➡️ @MiguelNunezH",108113,2352,302,4,0,157369,0,0,0,244628228,1,bot,45.947301317467065,3.177225646565419e-05,1.4555931701722256,145,15,0,0.0,23,5,0
109237155,Gerardo Lara,GLaraLopez,Madrid,"News, articles, guides, presentations and more about social media and...",1028718,138,4272,3,0,47835,0,0,0,109237155,1,bot,7400.856115107914,8.361903169161301e-05,0.046500550684880904,72,10,0,0.0,12,2,0
712443214112935936,دمــوع الـورد,07Alghamidi,المملكة العربية السعودية ,‏‏‏‏‏‏سبحان الذي لاتطيب الروح الا بذكره ♡ -,1089,0,4,2607,0,2176,0,1,0,712443214112935936,0,human,1090.0,1.1979788700045935,1.9972477064220184,43,11,2,0.18181818181818182,13,2,0
1721742157,محبو محمد بن سلمان,aqaratm2013,,محبو صاحب السمو الملكي الامير محمد بن سلمان ولي ولي العهد   ووزير الدفاع حفظه الله .,57188,8365,10,4,0,7915,0,0,0,1721742157,0,human,6.835883337317714,0.0006316321374431531,0.1384182272814702,84,11,4,0.36363636363636365,18,4,0
3116779908,كوت تويت | جواب,arabqoute,Twitter,لعبة الإقتباسات نحن نسأل وأنت تجيب ||للإعلانات: التواصل في الرسائل فقط,292766,16,843,136,0,33623,0,0,0,3116779908,0,human,17221.58823529412,0.004074470616226505,0.11484900962198609,70,9,0,0.0,15,4,0
1368178176,く,bonyon_aaa,健斗,うーくんだけの,1718,846,0,17683,0,19896,0,1,0,1368178176,0,human,2.0295159386068478,0.8887772025933558,11.57475276323444,7,10,0,0.0,1,1,0
2155965720,Ace Tinashe.,AceTinashe,,Blessings flowing | The Great Year,31762,31,239,19918,0,226040,0,0,0,2155965720,1,bot,992.59375,0.08812118155555851,7.116487737304411,34,10,0,0.0,12,2,0
378376122,EMBLEM3,EmblemThree,West Coast,We write and create music @keatonstromberg @wesleystromberg @truechadwick,818152,18715,2802,6744,1,10786,0,0,0,378376122,0,human,43.71409489207095,0.6252897005654955,0.01318457550115932,73,11,0,0.0,7,1,0
128154362,공지영,congjee,서울,소설가 허락없이 기사금지함 페이스북 계정은 jiyoung gong 나머지는 다 사칭 계정임,851737,2258,11474,64522,0,86196,0,0,0,128154362,0,human,377.0420540061974,0.7485527338538465,0.10120130838356396,50,7,0,0.0,3,1,0
224916991,milagrosleiva,MilagrosLeivaG,"Lima, Perú",lo que sucede conviene... Instagram:@milaleivagalvez Blog Base4: https://t.co/TWPI97ypuS #EdicionMatinal en @atv_noticias,1978015,873,1421,453,0,106243,0,0,0,224916991,0,human,2263.1762013729976,0.004273182485599187,0.05371240677527381,121,14,0,0.0,13,1,0
1335999216,IndonesiaMorningShow,IMS_NET,Indonesia,"Official Twitter of Indonesia Morning Show | 
Daily at 8am on NET. | 
mail:
indonesiamorningshow@netmedia.co.id
IG:
@indonesiamorningshow_net",123195,78,139,2251,1,42071,0,0,0,1335999216,0,human,1559.4430379746836,0.05352728655637954,0.3415045943050099,141,7,0,0.0,20,1,0
562540682,Aliando Syarief,AIiandoKEPO,indonesia,It's never too late to set things right.,143524,124696,22,0,0,692814,0,0,0,562540682,1,bot,1.1509899997594168,1.4433867626999993e-06,4.827138129245776,40,11,0,0.0,15,2,0
423926299,CiberCTM Puebla,CTM_Puebla,"Puebla, Puebla",Confederación de Trabajadores de México  División Cibernautas CTM Puebla   #FollowBack #SiguemeYteSigo,1010,38,9,12,0,9442,0,0,0,423926299,1,bot,25.923076923076923,0.0013766811394683894,9.340257171117706,102,10,0,0.0,15,2,0
33619791,Carlos Calderon,CarlitosTwit,,EMMY Award Winning Smile Creator. This account expresses my personal point of view only and not of any company. IG: @carlitoscalderon FB: @carloscalderonabarca,95757,1095,283,13243,1,9697,0,0,0,33619791,0,human,87.37043795620438,1.3656424004949475,0.10127613358674993,159,12,0,0.0,15,2,0
75827044,アルファルファモザイク,alfalfafafa,,フォローして頂けると今後の活動のモチベーションアップにつながります。,97402,105251,3165,0,0,340238,0,0,0,75827044,1,bot,0.9254265952190932,2.9391104488315565e-06,3.4931059618286913,34,11,0,0.0,11,1,0
265014120,gabriela ramirez,gabyramiirezz,Dios conmigo y nadie contra mi,"Si la vida te hace llorar, mata esa lágrima con una sonrisa bien fuerte♥ 📩:Somos@amigoscool.com https://t.co/VCIvyMhXrv",1489209,352,1884,869,1,22375,0,1,0,265014120,0,human,4218.725212464589,0.03888094386843046,0.015025416160246037,119,13,0,0.0,16,2,0
24472704,Kid Ink,Kid_Ink,"Los Angeles, CA",Alumni x Batgang | Booking: MBlackman@icmpartners.com | New Tour Dates: https://t.co/zRusUeF8Ts,1085241,5314,2098,6946,1,28636,0,0,0,24472704,0,human,204.18476011288806,0.24258825994342983,0.026387662843863395,95,7,0,0.0,7,2,0
130314799,Creators,CreatorsProject,"Brooklyn, NY",Art and culture by @VICE.,120547,8985,3828,1764,1,32449,0,0,0,130314799,0,human,13.415090140218117,0.05439137134052388,0.26918737764210104,25,15,0,0.0,8,1,0
168731366,Brenda.,blopzx,"South Florida, USA",8/2 ❤️,812,858,5,4450,0,20913,0,0,0,168731366,0,human,0.9464493597206054,0.21282394568231808,25.724477244772448,6,6,0,0.0,7,1,0
48336713,ELLEfashion,ELLEfashion,"Paris, France",Compte @ELLEfrance,1193760,248,2407,63,0,36565,0,0,0,48336713,0,human,4794.220883534136,0.0017502598041896843,0.03063092193496018,18,11,0,0.0,11,1,1
150711216,OSCARCITO,oscarcitomundo,BESOS DE CHOCOLATE AQUI,Contrataciones@oscarcitomundo.com Instagram: @oscarcitomundo besos de chocolate REMIX VIDEO aquí https://t.co/001zyFuzss,1101617,486,1706,10568,0,23493,0,0,0,150711216,0,human,2262.049281314168,0.4498595386056014,0.02132681201650663,120,14,0,0.0,9,1,0
2439220064,ioia ♡,DayanaMartini,Uruguay,"Todo pasa por alguna razòn ~Mi mundo, mis  reglas~18/10/13 ❤Nina10-12-15
Snap: dayanamartini",1302,252,3,17977,0,37954,0,0,0,2439220064,0,human,5.150197628458498,0.4736661836385193,29.128933231005373,92,13,0,0.0,6,2,0
116588052,BANDA MS,BANDA_MS,,GRACIAS POR ESTAR AL PENDIENTE DE NOSOTROS. LO QUE HACEMOS ES PARA USTEDES. Nuevo disco APPLEMUSIC https://t.co/cR3VsmEIzB ITUNES https://t.co/JmKyarYsth,1278139,2592,852,4271,1,33256,0,0,0,116588052,0,human,492.9193983802545,0.1284541600264606,0.026019841331935467,153,8,0,0.0,8,2,0
24645354,Gary,BlueWaterDays,USA,Politically Independent. Christian. Sapientia melior auro.  #BuildTheWall #NotPC #BlueLivesMatter #SOT #Trump2020 #DrainTheSwamp,112613,57708,1545,20585,0,187780,0,0,0,24645354,1,bot,1.951411391637353,0.10962770461335279,1.6674747367112437,128,13,0,0.0,4,1,0
86864472,Daihatsu Indonesia,DaihatsuInd,Indonesia,Daihatsu Sahabatku | Like Facebook Page Daihatsu Indonesia https://t.co/zRE6ddk6mj,100218,13010,151,447,0,41039,0,0,0,86864472,0,human,7.702636230881562,0.01091617933723197,0.40950318801824004,82,11,0,0.0,18,2,0
471378714,V.Morgan ❤️,_BabyGirlPretty,A l a b a m a ,#AUM19 | IG: @_BabyGirlPretty,952,880,2,3557,0,25492,0,0,0,471378714,0,human,1.0817253121452894,0.13956772447338486,26.750262329485835,29,15,0,0.0,11,2,0
1252587218,Brittany,BHookedCrochet,United States,"Crochet Designer, Crochet Instructor. Professional blogger and Serial Fiber Artist.
#bhooked #crochet",2578,519,52,3314,0,3956,0,0,0,1252587218,0,human,4.959615384615384,0.8377558756633814,1.53431562621171,101,14,0,0.0,8,1,0
20270332,Andrew Perloff,andrewperloff,,"Dan Patrick Show, Leisuremen on NBC Sports Radio/podcast",131455,1013,1514,7384,1,21349,0,0,0,20270332,0,human,129.64102564102564,0.34590163934426227,0.16241175754625123,56,13,0,0.0,14,2,0
365728243,Absorta,_CinFiltro,Buenos Aires,,937,450,15,45470,0,40282,0,0,0,365728243,0,human,2.079822616407982,1.1287888191048332,42.94562899786781,0,10,0,0.0,7,1,0
220785771,Mel,AsapTwelvyy,COKE BLOCK,https://t.co/12Y1kbNOR1,209727,17520,694,205,1,57070,0,0,0,220785771,1,bot,11.97009303121968,0.003609538995286573,0.2721191257247482,23,11,0,0.0,3,1,0
1583766667,Cαмιℓα🌹,CamiiMiichel,Córdoba - Corral de Bustos,🔞🔞🔞,901,455,2,1593,0,7534,0,0,0,1583766667,0,human,1.9780701754385965,0.21154611811546117,8.353658536585366,3,12,0,0.0,7,1,0
13353862,L'Express,LEXPRESS,Paris,"Tous les jours, toute l'info. Suivez-nous !",1285658,690,8272,128,1,144076,0,0,0,13353862,1,bot,1860.577424023155,0.0008953545673494035,0.11206470767131875,43,8,0,0.0,9,1,0
17846734,hiddenboston,hiddenboston,"Boston, MA","Twitter page for the Boston's Hidden Restaurants site, along with the news-based Boston Restaurant Talk blog https://t.co/jf3CmNIO8Z",118892,19980,2194,18141,0,48621,0,0,0,17846734,0,human,5.9503027876482655,0.37312327752869073,0.4089559519904452,132,12,0,0.0,12,1,1
14671170,Hawaii News Now,HawaiiNewsNow,"Honolulu, Hawaii",Hawaii's News Leader for Breaking News and Severe Weather. #HINews,158848,1769,2504,141,1,128709,0,0,0,14671170,0,human,89.745197740113,0.00110325538031233,0.8102663535810738,66,13,0,0.0,15,3,0
811563716,MERYEM AKAR,akarmeryem,"İstanbul, Türkiye",Actress • International DJ • Radyo Programcısı • Dialog Yaşam Akademisi Sunuculuk & Spikerlik Mezunu,50696,52,28,8197,0,7766,0,0,0,811563716,1,bot,956.5471698113207,1.055491180636024,0.15320433161725547,100,10,0,0.0,11,2,0
279185985,Jakub Rzeźniczak 52,JakubRzezniczak,Azerbaijan,Official Account | Qarabag FK #52 ⚽️ | PUMA Brand Ambassador | Cooperation: jakubrzezniczak25@gmail.com,206614,311,167,25536,1,13951,0,0,0,279185985,0,human,662.2275641025641,1.8303469036697249,0.06752655905911961,103,15,0,0.0,19,3,0
24180105,Closer Mag & Online,CloserOnline,,"Daily news, real life stories, soap spoilers, showbiz gossip, diet tips and more from the Closer Online team!",107632,2952,506,2227,1,100088,0,0,0,24180105,1,bot,36.44869624111073,0.02226018843229526,0.9299099718487824,109,12,0,0.0,19,4,0
1076119924546985985,ATPWorldTour,ATPWorldTour,,,51,118,0,1,0,1,0,1,0,1076119924546985985,0,human,0.4369747899159664,1.0,0.038461538461538464,0,12,0,0.0,12,1,1
20942423,Ibiza Rocks Hotel,ibizarocks,"Sant Antoni de Portmany, Spain",Welcome to the official Ibiza Rocks Hotel twitter. We are the home of the pool party. 💦 Your summer starts here..,108698,340,496,9081,1,31643,0,0,0,20942423,0,human,318.76539589442814,0.2870054354695993,0.29111583363232413,113,10,0,0.0,17,3,0
268095618,Arty,ArtybeingArty,"Detroit, MI",Underwriter | #EMU 15 Economics alum | Use to write 🏀 for @NGSCSports & @Fansided | #12s |#Boxing | #COYS l #Lakeshow,1160,987,40,36772,0,173551,0,0,0,268095618,0,human,1.1751012145748987,0.21188462247626072,149.48492678725236,117,13,0,0.0,4,1,0
34068984,Lord Vonderhaar,DavidVonderhaar,,Studio Design Director. Blackout Dungeon Master. Member of the Bridge Ambush Committee.,1248064,115,1600,1925,1,601,0,0,0,34068984,0,human,10759.181034482759,3.1993355481727574,0.00048234667264926103,87,15,0,0.0,15,2,0
322758021,Fa,f_mzher,,,888,1458,0,67,0,18586,0,0,0,322758021,1,bot,0.6093214530500343,0.003658470974336902,20.907761529808774,0,7,0,0.0,2,1,0
2568313562,CONNECTED WOMAN MAG,aconnectedwoman,NC,Blog-Style Women's Magazine!. #getconnected #cwmag JOIN THE FB FAM https://t.co/ulKvMIKWwO,1752,3548,334,1147,0,303700,0,0,0,2568313562,1,bot,0.493941955480417,0.003780033651519093,173.24643468339988,90,15,0,0.0,19,3,0
2394340476,TEATEA,TEATEA_WORLD,,ダイエット　在宅ビジネス　メンタルケア　ビューティケア,1248,1759,1,0,0,9629,0,0,0,2394340476,1,bot,0.709659090909091,0.00010384215991692627,7.710168134507606,27,12,0,0.0,6,1,0
18776017,ASTRO Gaming,ASTROGaming,"San Francisco, CA","The ASTRO crew shares our favorite news about gaming products, lifestyle & esports. #ASTROfamily @ASTROStreams https://t.co/3vOT7i5tV4",1085092,3792,1718,64493,1,41576,0,0,0,18776017,0,human,286.07777484840494,1.5511941698535248,0.038316531394083274,134,11,0,0.0,12,2,0
15248067,National Geographic,NatGeo_la,Latinoamérica,Cuenta oficial de National Geographic en Latinoamérica. Entérate todas las novedades de programación aquí.,1358031,49312,2836,27499,1,31713,0,0,0,15248067,0,human,27.53902622026646,0.8671249290534149,0.023352910682517054,106,9,0,0.0,19,2,0
184647530,Dose,dose,"Chicago, Illinois","Get your daily Dose of the most interesting photos, facts, videos, and news online at https://t.co/zYqiqRIwQ1",841413,235,6112,1997,1,49722,0,0,0,184647530,0,human,3565.313559322034,0.04018261166864429,0.05909457175659069,109,4,0,0.0,4,1,1
780050,"Oscar Yasser Noriega ""Akira""",akirareiko,🇯🇵 ⇄ 🇲🇽 ⇄ 🇺🇸,"Serial Tech Entrepreneur from 🇲🇽 living on 🌏 working on AR, VR and Game Development at @wabisabidsign | Also working on: @NerdcorePodcast & @Atomix",110236,2605,1913,9415,1,93310,0,0,0,780050,0,human,42.30122793553338,0.10090986057378015,0.8464580857606793,147,10,0,0.0,28,4,0
1924076820,melina sophie,MelinaSophie,,in progress..,1587074,92,556,40114,1,9916,0,0,0,1924076820,0,human,17065.322580645163,4.045074115155793,0.006248601987933778,13,12,0,0.0,13,2,0
23864985,Health Habits,HealthHabits,"Toronto, Canada","According to my biz card, I am a Health & Fitness Consultant. In reality, I am a giant health, fitness, social media geek.",999324,6068,4339,531,0,53222,0,0,0,23864985,1,bot,164.6605701103971,0.009995678560021044,0.053258949791109,122,12,0,0.0,13,2,0
106082551,Cardiff,CardiffBiz,Cardiff,"Cardiff Ambassador. Social Media, Digital Marketing and Content Marketing Specialist. Gadget Guru and proud of living in Cardiff, Wales.",95406,102517,805,0,0,16078,0,0,0,106082551,0,human,0.9306365711387269,6.219292244542571e-05,0.16853061096145985,136,10,0,0.0,7,1,0
3202726835,Aileen♡,AilenPaine,"Neuquén, Argentina","Hay palabras que dicen poco, & Silencios que dicen Mucho.",833,909,1,2394,0,4630,0,0,0,3202726835,0,human,0.9164835164835164,0.5171669185920967,5.552757793764988,57,10,0,0.0,7,1,0
2222126594,OSAR & RAFA,ARASOSAR,,Una sonrisa cuesta poco y produce mucho. No empobrece a quien la da y enriquece a quien la recibe. Charles Chaplin,126633,90,325,123213,0,171861,0,1,0,2222126594,1,bot,1391.5824175824175,0.716935680953323,1.357155266358166,114,8,0,0.0,11,3,0
807184478,Hal Marston  :^\,BirdBrayn,Land of Ahhhs,Writer - Entrepreneur - Investor - Lover of Life & Wife - Unboxed. Unleashed and unabashedly patriotic. Nothing implied by Tweets RTs or FAVs,117351,89810,2004,14774,0,18267,0,0,0,807184478,1,bot,1.3066550867933773,0.8087913291000657,0.15566841638830187,141,9,0,0.0,16,3,0
232824777,🍣🎤悠里🌾🎾,band5ds,,お酒を飲んでいるだけです/デトロイトビカムヒューマンはいいぞ/舞台/ハイネ/無双/腐ってないタイプのオタク/お別れはリムーブで/アイコンは @moetwincle さんにいただきました！CoC用 @band5ds_00,804,682,56,30308,0,395837,0,0,0,232824777,0,human,1.1786237188872621,0.07656920255255938,491.72422360248447,109,7,1,0.14285714285714285,6,1,0
711613560,lil dessert spoon 🧞‍♀️,alezvay,,xtra cheezy,1029,913,4,46106,0,47246,0,0,0,711613560,0,human,1.12691466083151,0.9758714839037399,45.87087378640777,11,7,0,0.0,22,4,0
2875360759,‘,ayeedanni,,,1482,981,3,43179,0,64073,0,1,0,2875360759,1,bot,1.510183299389002,0.6739082935355994,43.20566419420094,0,9,0,0.0,1,1,0
133413860,Rossana Salgado,Djrossana,,"Comunicologa, foxsports, Designer and businesswoman: @TiferethVictory 💗 contrataciones: blackmanagement0@gmail.com",151817,521,263,74259,1,14108,0,0,0,133413860,0,human,290.8390804597701,5.263307108937558,0.09293364423190927,114,9,0,0.0,15,2,0
14434613,Alberto Chimal,albertochimal,Ciudad de México,🇲🇽 Escritor / Writer 📬 Boletín / Newsletter: https://t.co/z6ZVgubrC5 🖥 Video: https://t.co/wS0f1t3Z8M [tweets mostly in Spanish],109795,903,1607,15888,1,73257,0,0,0,14434613,0,human,121.45575221238938,0.21689098801496082,0.667219206528471,128,13,0,0.0,14,2,0
449124636,Belén .,belencervin,,"Cambiar el mundo, que no es locura ni utopía, sino justicia.   //
Abogada en formación 📚",893,252,6,291,0,45854,0,0,0,449124636,0,human,3.533596837944664,0.006367898811470941,51.29194630872483,88,11,0,0.0,7,2,0
228285665,しらぬbot（A型）,SHIRANEbot,ぶーみんvinum新富町・ぶーみんvinum新川バル,"黄色の男日本一
代表取締役　白根智彦(Ｂ型)のbot
しらぬbot（Ａ型）です。
新富町と新川でワインバー
「ぶーみんvinum」やってます。
ほとんど口癖
まれに宣伝を呟きます。
「ヴィノム」「ブーミン」とかリプライすると所在情報を返信します。
ギガントよろぴく。",897,1143,37,2,0,70918,0,0,0,228285665,1,bot,0.784965034965035,4.23017809049761e-05,78.97438752783964,141,10,0,0.0,10,1,0
20391646,Jamey Jasta,jameyjasta,,Singer of Hatebreed. Host of The Jasta Show. For booking/features/sponsorship - jastashow@gmail.com powered by @monsterenergy,155999,1856,1067,3932,1,30454,0,0,0,20391646,0,human,84.00646203554119,0.1291413560991627,0.19522435897435897,125,10,0,0.0,11,2,0
99566858,Nicolas Riera,nico_riera,all around,instagram: @nico__riera,1049540,159,2242,282,1,4074,0,0,0,99566858,0,human,6559.63125,0.0694478527607362,0.0038826496535152035,23,10,0,0.0,13,2,0
19509884,Andy Staples,Andy_Staples,,I write about college football @SInow. I write about food @SI_Eats. I talk about both @SXMCollege.,140123,2251,3669,0,1,85050,0,0,0,19509884,0,human,62.22202486678508,1.1757651291577994e-05,0.6069695412634524,98,12,0,0.0,12,2,0
234633153,Demberel Sambuu,Demberel_S,mongolia,"MP 2012-2016,Currently serving as CEO of Economic research and Training Institute at Central bank of Mongolia.RT are not endorsements.",155855,2563,254,8436,0,158476,0,1,0,234633153,0,human,60.78627145085803,0.05323800930103422,1.016816805256134,134,10,0,0.0,15,2,0
251967200,AllHipHopModels.com,AllHipHopModels,"Atlanta, Ga",All Hip Hop Models is the most complete Directory of Hip Hop Models on the Internet.  OFFICIAL SPONSOR --  https://t.co/scaMjX3IAJ,48390,40262,391,14958,0,156068,0,0,0,251967200,1,bot,1.201872687082433,0.09584863105421321,3.2251658366225127,130,15,0,0.0,19,1,0
73459349,Metro de Santiago,metrodesantiago,"Santiago, Chile",Somos  protagonistas del transporte público integrado de Santiago y trabajamos día a día por una mejor ciudad. Normas de uso https://t.co/DWIl8QCh5m,1771085,414311,2414,21040,1,322229,0,0,0,73459349,1,bot,4.274763946011701,0.06529807901188592,0.18193921695502083,148,15,0,0.0,17,3,0
169921388,EntreNubes,BobMarIeyES,,"La vida te pondrá obstáculos, pero los límites los limites los pones tu.",83271,20499,138,259,0,9250,0,0,0,169921388,1,bot,4.062048780487805,0.028105069722192195,0.11109376501104813,72,11,0,0.0,10,1,0
788792041,H&M Chile,hmchile,,Moda y calidad al mejor precio de una manera sostenible.,174593,351,86,412,1,4263,0,0,0,788792041,0,human,496.0056818181818,0.09685741088180112,0.024422374193844004,56,7,0,0.0,9,2,0
16330902,Anurag Harsh,anuragharsh,"New York, NY","Digital, Automation & AI Guru, LinkedIn Top Voices #1 in Tech, Author of 7 Books, Alum of @Wharton & @MIT",17798,150,53,308,0,1753,0,0,0,16330902,0,human,117.87417218543047,0.17616875712656785,0.09854486207090286,105,11,0,0.0,12,2,0
1373388738,un tal albo,David02sosa,🌟🌟🌟🌟🌟🌟🌟🌟🌟🌟🌟🌟🌟,"#CampeonInvicto
#42PartidosInvictos
#AlianzaHistórico
#ComoNoTeVoyAQuerer
#Soy13icampeón 
#6⃣0⃣",1877,926,5,27540,0,61144,0,0,0,1373388738,0,human,2.0258899676375406,0.4504211301005806,32.55857294994675,95,11,2,0.18181818181818182,11,3,0
2868926868,✨Kayla w/ A C✨,alohacayy,"Louisiana, USA",BrittanyG.Seymour💜,1698,708,6,3873,0,18403,0,1,0,2868926868,0,human,2.396332863187588,0.21049771788741578,10.83225426721601,18,9,0,0.0,14,4,0
83291674,AAN Afghanistan,AANafgh,Kabul,Afghanistan Analysts Network (AAN): independent Kabul-based policy research organisation - retweet does not imply endorsement,139198,253,731,303,0,13705,0,0,0,83291674,0,human,548.0275590551181,0.02218006712388735,0.09846335102982062,125,7,0,0.0,15,2,0
188615551,CHIEF,dav_dash,In Gods Arms ,"Father of LaciHyatt , KING DAVIN HYATT rip9/27/13-11/3/13 & LINCOLN BIUTIFUL HYATT ....I JUS WANT 2 PROVIDE 4 MY SEEDS A LIFE BETTER THAN MINES #FatherHoodGang",944,1133,28,338,0,38726,0,0,0,188615551,0,human,0.8333333333333334,0.00875358277170966,40.98095238095238,159,8,0,0.0,5,1,0
13862172,Jacob Appelbaum,ioerror,The Village; Be Seeing You!,Ethics enthusiast &&  الحب و الحياة في وقت قصير && cast iron club,92989,3435,3895,10675,0,68596,0,0,0,13862172,1,bot,27.063445867287545,0.1556336282927825,0.7376814711259275,65,7,0,0.0,15,2,0
4411292416,شموخي مذوبهم Ⓜ,maha9329,"New York, USA",follow ☝☝ unfollow ❎❌ ---------- 🔳 m.ahawi1👻( حساب راقي),1592,0,1,117,0,29747,0,0,0,4411292416,1,bot,1593.0,0.003966653220384564,18.674199623352166,56,8,4,0.5,14,3,0
186101324,د. جاسم المطوع,drjasem,Kuwait,‏‏‏‏‏الأمن الاجتماعي، الحب، الخطبة، الزواج ، السعادة الأسرية، المراهقة، التربية.. مفاهيم متعددة نغرد بها معكم ونستمتع بألحانكم :: +966504658654,1766414,78,3113,172,0,32205,0,1,0,186101324,1,bot,22359.683544303796,0.005371669875178538,0.018232408578957946,143,7,0,0.0,14,3,0
18775482,Jessica Drown ⚓️,JessicaDrown,"Raleigh, NC",Daughter of Christ • Finance Manager •,161378,74431,735,98429,0,28293,0,0,0,18775482,0,human,2.1681400472914873,3.4788294338022197,0.1753264055422329,38,12,0,0.0,16,3,0
397493417,أحمد المرزوقي,abualia77,"دبي, الامارات العربية المتحدة","‏‏‏‏‏موظف حكومي | هاوي كتابة القصص والمقالات والخواطر | ‎#الوصل بدمي 💛

أعشق تراب الإمارات..اللهم احفظ دولة الإمارات وحكامها",936763,616783,575,5325,0,38151,0,1,0,397493417,0,human,1.5187877765960207,0.13959949674984273,0.04072744042256107,124,9,2,0.2222222222222222,13,2,0
14216123,Jim Cramer,jimcramer,New York City,I am founder of @TheStreet & I run charitable trust portfolio https://t.co/0UYF2Lp5X6. I also host @MadMoneyOnCNBC & blog daily on https://t.co/sGTJX6YxFA. Booyah!,1100952,558,12356,13068,1,92597,0,0,0,14216123,0,human,1969.5044722719142,0.14113695760167605,0.08410713263872299,163,9,0,0.0,10,2,0
2968601413,Only Nash Aguas,AeignZackreyGFs,Nash Aguas Protection Squad,We're the OFFICIAL Aeign Zackrey Nash Victoriano Aguas GIRLFRIENDS ❤ Created only for NASHIES & NASH | Infinity love for our loves @AguasNash01 ➰,1187,140,1,3258,0,11308,0,0,0,2968601413,0,human,8.425531914893616,0.28817755769740916,9.51936026936027,145,15,0,0.0,15,3,0
54260419,Andy Biersack,andyblack,,The Ghost of Ohio,955914,743,4464,247,1,12916,0,0,0,54260419,0,human,1284.8319892473119,0.019199504528915383,0.013512707719828645,17,9,0,0.0,13,2,0
17187236,12 News,12News,"Arizona, USA","#Arizona's team for #breakingnews, #traffic, #weather, #sports and more. News tip? 602-444-1212 or connect@12news.com. A TEGNA company.",205295,12018,1693,15955,1,342693,0,0,0,17187236,1,bot,17.080955154338962,0.04656048836571402,1.66926778894864,135,6,2,0.3333333333333333,7,2,0
893613222,吉田四郎,bowwell5062,,はじめまして、吉田四郎と申します。趣味は旅行、お酒、食べ歩きです。ほとんどそれらをしてすごしています。その秘密はブログで公開中です。,786,1118,2,0,0,54223,0,1,0,893613222,1,bot,0.7033065236818588,1.8442018294482148e-05,68.89961880559085,66,11,4,0.36363636363636365,4,1,0
76070341,Bruno Rezende,brunorezende1,Rio de Janeiro ,"Atleta , matando um leão por dia! Leal aos meus principios e meus amigos e minha familia! 
Contato : bruninho1@alessandramenga.com.br",1015728,398,1554,161,1,10639,0,0,0,76070341,0,human,2545.68671679198,0.015225563909774436,0.0104752350282408,133,13,1,0.07692307692307693,13,2,0
2408474918,PizzaRocknRollpku,rocknrollpizza2,pekanbaru,"Pizza,Burger,spaghetti,milkshake | jln hangtuah ujung depan jln pemuda (kulim),lengkapnya disebelah resto kubang.pekanbaru | hp : 0823-9024-7772",995,706,5,23,0,90926,0,0,0,2408474918,1,bot,1.4087694483734088,0.000263948002243558,91.2921686746988,144,15,1,0.06666666666666667,17,1,0
336186680,Diario Futbol ⚽️,DiarioFutbol_mx,México,Cambiando la forma de vivir el fútbol. 📧somosdiariofutbol@gmail.com,898619,90468,1332,3377,0,6120,0,0,0,336186680,0,human,9.932905194044368,0.5518706093775527,0.0068115554962052925,67,15,0,0.0,16,3,0
401827209,Kathryn ♡ Daniel,babyELRlCK,,"A fan account dedicated to the Queen and King of Hearts, Kathryn Bernardo and Daniel Padilla, since 111030. Spread the love with us! ♡",90584,84,35,4436,0,64794,0,0,0,401827209,0,human,1065.7058823529412,0.06847750598039973,0.7152950267704367,134,10,0,0.0,16,3,0
17076218,New York Jets,nyjets,New York,"The official Twitter account of the New York Jets. One team, one goal. #1T1G",1214678,12026,7904,2007,1,58276,0,0,0,17076218,0,human,100.99600897979546,0.03445613192168437,0.04797728453360929,76,6,0,0.0,13,3,0
18633022,astridfontenelle,astridfontenell,brasil,"Jornalista, apresentadora, mãe do Gabriel! Riponga. Mas amo Chanel! Espirituosa! E de muita FÉ! || contato@noplanb.ag",1151407,1060,2965,14658,1,41078,0,0,0,18633022,0,human,1085.2101790763431,0.356848998271623,0.035677188277309174,117,15,0,0.0,16,1,0
448529505,夜雨,y66m83h11,,やっとこさ社会にでました成人済。とうらぶゆるゆると。Dグレ/銀魂/うたプリ/ハイキュー/青春×機関銃etc… ついプロはお取り引きについて簡単に。と自分についておまけ。 nanaやってますん。https://t.co/8Iptr9NjOh,840,831,19,7865,0,160163,0,1,0,448529505,1,bot,1.0108173076923077,0.04911216003596314,190.4447086801427,119,9,6,0.6666666666666666,2,1,0
3801362175,笑ってしまう動画,gerapogera,,,1077,1444,2,3,0,10923,0,0,0,3801362175,1,bot,0.7460207612456747,0.0003661662394727206,10.133580705009276,0,10,0,0.0,8,1,0
39321874,24h,24h_tve,,"Sigue la información al minuto en el @24h_tve y en https://t.co/RPKbiPhgmz

▪Facebook:
https://t.co/Qxjs7b5WSY
▪Telegram: https://t.co/8HhCbc82C6",1305498,748,7971,2145,1,237557,0,0,0,39321874,1,bot,1742.9893190921227,0.009033583377533065,0.18196720181325302,145,7,2,0.2857142857142857,3,1,0
291922856,𝑩𝑨𝑯𝑹𝑨𝑰𝑵𝑫𝑶𝑪𝑻𝑶𝑹,BAHRAINDOCTOR,Bahrain,"- الجنود عبر التاريخ .. كـ ""الحبر"" على الصفحات لا يُكتب عنهم .. ولكن لم يكن ليُكتب شيئاً بدونهم",144745,2011,342,625,0,77633,0,0,0,291922856,0,human,71.941351888668,0.008063477342401525,0.5363464275351305,95,13,0,0.0,13,1,0
12815132,el mostrador,elmostrador,Chile,El primer medio digital de Chile,1575754,136,5827,1683,1,198692,0,0,0,12815132,1,bot,11501.861313868612,0.008475386651769312,0.12609384073031657,32,11,0,0.0,12,2,0
845360182607589376,️,brojobs,,,4,46,0,7,0,1,0,1,0,845360182607589376,0,human,0.10638297872340426,4.0,0.4,0,7,0,0.0,1,1,0
619465123,Actualisimo,actualisimo,Latinoamerica,"Cubrimos lo que es noticia en América y el resto del mundo. Mantente actual, mantente actualisimo. Publicidad: actualisimo@hotmail.com",99528,3901,272,128,0,217432,0,1,0,619465123,1,bot,25.50717580727832,0.0005932862077053621,2.1846195581187393,134,11,0,0.0,11,1,1
2244999191,TaTa✨,AllAboutTeraa,Miami,,1020,853,2,9597,0,13147,0,1,0,2244999191,0,human,1.1955503512880563,0.7299969577121995,12.877571008814888,0,13,0,0.0,5,1,0
223304073,Mundo Animal,EsMundoAnimal,España,Contactos para publicidad y campañas al al wa +59179606716,1061443,41,1139,34,0,23569,0,0,0,223304073,1,bot,25272.47619047619,0.001484938481120068,0.022205599164911195,58,13,0,0.0,12,2,0
386934416,ReVoLuCiOn BrAsiL,BotRevolucion,,"Estudios de Arquitectura, Administración de Empresas; Proyectos Sociales. Capacitador.",1012,74,24,10544,0,37506,0,0,0,386934416,0,human,13.506666666666666,0.28114751912976244,37.02566633761106,86,13,0,0.0,17,2,0
5988062,The Economist,TheEconomist,London,News and analysis with a global perspective.  Subscribe here: https://t.co/owztJzwlmm,23543347,0,112401,309,1,163622,0,0,0,5988062,1,bot,23543348.0,0.0018945991700433313,0.006949861166729558,85,12,0,0.0,13,2,0
948335156,Coca-Cola Türkiye,CocaCola_TR,,#KıpırKıpır bir Coca-Cola 🌟😍,86228,3,105,0,1,10445,0,0,0,948335156,0,human,21557.25,9.573042312847023e-05,0.12114253905298682,28,11,0,0.0,17,2,0
3151691953,🍀元祖さん【おすみん】,6_ski,,【あるスポーツで元日本一】 clan:FoL. team:出鱈目[team master]IGN【FoL.がんそ】【出鱈目≠元祖】【がんそくん】,30771,119,14,34218,0,59551,0,1,0,3151691953,1,bot,256.43333333333334,0.5746070660934981,1.9352658260756532,72,5,1,0.2,11,1,0
61714263,xangie,angieskiff,chamber of secrets ☮ ,"📍Chicago, IL",1070,465,4,14199,0,19677,0,0,0,61714263,0,human,2.2982832618025753,0.7216180506148999,18.3734827264239,12,10,0,0.0,6,1,0
112431151,onemichile,onemichile,Chile,Cuenta oficial de la Oficina Nacional de Emergencia del Ministerio del Interior y Seguridad Pública (ONEMI),1418304,140,2789,550,1,69733,0,0,0,112431151,1,bot,10058.900709219859,0.00790145409699716,0.04916713964908817,107,10,0,0.0,10,1,1
184004752,マクドナルド,McDonaldsJapan,,日本マクドナルド公式アカウントです。,2687162,332,6221,15652,1,11830,0,1,0,184004752,0,human,8069.558558558559,1.3230496154171245,0.004402784646856182,18,14,0,0.0,6,1,0
81018959,ANASTASSIA SFEIR,ANASTASSIASFEIR,,Anastassia Sfeir YouTube,17463,392,61,302,0,32358,0,0,0,81018959,0,human,44.43765903307888,0.009363700979634723,1.852897388914338,24,15,0,0.0,16,2,0
118667208,仮面ライアー217⛩,disnyna,COJIRASE THE TRIP・バケモノバケツ委員会,参拝者のみんなこんにちわ、またインターネットで会えたね⛩ 【 #コンパス メグメグモーション】 【#バケモノバケツ委員会はいいぞ】 【毎週火曜・金曜YouTubeに動画UP！】 【お仕事、ご依頼はこちら→ info@cojitri.net まで】,154359,664,2061,901,0,75191,0,0,0,118667208,1,bot,232.1203007518797,0.011995957016703905,0.48712101580720396,123,7,0,0.0,10,1,0
562445678,Nabil Lahrech,Aiekillu,Montréal,"Algerian, french-canadian. Twitch partner and YouTube content creator. For business inquiries contact@aiekillu.fr",300071,230,202,18973,0,35981,0,0,0,562445678,0,human,1299.012987012987,0.5273192151631372,0.11991122130688635,113,8,0,0.0,13,2,0
18871948,Jayski,jayski,The USA,"NASCAR News, Race Updates, Schemes & Links from https://t.co/4qqCmVe8Qn; EMAIL: jayski@espn.com",104297,1188,2345,1441,0,82847,0,0,0,18871948,1,bot,87.71909167367535,0.017405368868288914,0.7943392970143244,95,6,0,0.0,6,1,1
18657572,Michael Kukielka,DetroitBORG,,Technology Assimilator,147378,313,995,25714,1,70162,0,0,0,18657572,0,human,469.359872611465,0.3665037127830908,0.4760718962674465,22,11,0,0.0,16,2,0
50687788,Macy's,Macys,,Must-have fashion & exciting events. Share your fave finds with #macyslove. Need help? DM us.,944665,1183,4462,8325,1,100822,0,0,0,50687788,0,human,797.8597972972973,0.08258036360751018,0.10672872740206592,93,5,0,0.0,6,1,0
77237454,BRENDA ASNICAR -,Asnicar__Brenda,"Argentina, Buenos Aires","Única e irrepetible, al igual que todos en este planeta... •MADE IN ARGENTINA• -----------Instagram: Basnicar #TodoAmorCeroOdio",997592,585,2071,2047,1,8456,0,0,0,77237454,0,human,1702.3771331058022,0.24216625280832446,0.008477405114109661,127,15,0,0.0,16,3,0
391628219,サボさん,SABO_san_bot,スイちゃんとコッシーの間,Eテレ　みいつけた！のサボさん非公式bot。【サボさんと会話したい人向け】試運転中。★フォローする時は必ず説明書読んでね★たまに手動。反応ワードのご要望や何かあればDMかサボさんbotのマネージャー@ruyu_nicaまで。※さよならはブロックでお願いします【手動中、返信が遅れますがご容赦を】,1220,972,14,68,0,53623,0,0,0,391628219,1,bot,1.2548818088386433,0.001286737281814113,43.91809991809992,147,12,0,0.0,4,1,0
105711392,ホープ,hope_bot,,"FF13のキャラクター「ホープ」の非公式ボットです。
ゲーム内の台詞やちょっとした事を呟きます。挨拶もできます。
どうやら先人がいらっしゃるようなので、ホープ２号です（笑）
気まぐれで中の人も呟いたり。
追記：ライトさん（light_san_bot）とスノウ（snow_bot）ボット、出来ました。",848,826,72,0,0,479438,0,1,0,105711392,1,bot,1.026602176541717,2.0857710782810742e-06,564.7102473498234,149,8,0,0.0,3,1,0
153057640,ニュース速報(社会),ceek_national,,http://t.co/dbWCqVO1DDのフィード@社会を垂れ流すだけのアカウント。他カテゴリもまとめてフォローしたい人は上のリストで。,867,0,69,0,0,1021486,0,1,0,153057640,1,bot,868.0,9.789649794857888e-07,1176.828341013825,70,13,0,0.0,10,1,0
15032862,CBS Chicago,cbschicago,Chicago,"CBS Chicago: The latest news, weather & sports for all of Chicagoland. Email tips to cbschicagotips@cbs.com or call 312.899.2200.",148063,2338,2846,2416,1,104317,0,0,0,15032862,1,bot,63.302265925609234,0.023169539293314674,0.7045466825156689,129,10,0,0.0,11,2,0
3383003321,Bieten Online,BietenOnline,,"Online Auktionen - Für jeden etwas dabei - Von Autos bis zu Münzen, Erotik Artikel etc. ein blick lohnt sich. http://t.co/su01ozK8xy",874,940,74,34,0,300582,0,0,0,3383003321,1,bot,0.9298618490967057,0.00011644038418673046,343.52342857142855,132,12,0,0.0,13,2,0
2425410558,Julien Bam,Julien_Bam,"Aachen, Nordrhein-Westfalen",bin cooool,1698187,382,476,16829,1,7121,0,0,0,2425410558,0,human,4433.911227154047,2.3631002527379947,0.004193881949466137,10,10,0,0.0,10,2,0
65845089,サメジ部長,samezi,そこな,ゲームやツールや動画や漫画やMMDやVRコンテンツや世界を作るマンです。雑談SlackとアダルトVRの会というSlack Teamやってます。持病は双極性障害1型と不定の広汎性発達障害です。バーチャルYouTuberのアローザもよろしく。 @youtuberAROZA,1243,1095,102,6765,0,129415,0,0,0,65845089,1,bot,1.135036496350365,0.05228101625764975,104.03215434083602,134,6,0,0.0,5,1,0
468655121,Dony,donygemini,Arizona ,Be the energy you want to attract,76324,28774,59,4,0,23071,0,1,0,468655121,0,human,2.6524761077324066,0.00021671289875173372,0.3022862757943007,33,10,0,0.0,4,1,0
253755500,JUANPA ZURITA 🇲🇽,ElJuanpaZurita,,Z1 COLLECTION OUT NOW ↙️,5447247,2864,2208,34048,1,20814,0,1,0,253755500,0,human,1901.308202443281,1.635791496516935,0.0038211955835313538,24,14,0,0.0,16,3,0
389320918,@𝘿𝘾𝙃𝙤𝙢𝙤𝙨,DCHomos,"Washington, DC","News, noise, food, sports, art, charity, fashion, TV, film, happy thoughts, all things LGBT+ in DC. 2X Best Local Twitter Feed, Best of Gay DC.",98019,9787,797,56580,0,170558,0,0,0,389320918,1,bot,10.01430322844299,0.33173857726651773,1.7400428483982862,143,7,0,0.0,8,1,0
45285656,Joe’s Law ☀️☕️🇺🇸🌟,JoeNYLaw,"Charmingville, USA ",Winning Verdicts•World🌎Traveler•Art&Ardor•Bleeding Black & Gold 🐧•Scion of Royalty👑•Baritone•Violin🎻•Guitar 🎸•🇺🇸 🇮🇱• #Glock• μολὼν λαβέ• #WalkAway #IFB,110498,70213,798,19666,0,104514,0,0,0,45285656,0,human,1.5737459765858661,0.18817394632349424,0.945845663761663,151,8,0,0.0,17,3,0
380663119,A Boujie 🐙,_AmberNicole,,Kayden🧡Kash,977,933,0,1892,0,29968,0,0,0,380663119,0,human,1.0471092077087794,0.0631652707798058,30.643149284253578,11,12,0,0.0,10,3,0
105547201,The Boss ®™,Beytell66,South Wales,Aspiring #tattooist Supporting #TattooTuesday & #BossApprovedInk #BossApprovedMotivation #SocialMedia #CFCFamily #Taken |Not all retweets are mine #DNT,92995,63065,314,27298,0,10623,0,0,0,105547201,0,human,1.4745821837440143,2.5695594879518073,0.1142414727515162,151,9,2,0.2222222222222222,11,3,0
385181678,Kostin Valentin,KostinValentin,,,1285,1892,1,0,0,6030,0,1,0,385181678,1,bot,0.6793449550977285,0.000165809981760902,4.689735614307931,0,14,0,0.0,15,2,0
590316679,AP Sports,AP_Sports,,"The top sports stories and insights from the global staff of The @AP, breaking news since 1846.

Please also follow @AP_Top25, @AP_NFL and @AP_Deportes!",124942,5847,2798,224,1,172658,0,0,0,590316679,1,bot,21.365082079343367,0.0013031466648133025,1.381902147379205,152,9,0,0.0,9,2,0
708378902557822976,blvdbeats,blvd_beats,,,1389,3534,2,12,0,3299,0,1,0,708378902557822976,1,bot,0.3932107496463932,0.00393939393939394,2.3741007194244603,0,10,0,0.0,9,1,0
18424289,Al Jazeera News,AJENews,"Doha, Qatar","Breaking news and ongoing coverage from around the world. Follow @AJEnglish for unique perspectives, videos, and more.",1445304,373,18867,373,1,113986,0,0,0,18424289,1,bot,3864.451871657754,0.0032810759121654222,0.07886709033733365,118,7,0,0.0,15,3,0
1490985685,Ajaz Khan,AjazkhanActor,"Mumbai, India",Bollywood Film Actor | Fitness Freak | Proud Indian | Ek Number Manas,206661,224,185,22643,1,18739,0,0,0,1490985685,0,human,918.4977777777777,1.2083244397011739,0.09067946695570545,69,13,0,0.0,9,2,0
25415355,Bob Pockrass,bobpockrass,,I cover motorsports for ESPN.,128919,11318,2555,1755,1,133868,0,1,0,25415355,0,human,11.389698736637513,0.013117301242259223,1.038388147688489,29,11,0,0.0,12,2,0
115885449,꧁sͫeͦeͤdvillaͩgͬeͣ꧂,Seedvillage,「種」って呼んでくださいな,アイコン:秘密 大人です。来不拒去不追。もふどらやってます。アイコン補正かなり強め。かなり濃い性的嗜好してます。RTも多め！無濾過脳直ツイート。雌の鼠蹊部ほんと好き。いいものは拡散したいマン。とってもNSFW。地雷リストはhttps://t.co/D5DXD4FvUu へ,1387,1051,0,30669,0,242088,0,0,0,115885449,1,bot,1.3193916349809887,0.126688944974782,174.4157060518732,136,11,0,0.0,19,1,0
17128975,CNN Indonesia,CNNIndonesia,,"News We Can Trust.
redaksi@cnnindonesia.com | marcomm@cnnindonesia.com | Download app: https://t.co/oE5SdSo1Km & https://t.co/RsVHQILD2w",260625,33,832,100,1,297591,0,1,0,17128975,1,bot,7665.470588235294,0.00033939084383988817,1.141835427010352,136,12,0,0.0,13,2,0
322756294,Kaka,aa_kaka,"Santa Maria, Brasil",Medbulanda vagando pelos vestibulares da vida,1657,810,3,57588,0,171323,0,0,0,322756294,0,human,2.0443896424167693,0.33614087926968783,103.33172496984318,45,7,0,0.0,4,1,0
716433889,عزوز,Azooz_1Q,المملكة العربية السعودية,"#Gamer 🎮 #Anime ✨ #Movie 📺 #japan 🇯🇵 Most of what we worry about, never happen",122816,122842,85,76,0,36496,0,1,0,716433889,1,bot,0.9997883477284013,0.0021097624462284572,0.2971657018165238,78,8,1,0.125,4,1,0
249575732,Sindir Aja dah,asikSindir,Indonesia,Mau nyindir? Follow @asikSindir! Berisi kata-kata sindiran yang sangat pedas!,93820,6,67,42,0,7119,0,0,0,249575732,0,human,13403.0,0.006039325842696629,0.07588919325097793,77,10,0,0.0,14,3,0
53975347,CinemaNET,CinemaNET,México D.F. / Mexico City,Proyecto de cobertura y crítica fílmica 📽 con @charliedelrio #RobertoOrtiz  @deidali @GeneralaLola y @enriquefa86 | #iTunes 🎵 | https://t.co/ULRqtmZ1FD 📺,955942,243,1252,5266,0,14091,0,0,0,53975347,0,human,3917.7991803278687,0.3737581606585297,0.014741464710762044,153,9,0,0.0,9,1,1
19678937,Canadiens Montréal,CanadiensMTL,Montréal,Compte officiel des Canadiens de Montréal / Official account of the  Montreal Canadiens #GoHabsGo 🏒🥅 https://t.co/93hXF76xnp |  https://t.co/qy0I97r13F,1472482,139,7154,2453,1,126040,0,0,0,19678937,1,bot,10517.735714285714,0.01946985504716719,0.08559759263774183,151,12,0,0.0,18,2,0
40940905,Dallas Art News,DallasArtNews,"Dallas, Texas","Art news & reviews for museums & galleries in Dallas, Fort Worth & Texas. @DallasArtPress @MrHolga @PMSIII #art #artnews #artreviews #dallasart #texasart",97363,51049,1736,951,0,25524,0,0,0,40940905,0,human,1.907228207639569,0.037296767874632715,0.26216055215480055,153,13,0,0.0,15,3,0
127549772,SPENDIN OUT NOW,iLoveMakonnen5D,5th Dimension(Earth),“Spendin” ft. @gucci1017 out now,131059,782,489,22014,1,111703,0,0,0,127549772,0,human,167.38186462324393,0.197083363174103,0.8523119182054021,32,15,1,0.06666666666666667,15,3,0
153323842,ニュース速報(スポーツ),ceek_sports,,http://t.co/g5f1pwvm7pからスポーツニュースを垂れ流します。他カテゴリもまとめてフォローしたい人は上のリストで。,902,0,61,0,0,666041,0,0,0,153323842,1,bot,903.0,1.5014068181886428e-06,737.5880398671096,66,11,0,0.0,12,1,0
290181133,Celeste Muriega,CelesteMuriega,zona oeste,creciendo... https://t.co/9e0nP0zjdq,133554,1226,182,44703,0,50146,0,0,0,290181133,0,human,108.84678076609617,0.891459110215965,0.37547826738047996,36,14,0,0.0,15,2,0
1976799638,Athlete Tweets 🏈🏀⚾️,AthleticDesires,What.the.tweets@gmail.com,"Bringing you all the latest highlights, sports videos, stats, & other athlete content all day. Hit us with a follow & we will return the favor. DM for promo.",117618,79814,250,537,0,5223,0,0,0,1976799638,0,human,1.4736453047672744,0.10298621745788668,0.044414592880401976,157,15,0,0.0,19,3,0
1171100534,高町なのは,_takamachi_n,,初めまして！時空監理局、空戦技教導隊所属高町なのは一等空尉です！大切な友達と一緒に全力全開で頑張ります！,883,277,13,80,0,122802,0,1,0,1171100534,1,bot,3.179856115107914,0.0006595930066855045,138.91742081447964,52,12,0,0.0,5,1,0
791449,adrienne tramway,solarpowerspork,60609,"hydration, hot sauce, having a bant. she/her. 🚡",1478,488,133,41030,0,212584,0,0,0,791449,1,bot,3.0245398773006134,0.1930098548815768,143.73563218390805,47,15,0,0.0,16,2,0
127973382,Jhon Henry,JhonHenryR,República medieval de Colombia,"Anhelar es mi verbo Toujours avec Dieu--- Bacteriólogoblasto ,
Nostalgico, romántico, melancólico y sarcástico.",93928,80227,178,66649,0,33262,0,0,0,127973382,1,bot,1.1707757890013462,2.003727865796831,0.3541291826805353,111,10,0,0.0,10,2,0
551984787,د. جواهر السيف♛اصايل,Jawaher_ALsaif,"London, England",دكتوراة في العلاقات الدولية ‏‏‏‏‏‏‏‏‏‏‏‏‏‏‏‏‏۩ بنت الشمس ۩ ●شخص واحد لن اسامحه حتى لو كان عند باب الجنه مترجياً باكيا هو من شوه سمعتي وقال عني ماليس بي♛,124912,3399,731,10584,0,169232,0,0,0,551984787,0,human,36.739117647058826,0.06254690279082685,1.3548069456341614,152,14,0,0.0,20,3,0
35359596,Demi Brasil,demibrasil,contato.demibrasil@gmail.com,Primeiro fã site brasileiro dedicado a cantora Demi Lovato | @mediadbr @tweetdaddlovato | Universal Music Brasil.,109055,169,1531,6595,0,137618,0,0,0,35359596,1,bot,641.5058823529412,0.04792942834928317,1.2619113116197183,113,10,0,0.0,11,2,0
3435630622,Mikete,caraimikete,Paranazão,ja que elas qué putaria o bonde nao te cobra nada- snap: wesleymiketa,1987,270,0,9859,0,4516,0,1,0,3435630622,0,human,7.3357933579335795,2.1828647332300197,2.272132796780684,69,11,0,0.0,6,1,0
331726637,HANDE | BALES,Handebales,İstanbul,,78730,66786,48,51100,0,105619,0,0,0,331726637,1,bot,1.1788371988560649,0.48381935239537965,1.3415300199413192,0,10,0,0.0,13,3,0
2267288083,Aljen Callera,aljencallera,"Perth, Western Australia",i kiss the breeze,952,0,0,7825,0,54427,0,0,0,2267288083,0,human,953.0,0.14378628647019917,57.11227701993704,17,12,0,0.0,13,2,0
440784095,O Cümleler,ocumleler,"İstanbul, Türkiye","Filmler, yazarlar ve hayatın içinden ""O"" anınızı özetleyen ""O"" cümleler...",1451615,0,735,29157,0,93526,0,0,0,440784095,1,bot,1451616.0,0.31176024035839917,0.06442957366135396,74,9,0,0.0,10,2,0
1959425161,Hayla,haylagoulart,"Rio de Janeiro, Brasil",seja luz 🌼,1481,701,6,21457,0,54036,0,0,0,1959425161,1,bot,2.111111111111111,0.3970982845087625,36.46221322537112,10,12,0,0.0,5,1,0
14848513,National Air and Space Museum,airandspace,"Washington, DC",The Smithsonian's National Air and Space Museum maintains the largest collection of historic air & space objects in the world. Legal: https://t.co/dJOZaQ7IFu,200675,553,3814,3678,1,33554,0,0,0,14848513,0,human,362.23104693140795,0.10964088809417374,0.16720983077199067,157,11,0,0.0,29,5,0
543186638,Jhoseva Adrian,jhoseva,Buenos Aires Argentina 🇦🇷,"Me burlo de todo, no te tomes nada personal 🔞",80751,48088,140,3068,0,43850,0,0,0,543186638,0,human,1.6792197799912663,0.06998700143668331,0.5430329898949872,45,7,0,0.0,14,2,0
527506722,24 Horas,24HorasTV,"Lima, Perú",Noticiero decano de la televisión peruana. Sigue nuestras tres ediciones por @PanamericanaTV.,184036,71,436,1721,0,98048,0,0,0,527506722,1,bot,2556.0694444444443,0.01756264724780467,0.5327678673310259,93,9,2,0.2222222222222222,8,2,0
175479697,Bennington,BenningtonShow,"New York, NY",2pm to 5pm Weekdays on SIriusXM 103,60985,688,342,7206,0,16961,0,0,0,175479697,1,bot,88.51378809869377,0.42489093267303385,0.27812940674909,35,14,0,0.0,10,1,0
183052795,Gimena con G,gimeaccardi,Argentina,"Entre otras cosas, actriz. ✨",1240924,375,1484,15539,1,13919,0,0,0,183052795,0,human,3300.3324468085107,1.1163793103448276,0.011217438604266978,28,11,0,0.0,12,3,0
199719062,Jesús Daza Castro,_JesusDaza_,"Valledupar, Cesar",Jurista Per Sæcula Sæculorum⚖️ •AllB• •JHS• •XXlll•,92399,27263,83,299,0,14931,0,0,0,199719062,0,human,3.3890845070422535,0.02009107956067506,0.1616017316017316,51,11,0,0.0,17,3,0
1012481676524576770,Saltzman.,CamzEyes,Mystic Falls.,“How on earth do you always do that? It's like she appears out of smoke.”,1,8,0,2,0,15,0,1,0,1012481676524576770,0,human,0.2222222222222222,0.1875,8.0,73,8,0,0.0,9,1,0
227799456,Hicham Boulos,HichamBoulos,"Beirut, Lebanon",Musical composer. Holding a PhD in Dramatic Arts.,116380,329,90,35961,1,19576,0,0,0,227799456,1,bot,352.669696969697,1.8369515247484294,0.1682147429563245,49,12,0,0.0,13,2,0
3189798943,✖,almalki05433,,مالك المالكي,619,2836,0,683,0,1214,0,1,0,3189798943,0,human,0.21854071201973915,0.562962962962963,1.9596774193548387,12,12,5,0.4166666666666667,1,1,0
461918556,JON,DatKiddJonS,,,989,707,6,23627,0,52250,0,1,0,461918556,0,human,1.3983050847457628,0.45220187173451226,52.77878787878788,0,11,0,0.0,3,1,0
116611790,LEONARDO VILLALOBOS,LV797,"ÜT: 10.474028,-66.85989",Animador Venezolano Twitter Oficial Instagram @leonardovillalobos Info@leonardovillalobos.com,1087975,401,4277,55,1,42591,0,0,0,116611790,0,human,2706.407960199005,0.001314800901577761,0.03914792238064075,93,5,3,0.6,19,2,0
998977009056444416,Ana Clara 🌶️,anacclarac,"Porto Alegre, Brasil",Participante do #BBB18 / Administrado por @naoFabricio,246,2,0,1,0,26,0,0,0,998977009056444416,0,human,82.33333333333333,0.07407407407407407,0.10931174089068826,54,10,0,0.0,12,3,0
81577367,El Hematocrítico,hematocritico,A Coaraña,Born to riquiño,122743,1831,1187,40396,0,119491,0,0,0,81577367,0,human,67.0,0.33807284169651525,0.9735058332790197,15,13,0,0.0,16,2,0
237619353,Aja Vinet❄️☃️🥳🎉🎁🎂,ajadayne,⚜️New Orleans✈️🇯🇵Tokyo Bound,"Come on you Raver, you Seer of visions, come on you Painter, you Piper, you Prisoner, and Shine! - Pink Floyd",848,977,176,46260,0,201027,0,0,0,237619353,0,human,0.8680981595092024,0.23012217203573632,236.78209658421673,109,8,0,0.0,17,2,0
55659987,Daniel Hill,danielhill1336,Chicago:,"Pastor of River City (@rc3chicago), a multiethnic church in Chicago; author of #WhiteAwake and 10:10:Life to the Fullest; seeker of justice everywhere",88091,68714,783,26250,0,15424,0,0,0,55659987,0,human,1.2819908316961361,1.7018476499189628,0.1751010307405894,150,14,4,0.2857142857142857,11,2,0
927351564,البوابة نيوز,AlBawabaNews,Egypt,https://t.co/Vuqaasyksw,73311,11,251,0,1,330339,0,1,0,927351564,1,bot,6109.333333333333,3.0271841133377733e-06,4.50594718463553,23,12,0,0.0,12,2,0
80628196,AARP,AARP,,AARP is leading a revolution in the way people view & live life after 50,129182,1291,2576,3678,1,54962,0,0,0,80628196,0,human,99.98684210526316,0.06693593872241325,0.42546619911288636,72,4,0,0.0,4,1,1
109531911,Harian Bernas,harianbernas,"Yogyakarta, Indonesia","Akun Resmi https://t.co/wDEyZzRDA3 dan Koran Harian BERNAS yang terbit sejak 1946 , Inspirasi Bisnis dan Pribadi Bertumbuh",914005,5,620,163,0,44055,0,0,0,109531911,1,bot,152334.33333333334,0.0037225349555111676,0.04820099649236438,122,12,0,0.0,13,2,0
1098366914,Яблоки Брендона,Miss__Jackson_,,"Мы перестали проверять, есть ли монстры под нашими кроватями, когда осознали, что они внутри нас.",887,468,30,1239,0,98818,0,0,0,1098366914,1,bot,1.8933901918976546,0.012548194173185319,111.28265765765765,97,14,0,0.0,15,2,0
1375507088,1D updates,1DAllUpdateess,,"One Direction updates / news here, only 1 owner BOY : @alaanpiris",84537,37374,196,456,0,43029,0,0,0,1375507088,1,bot,2.261886287625418,0.010620497327445967,0.5090018689819963,65,14,1,0.07142857142857142,10,2,0
1322467172,Debbie Hammond,clockwkceo,global,@ImDebbieHammond @ClockWkEnt Build start up co's & artists.Proven track record all business from health care to entertainment.Moving mountains a stone at a time,442243,52915,341,8735,0,7970,0,0,0,1322467172,0,human,8.357472220122458,1.0959729017689124,0.01802398675844104,160,10,0,0.0,14,2,0
2768501,ABC News,abcnews,Australia,Latest news updates from the Australian Broadcasting Corp. This is an official @abcaustralia account.,1495994,1206,11736,2864,1,286380,0,0,0,2768501,1,bot,1239.4324772162386,0.010004155303599051,0.19143178954475115,101,7,0,0.0,8,2,0
284566764,Marcos Salles,salles_marcos,,"Comunicador/Radialista, Estudante Universitário!
Diretor do Portal Expresso PB - http://t.co/KdwCj9jj3H",1072,895,2,128,0,25231,0,1,0,284566764,1,bot,1.1975446428571428,0.0051125554850982875,23.51537744641193,104,13,0,0.0,13,2,0
251112856,Ahmet Reyiz Yılmaz,ARY_YILMAZ,Türkiye ,BİR İBRAHİM KAVGASI TÜRK İSLAM DAVASI BİR MİLLETİN KAYIP TARİHİ,254315,28,9,5934,0,5552,0,1,0,251112856,0,human,8769.51724137931,1.068791644156312,0.021835039871655734,63,10,0,0.0,18,3,0
20566864,PROSTYLE,DJPROSTYLE,"NEW YORK, NY","Music Director for Power 105.1 New York🗽 On Air Personality for Power 105.1 🎤🎧 Husband, Dad & Party Animal 😎",680599,838,3089,2519,1,85864,0,0,0,20566864,0,human,811.2038140643623,0.029348395737494905,0.1261607405230679,108,10,0,0.0,8,1,0
904506863596724224,Nadine Lustre,hellobangsie,,Reserved for the real hellobangsie (currently handled by JaDine NATION for safekeeping),23622,3,3,2,0,4,0,1,0,904506863596724224,0,human,5905.75,0.6,0.0002116581297887652,87,12,0,0.0,13,2,0
20117790,joanna coles,JoannaColes,New York,"Executive Producer @TheBoldTypeTV // Author of ""Love Rules"" https://t.co/hv46LHLZ1d //  Former Chief Content Officer @Hearst // Order of British Empire 🎖",135332,1689,906,15688,1,5829,0,0,0,20117790,0,human,80.07869822485208,2.691080617495712,0.043078923839713894,153,11,0,0.0,12,2,0
86271665,Alex Crawford,AlexCrawfordSky,,Sky News Special Correspondent. Author of Colonel Gadaffi's Hat. Facebook: Alex Crawford Sky News Instagram : alex_crawford6  email: Alex.crawford@sky.uk,99230,2327,1469,1784,0,12487,0,0,0,86271665,0,human,42.625,0.1429372197309417,0.12584776934627284,153,15,0,0.0,13,2,0
1636329254,Hula Gona,hula_gonna,,,2319,1537,24,44586,0,59272,0,1,0,1636329254,1,bot,1.5084525357607281,0.7522312013901776,25.548706896551725,0,10,0,0.0,9,2,0
21313364,L'Obs,lobs,Paris,Compte officiel de L'Obs ➡ Suivez-nous aussi sur Facebook https://t.co/QCt3Z8kB1M et sur Instagram @lobs | Piloté par @iiiiide et @adrien_briand,1316193,333,9405,111,1,181311,0,0,0,21313364,1,bot,3940.7005988023952,0.0006177197317331451,0.1377547686739189,144,4,0,0.0,5,1,0
2374357068,LA FAMILLE ACKERMANN,clanackermann,Paris,"Si la famille ACKERMANN n'existait pas, il aurait fallu l'inventer... #LFA #familleackermann",18503,53,55,1373,0,8624,0,0,0,2374357068,1,bot,342.6666666666667,0.15930434782608696,0.4661154345006485,92,13,0,0.0,20,3,0
465085290,ASLAN RUHU,ASLAN_RUHU,,"M.K.ATATÜRK | ASY-Baba Gündüz-Metin OKTAY-Metin KURT-HAGI-Hakan -Bülent-TAFFAREL | Tarihine ve onu yazanlara Sahip çıktığın, Saygı duyduğun kadar BÜYÜKSÜN",84953,28,72,4494,0,19866,0,0,0,465085290,0,human,2929.448275862069,0.22625459304374088,0.2338559691126963,154,10,0,0.0,10,2,0
21111883,Demi Lovato,ddlovato,DALLAS/LA,"Singer, Songwriter, Actress, Entrepreneur, Philanthropist 💗 #Sober: https://t.co/Epmgxhvv2O",57374310,535,102159,2081,1,17080,0,0,0,21111883,0,human,107041.625,0.12188981909724254,0.0002977116361362492,91,8,0,0.0,11,2,0
870188413,Katya LK,ShishaLK,,,1340,991,0,0,0,2364,0,0,0,870188413,1,bot,1.3518145161290323,0.00042283298097251583,1.7636092468307234,0,8,0,0.0,8,2,0
100556581,DANDO CANDELA,dandocandela,"San Juan, PR",¡Show #1 de Farándula y Entretenimiento en Puerto Rico!   Lunes a Viernes 5:55pm por Telemundo Tu Canal Siempre #DandoCandela,113351,1087,325,1792,0,27112,0,0,0,100556581,0,human,104.18382352941177,0.06613063843912514,0.23919295645423108,125,12,0,0.0,13,2,0
2953383298,Judith 💕,judithacosta674,"Longchamps,Buenos Aires ","• A veces es mejor guardar silencio, sonreír y seguir adelante./ Leonina ♌",1086,1503,4,26490,0,20166,0,0,0,2953383298,0,human,0.7227393617021277,1.3135815936926662,18.552897884084636,74,15,3,0.2,8,2,0
43563720,#WuzDat Music Video Out,Boity,South Africa,BOOKINGS: info@adeagency.africa | Actress. TV Host. Entrepreneur. Musician. #OwnYourThrone👑 #WuzDat Music Vid - https://t.co/ZCAApE5KT3,2501941,2638,1640,22497,1,105576,0,0,0,43563720,0,human,948.0644183402804,0.213095655303712,0.042198020577615306,135,5,0,0.0,23,4,0
148711787,العربية,AlArabiya,,العربية #أن_تعرف_أكثر,13899691,36,13403,2,1,166017,0,0,0,148711787,1,bot,375667.35135135136,1.8070329723283017e-05,0.011944005665737053,21,9,0,0.0,7,1,0
2934134629,#سعد_سالم_,saad47179675,,اللهم ارحم من ضمه التراب وابتعد عن الاهل والاحباب واجمعنا معه بالفردوس الاعلى وجميع اموات المسلمين”,700,1515,1,47,0,30231,0,1,0,2934134629,1,bot,0.462401055408971,0.0015877216194760519,43.12696148359486,99,12,8,0.6666666666666666,10,1,0
18735040,Bank of America Help,BofA_Help,http://go.bofa.com/BofAHelp,"Need help? Connect with us 8a-9p M-F, 8a-8p Sat, 8a-5p Sun (ET). Please don’t Tweet acct or SSN numbers. Twitter has access to & can use any info you share.",119656,62857,1046,22,1,770642,0,0,0,18735040,1,bot,1.9036081326163734,2.9845207184130654e-05,6.440433906917272,156,9,0,0.0,20,4,0
97104042,RayClark ☠️🐍++®,DaReal_Rizzy,"Philadelphia, PA",⠀⠀⠀ ⠀⠀⠀ Rizzy Promotions ⠀⠀⠀ ⠀⠀⠀ ⠀⠀ ⠀ ⠀⠀ ⠀⠀ ⠀⠀⠀ ⠀⠀⠀ ⠀ ⠀ Est. 09’⠀ ⠀⠀⠀ ⠀⠀⠀ ⠀⠀ ⠀ ⠀⠀⠀ ⠀⠀ ⠀⠀⠀ Entrepreneur/Investor/Sponsor,86154,33347,272,727,0,43741,0,0,0,97104042,0,human,2.583513254168166,0.016643043299346166,0.5077128431315652,119,12,0,0.0,15,2,0
16814960,Patrícia Kogut.com,PatriciaKogut,,O Globo no Twitter - Acompanhe as atualizações do site da colunista Patrícia Kogut e troque ideias sobre televisão,1085644,438,2614,72,1,35628,0,0,0,16814960,1,bot,2472.995444191344,0.002048892755901092,0.03281827853488019,114,13,0,0.0,18,2,0
97537762,Bakhtawar B-Zardari,BakhtawarBZ,Karachi/Dubai ,"1st child born to a sitting female Prime Minister! MA(H) Literature @EdinburghUni, #SZABIST trustee & chairperson, tweets unfiltered #JeayBhutto ❤️",2276939,690,1459,13812,1,7552,0,0,0,97537762,0,human,3295.137481910275,1.828809744472395,0.0033171712912944567,147,11,0,0.0,19,2,0
120816414,AppleInsider.ru,AppleInsider_ru,Россия,"Лучшее из мира Apple.
Участники медиагруппы i10.ru",109338,12,1249,1,0,93901,0,0,0,120816414,1,bot,8410.692307692309,2.1298800877510595e-05,0.8588152443318486,50,15,0,0.0,15,1,0
21771224,Bootsy Collins,Bootsy_Collins,The Land of Funkaholic's,"I am the P-Master of the Universe,Spreadin' Hope like Dope!",973739,401,4920,1491,1,18120,0,0,0,21771224,0,human,2422.2388059701493,0.08233541195298273,0.018609690471789182,59,14,0,0.0,14,2,0
1652541,Reuters Top News,Reuters,Around the world,"Top and breaking news, pictures, and videos from Reuters.",20160289,1081,117098,781,1,351282,0,0,0,1652541,1,bot,18632.43068391867,0.002226125374697893,0.01742450133405819,57,7,0,0.0,16,3,0
872185597,Getty Images Sport,GettySport,Global,Follow us ➡️ https://t.co/3iyOHoZMvO,934578,13242,1321,5544,1,13942,0,0,0,872185597,1,bot,70.5715472325002,0.39769059743240337,0.014919017011937995,36,10,0,0.0,18,3,0
109651819,FOROtv,Foro_TV,México DF,El canal de información de la televisión mexicana,1445125,554,6623,823,1,513363,0,0,0,109651819,1,bot,2603.830630630631,0.0016050989161686445,0.3552382283620944,49,7,0,0.0,6,1,0
39922594,The Diplomat,Diplomat_APAC,"Tokyo, Japan","The Diplomat: the premier international affairs magazine for the Asia-Pacific, covering politics, defense and society from China and Iran to Burma and Australia",138458,940,4102,815,1,71809,0,0,0,39922594,0,human,147.14027630180658,0.011363319871884138,0.5186372861280235,160,13,0,0.0,12,2,0
560646552,عبدالله الحنيان,a_alhanyan,Instagram : alhanyan,إعلامي في صحيفة الرياضية ads.hanyan@gmail.com,1213279,958,1746,22,1,15182,0,1,0,560646552,0,human,1265.1511991657976,0.0015148521372587763,0.01251401160490571,45,10,0,0.0,15,2,0
17442457,Cleveland Clinic MD,CleClinicMD,"Cleveland, Ohio, United States","News and insights for physicians and clinical professionals from @ClevelandClinic. Research, case studies and CME opportunities.",299192,1721,1517,401,1,25344,0,0,0,17442457,1,bot,173.74738675958187,0.015861116591043598,0.0847112064787612,128,11,0,0.0,19,3,0
18708066,Babble,BabbleEditors,LA / NYC,"Real talk on parenting - the good, the bad, and the sticky.",109820,6487,2012,5476,0,62491,0,0,0,18708066,1,bot,16.926787916152897,0.08764321833194649,0.5690350661531037,59,13,0,0.0,6,1,0
495103914,عبدالله القحطاني,_AV505,,[ يا كثر ما نَكتب تَغاريد وأشعَار ويمُوت مُعظَمها فـ مَهد الكِتابة ] - سبحان الله والحمدلله 🕊♥️-,968,19,1,7,0,19914,0,0,0,495103914,1,bot,48.45,0.00040170725583730854,20.552115583075334,96,6,3,0.5,16,2,0
771058757434572800,BJP Delhi,BJPDelhiState,"New Delhi, India",,71,1,1,0,0,3,0,1,0,771058757434572800,0,human,36.0,0.25,0.05555555555555555,0,13,0,0.0,9,2,0
2594535174,Bukan Sekedar Wayang,BSWayang_NET,,Official account program Bukan Sekedar Wayang. Hadir Setiap Senin-Jumat jam 14.30 WIB hanya di NET.,89566,45,125,275,0,16708,0,0,0,2594535174,0,human,1947.108695652174,0.01651804416781375,0.18655308316679134,99,12,0,0.0,20,3,0
352132252,ばななん,0128tktk,ロン毛が似合う人って素敵だよね,音楽と漫画とアニメと映画 とけーぽ∞🐸∞🐴,910,916,26,7322,0,150340,0,0,0,352132252,1,bot,0.9934569247546347,0.04870926759832647,165.02854006586168,21,8,4,0.5,4,1,0
129712915,Bridgette West,BridgetteWest,"Charleston, SC",Daily vlogger with my best friend @Lyricoldrap 11/16/08💖 #VerifiedShannon on holidays; Coffee ☕️ & video games🎮 #KidBehindACamera #CameraCrew,196464,436,165,14015,0,14081,0,0,0,129712915,0,human,449.5766590389016,0.9953131657435024,0.07167688901331026,141,13,0,0.0,14,2,0
2259804247,lex,alexsadietrich3,,https://t.co/HZsIbyhLbt #AlexsaStrong tOSU | cancer survivor | 🎗,7965,661,32,9325,0,9876,0,0,0,2259804247,0,human,12.03323262839879,0.9442138301103574,1.2398945518453428,64,15,1,0.06666666666666667,3,1,0
435372214,Carmela Tunay,carmelaloo08,Makati City,"📧 carmelatunay@gmail.com// Keep going, you'll get there.",119684,2553,151,52972,0,46581,0,0,0,435372214,0,human,46.86178543461237,1.13719891803701,0.38920499644901196,56,12,2,0.16666666666666666,13,2,0
2303471682,KLAA Sports,KLAASports,Michigan,Welcome to the Kensington Lakes Activities Association Twitter Page,1713,62,24,4,0,29574,0,0,0,2303471682,1,bot,27.206349206349206,0.000169061707523246,17.254959159859975,67,10,0,0.0,11,2,0
51029993,Alejandro Sanabria,AlexSanabriaR,Venezuela,"Abogado. Le gusta la libertad, la tecnologia, la lectura y los deportes. Proteger a los animalitos de la calle. Instagram alex_sanabria_r",100365,21693,256,1617,0,61755,0,0,0,51029993,0,human,4.626440490458191,0.02619988341213809,0.6153079728194807,137,13,0,0.0,18,2,0
221866385,Magdyel Ugaz,magdyelugaz,"Lima, Peru",Actriz y Conductora / Eventos: 📞 986 663 419 /✉️ contactougaz@gmail.com,1203890,764,1111,8027,1,6499,0,0,0,221866385,0,human,1573.713725490196,1.2350769230769232,0.005399159890721004,71,11,0,0.0,12,2,0
2724427200,v,bahliss,,,781,66,10,30620,0,62856,0,0,0,2724427200,0,human,11.671641791044776,0.4871533798940452,80.37979539641944,0,7,0,0.0,1,1,0
3365682132,あすと,Astonbeet,ニコ動,Spl:S＋99 / Spl2:X / SSB4:ゲッコウガとかマリオとか。ゲッコウガ窓所属 / 琴葉姉妹が好きです。/ あんまり動かないスマブラ垢→@asto_SSB4 / アイコン絵師→@__Hotate_08さん,1129,1203,27,8169,0,46624,0,1,0,3365682132,1,bot,0.9385382059800664,0.1752278820375335,41.26106194690266,109,9,0,0.0,3,1,0
2185879122,P. R A S E T Y A,iTweetGue,Bandung in LOVE,Kamu Adalah Alasan Kenapa Mantanku Diciptakan! ❤❤,64201,810,9974,808,0,106826,0,0,0,2185879122,1,bot,79.16399506781751,0.007572991846630533,1.6639201270988442,49,9,0,0.0,16,8,0
151041505,コンチ,DateConchi,MOE　E鯖　ELG,"こんちーす。コンチっす。
 MOEのE鯖ELGでがんばってます。",1251,1280,73,13663,0,78957,0,0,0,151041505,1,bot,0.9773614363778298,0.1730540287241318,63.06549520766773,32,10,0,0.0,3,1,0
497370467,Dylan - SMF 🌴,ImDylanKohl,jerrrrzzzz,Ex Reality TV radio host. Veteran Broadcaster. Obssessd w bass in my face. Paris Hilton called me hot twice & I put ketchup on everything.Snap/IG-ImDylanKohl🦖,93609,53542,126,48133,0,26872,0,0,0,497370467,0,human,1.748314438862223,1.7911658542031035,0.2870740305522914,158,11,0,0.0,13,4,0
27151820,Digital Business Solutions In South Florida,InSouthFlorida,South Florida,We create digital marketing solutions designed to help #businesses grow in their local markets. #MobileApps 📱#MobileFirstlMarketing - Let's connect 305-595-5078,98963,49225,1836,1459,0,448937,0,0,0,27151820,1,bot,2.010401007597611,0.0032521194463378017,4.536376864314296,160,14,0,0.0,43,6,0
115873334,高専の就職率を下げた奴,a_kamesaki,永遠のsoldier game対策委員会,μ'sワンマンライブ全通おじさん。 学生時代の専攻とは全く関係ないことしている社畜。 JGC修行したい。 昔、遊びすぎてどこかの陰キャに偽裏垢作られました。はよ消せやボケ。 二次創作マンアカウントはこちら (https://t.co/E2t5L0L4pz),863,1480,59,449,0,228080,0,0,0,115873334,1,bot,0.5833896016205267,0.0019729832822549882,263.9826388888889,128,10,0,0.0,11,1,0
4849801408,guardando user,hereforsantoni,,That's my girls,24,57,0,6,0,169,0,0,0,4849801408,1,bot,0.43103448275862066,0.041176470588235294,6.8,15,14,0,0.0,14,2,0
2355004184,Drea de Matteo,dreadematteo,LA and NYC,SHADES OF BLUE,115716,295,351,2754,1,2108,0,1,0,2355004184,0,human,390.93581081081084,1.3063063063063063,0.01822549841423473,14,12,0,0.0,14,3,0
229674020,🏁,__BeeeJayyy,Instagram SS_Beeejayyy✌,✈ Snap - ChevyBoyBj,1146,881,8,2340,0,100735,0,0,0,229674020,0,human,1.300453514739229,0.02323896124523507,87.8256320836966,19,11,0,0.0,1,1,0
214705156,ℬ𝒶𝒷𝒾,AsconaBabi,"Santa Fé, Argentina","💚 🅳🅸🅴 🆃🆁🆈🅸🅽🅶




































💙💛",1348,420,1,12121,0,12324,0,0,0,214705156,0,human,3.204275534441805,0.9835294117647059,9.13639733135656,51,10,0,0.0,4,1,0
21749564,Mark Colvin,Colvinius,@amworldtodaypm ,"Presenter of PM, ABC Radio. Lifetime Lance-Corporal in the Awkward Squad. In bookshops now from MUP: 'Light and Shadow, Memoirs of a Spy’s Son'",99406,3071,1997,1580,1,165489,0,0,0,21749564,1,bot,32.359049479166664,0.009553447338207746,1.6647720985443681,143,9,0,0.0,11,2,0
34238668,Diario de Sevilla,diariosevilla,"Sevilla, Spain","Diario de información general, Sevilla. Newspaper, Seville.",175914,495,1722,135,1,65086,0,0,0,34238668,1,bot,354.66733870967744,0.0020895109622505264,0.36999118892647015,59,13,0,0.0,17,3,0
2934009661,Cindy D. Perkins,CindyDPishere,"Illinois, USA","Here to keep informed about politics, support the Resistance, & occasionally help educate folks about having ALS. Also to love horses, dogs, cats, etc. ❤️",5575,5710,98,287156,0,201873,0,0,0,2934009661,0,human,0.9763614078094904,1.422456581828269,36.20408895265423,154,13,0,0.0,16,3,0
94466609,D'MASIV,DMASIV,"Jakarta, Indonesia",D'MASIV are: @RianEkkyP @dwikkymarsall @raidmasiv @whypiadji @ramaramadhan__ Booking d'Masiv Band: Rachmat Susilo +62819 0514 1805 / Ario : +62813 8808 3303,1084204,5209,271,595,1,15471,0,0,0,94466609,0,human,208.1007677543186,0.03852119958634954,0.014270363999428153,156,6,0,0.0,7,1,0
14166096,Hannah Hart,harto,"Internet, USA",internet person + podcast person + TV person + book person + people person,1066292,930,4303,26224,1,21529,0,0,0,14166096,0,human,1145.3200859291085,1.2180678123548536,0.02019144831673846,74,5,0,0.0,11,2,0
1342608199,خالد,kh2013aled818,الخبر ,لا تكْثر من الشَّكوَىَ فَيَأْتيكَ الهمْ ، لكِـن أكْثِر مِنْ الَحمْدُ لِلّـَّه تَأتيكَ السَّعَآدَه ـ.. ' ' لمشاهدة تغريداتي روح للمفضلة,789,1505,0,59,0,27872,0,1,0,1342608199,1,bot,0.5245683930942895,0.0021526208158432892,35.28227848101266,134,13,7,0.5384615384615384,4,1,0
78039816,Traffic Center,FMCENTER,,1er programa de servicio público de información del tránsito en Caracas. @Renatoyanez @JonathanQuantip @JQuinteroTC @Cesarjavierg Instagram @TrafficFMCenter,1776171,223,6696,962,0,227391,0,0,0,78039816,1,bot,7929.339285714285,0.004234977483816493,0.1280236373504368,156,8,0,0.0,14,2,0
14215938,Warren Corpus,WarrenCorpus,"Delray Beach, FL",Internet marketing pioneer & ex-microbiologist / old-school rap & bourbon connoisseur🥃 / Florida Gators 🐊 supporter,1072,1057,77,584,0,5513,0,0,0,14215938,0,human,1.0141776937618148,0.10609357997823722,5.138863000931966,115,12,0,0.0,13,2,0
2851938001,ขำขรรม,kkrumkrum,-รวมทุกมุขหลากหลายแนวหลายอารม-,อ่านแล้วต้องยิ้มอินๆกันไป5555แอดมินน่ารักทุกคนใจดีด้วย ทักมาคุยได้ปรึกษาได้น้าา5555555 ขอบคุณคนฟอลทุกคนนะคะจ้วบบๆ◡̈♡ขออภัยนะคะที่ไม่ได้ให้เครดิต ig:kkrumkrumm,2835796,73,163,52,0,12786,0,0,0,2851938001,0,human,38321.58108108108,0.004144834597638226,0.004509137995420688,158,9,0,0.0,6,1,0
865209535,خبير ايفون 👨🏻‍💻,iMrabtich,iMrabtich@hotmail.com,هنا ستجد الشروحات والاخبار التقنية وتطبيقات الايفون والايباد المفيدة،للاعلانات هنا @afa9_ads او واتساب 0599866212 الحساب بادارة @Q8app @khal0d99 @mrabtich,220029,100,1120,234,0,42804,0,0,0,865209535,1,bot,2178.5148514851485,0.005490012848966243,0.19454165341089852,154,9,0,0.0,15,3,0
412545313,Aless 🦋,alessgardner,,from the 616,899,327,4,10621,0,9964,0,0,0,412545313,0,human,2.7439024390243905,1.0659307576517811,11.072222222222223,12,12,0,0.0,7,2,0
13657922,Des Moines Register,DMRegister,"Des Moines, Iowa, USA",The news Iowans have depended upon since 1849. Winner of 17 Pulitzer Prizes. Support local journalism by subscribing at https://t.co/M3wA9tGwwF.,151114,5036,2301,888,1,92880,0,0,0,13657922,1,bot,30.000992654357752,0.00957138704363648,0.6146378585845217,144,10,0,0.0,19,3,0
1016773517587537920,Pro LifeStyle,HuffPoLifestyle,United Kingdom,foodies 🍜 runners 🏃🏻explorers 🌍 lovers ❤️ dreamers ☁️ go-getters 👊🏽 feminists 💁🏼💁🏾,17,13,0,25,0,13,0,1,0,1016773517587537920,1,bot,1.2857142857142858,1.8571428571428572,0.7777777777777778,82,15,0,0.0,13,2,0
76041806,Caro Morán,Carolina_Moran,México,CEO de @remindplanner•Conductora @td_deportes @tdn_twit ⚽️• Conferencista• Mindfulness • Yoguini•Entrepreneur• TedxSpeaker• contrataciones@caromoran.com,138961,2679,355,13848,1,19420,0,0,0,76041806,0,human,51.85149253731343,0.7130940734256732,0.13975763158273485,152,14,0,0.0,10,2,0
36100710,Gobierno CDMX,GobCDMX,Ciudad de México,Gobierno de la Ciudad de México,2579728,214,4085,36,1,121810,0,0,0,36100710,1,bot,11998.739534883722,0.0003037492508886718,0.0472185256668433,31,7,0,0.0,13,2,0
38623068,GMA News Breaking,gmanewsbreaking,Philippines,Breaking news from GMA News in the Philippines. Follow @gmanews for more stories.,1416889,188,3328,96,1,367213,0,0,0,38623068,1,bot,7496.772486772486,0.0002641511489213374,0.2591690251183931,81,15,0,0.0,17,3,0
1262399822,Eric Bott,BottAFP,"Wisconsin, USA",Father. Americans for Prosperity Wisconsin Director. We break down barriers and fight cronyism. Tweets are my own. Retweets/Favorites are not endorsements.,1692,2304,42,1090,0,7588,0,0,0,1262399822,0,human,0.7344902386117137,0.1437607062854131,4.4825753101004135,155,7,0,0.0,9,2,0
385117198,Willie Eckerslike,cit_collins,WillieVille,Expat Brit now NorCal. RT=/= endorsement Photog #Event guy & v left. #CFC by birth #Buckeye by marriage User of Foul & Abusive Language!,2247,4999,61,32761,0,7461,0,0,0,385117198,0,human,0.4496,4.390511927097293,3.3193950177935942,136,11,0,0.0,17,2,0
22474811,Channel 955,Channel955,"Detroit, MI",Detroit's #1 Hit Music Station @mojointhemorn 5a-10a @joeontheair 3p-7p @ashleynics_ 7p-12a,194510,70388,447,14617,1,87414,0,0,0,22474811,1,bot,2.7633721178024975,0.16722530458159354,0.4494090308517256,91,10,3,0.3,11,2,0
1587974648,1 Место,1Me100,Россия,"1 Место - универсальный сайт бесплатных частных объявлений товаров из рук в руки по всей России.
#объявления",24334,1016,5,4,0,10289,0,0,0,1587974648,1,bot,23.928220255653883,0.00048590864917395527,0.42284775015409903,109,6,4,0.6666666666666666,7,2,0
123750057,HerDaily,herdaily,U.S.A.,"Empowering, educating and informing multi-cultural millennial women.",16049,678,60,380,0,7875,0,0,0,123750057,1,bot,23.637702503681886,0.048374809547993905,0.4907165109034268,68,8,0,0.0,8,1,1
437622456,لاتحزن.ان الله معنا,algahtani0505,فوق الارض تحت السماء,"اذا كنت ذا رايٍ فكن ذا عزيمةً. فإن فساد 

الراي ان تترددا.",90974,0,46,811,0,78580,0,1,0,437622456,1,bot,90975.0,0.010333286672350823,0.8637647705413575,58,13,4,0.3076923076923077,19,3,0
716788525866332161,José G Rojas R,JGRojasR,Venezuela,Abogado UCV • Licenciado en Enfermería LUZ,189,102,3,21,0,3983,0,0,0,716788525866332161,0,human,1.8446601941747574,0.005522088353413655,20.96842105263158,42,8,0,0.0,14,4,0
6825792,Ian Bogost,ibogost,"Atlanta, GA","Writer and game designer. @GeorgiaTech Professor, @TheAtlantic Contributing Editor, @objectsobjects co-editor. Read ""Play Anything"": https://t.co/gu9vvchIOv",101139,4795,2358,41727,1,1484,0,0,0,6825792,0,human,21.0884070058382,28.0996632996633,0.01468261815305517,156,7,0,0.0,10,2,0
467634392,carlos bacca,carlos7bacca,colombia ,TODO LO PUEDO EN CRISTO Q ME FORTALECE,1394058,316,1460,354,1,2882,0,1,0,467634392,0,human,4397.6624605678235,0.12313562261533126,0.0020680616817509156,38,12,1,0.08333333333333333,12,2,0
3990931,MULTi,MULTi,Yokohama / FFXIV (Gaia:Ridill - Multi Wagtail),海外ゲームと映画が好きな鳥系男子です🦜。FF14とDestiny2で光の戦士。Web系のお仕事をしています。カメラはα7IIIとArt50mmとかいろいろ。鳥が好きすぎてバードライフアドバイザー2級を取得。オスッテ絵は@hdkUC様より頂きました。,853,1222,103,42260,0,210795,0,0,0,3990931,1,bot,0.6982829108748978,0.20048293136492154,246.8337236533958,124,5,0,0.0,5,1,1
147370518,Foro Dulce María,DMForoUnivision,Todo el mundo,Somos el Twitter del Foro de Dulce María. Siguenos y enterate de todo lo nuevo de @DulceMaria,94459,77,496,1093,0,84004,0,0,0,147370518,1,bot,1211.025641025641,0.013023034343193858,0.8893182299385983,93,15,0,0.0,16,3,0
1055490276,吉野四郎,yumitoshi5105,,はじめまして、吉野四郎と申します。趣味は旅行、お酒、食べ歩きです。ほとんどそれらをしてすごしています。その秘密はブログで公開中です。,1975,2544,2,0,0,88744,0,1,0,1055490276,1,bot,0.7764243614931238,1.1268240464251507e-05,44.911437246963565,66,13,4,0.3076923076923077,4,1,0
198963019,Jorge Abreu 💚🧡,ar_jorge1987,United Federation of Planets,"Another atheist Geek. Games,Linux, Power Metal,Astronomy,Wikipedia. The opinions expressed are my own and not those of the company. #PolemicaEnVar",2570,1324,142,204702,0,116699,0,0,0,198963019,0,human,1.9403773584905661,1.754095972579263,45.39089848308051,146,12,4,0.3333333333333333,14,3,0
2994592193,Julio,juliorj10,,"Primero siempre la #Libertad
No a la violencia en ninguna de sus formas. #Liberal #LET
Tu dinero, tu cuerpo, tu vida son tuyos, Tú decides",2094,795,40,14810,0,28610,0,1,0,2994592193,0,human,2.6319095477386933,0.5176680297787565,13.656801909307877,138,9,2,0.2222222222222222,5,1,0
613508372,Guillermina Valdes,guillevaldes,♻️,"curiosa por naturaleza/mama de Dante,Paloma,Helena y Lorenzo🖐🏻de Necochea y canceriana~ https://t.co/9wGhIs0vde",1220871,171,565,1485,0,9616,0,1,0,613508372,0,human,7098.093023255814,0.1545180409691172,0.007877156655243137,111,12,0,0.0,18,2,0
35737385,BTCare,BTCare,United Kingdom,"The BTCare account is closing soon! For service, news and updates please tweet or message @bt_uk",129521,3232,744,4480,1,1600979,0,0,0,35737385,1,bot,40.06248066811011,0.00279891066721633,12.360680038912308,96,6,0,0.0,6,1,1
866373247,Jhosis,AndresJose2513,,,90027,12,85,115,0,9,0,0,0,866373247,1,bot,6925.2307692307695,11.6,0.00011107655396098992,0,14,4,0.2857142857142857,6,1,0
614754689,lolesports,lolesports,Worldwide,The official @LeagueofLegends Esports Twitter account!,1758304,490,2887,1939,1,55243,0,0,0,614754689,1,bot,3581.0692464358453,0.03511693577583086,0.03141889490162401,54,10,0,0.0,10,1,1
1367759732,Alastair de kretser,Alastairkretser,England,"Travel, tech and stuff 😀",43211,237,29,358,0,16586,0,0,0,1367759732,1,bot,181.56302521008402,0.021643455718333635,0.3838517078589281,24,15,0,0.0,19,3,0
378721847,Cami Fleitas,cammfleitas,Uruguay,Put your trust in the universe.,925,178,20,2695,0,26103,0,0,0,378721847,0,human,5.173184357541899,0.10327919092859332,28.190064794816415,31,11,0,0.0,12,2,0
263710865,İKSV,iksv_istanbul,İstanbul,İstanbul Kültür Sanat Vakfı'nın resmi Twitter hesabıdır.,2582769,122,783,3258,1,5225,0,0,0,263710865,0,human,20998.130081300813,0.6236127057022579,0.0020234089756346867,56,13,0,0.0,4,1,0
853171243,Aby Mouzakis,aby_mouzakis,"Indianola, IA",@_jjh40_,1429,1078,5,51926,0,22141,0,0,0,853171243,0,human,1.3253012048192772,2.345181103784663,15.483916083916084,8,12,0,0.0,12,2,0
105082141,EFE Noticias,EFEnoticias,Madrid,"Perfil oficial de la Agencia EFE, la primera agencia de noticias en español y la cuarta del mundo. Otros perfiles https://t.co/HcAGHRI7Mp",1446130,63,16868,34,1,153936,0,0,0,105082141,1,bot,22595.796875,0.00022736574053021692,0.10644747951603278,137,11,0,0.0,12,2,0
44412106,Design Exchange,DesignExchange,"234 Bay St, Toronto, Canada",CANADA'S DESIGN MUSEUM Hosting @EDITDX,88941,3088,657,3828,1,13192,0,0,0,44412106,0,human,28.793136937520234,0.29022966724778293,0.14833262125879787,38,14,0,0.0,15,2,0
146962935,binko's.,bbinko,,Illustrator มั้ง | เลี้ยงแมวหน้าดำกับหมาหน้าขาว | ภาพฟ้า พุทธรักษา ∞ Instagram : @bbinko,142076,131,67,3090,0,15435,0,0,0,146962935,0,human,1076.340909090909,0.2002461777662607,0.10864531204910013,88,6,0,0.0,8,1,0
14183021,Amal H,amaalee,,"history, faith, pop-/culture, travel, live acts, print media & animation, sap tales, coexistence, hybrid-ness, street fashion, JRR Tolkien +anything Japanese.",952,333,12,995,0,19255,0,0,0,14183021,0,human,2.8532934131736525,0.05172413793103448,20.205666316894018,158,7,0,0.0,6,2,0
25365536,Kim Kardashian West,KimKardashian, ,Come experience the #KKWBEAUTY & #KKWFRAGRANCE Pop-Up at @SouthCoastPlaza,59435373,143,81889,9,1,28681,0,0,0,25365536,0,human,412745.65277777775,0.0003486507217069939,0.00048257456914463094,73,13,0,0.0,19,3,0
101825544,Basketmouth,basket_mouth,"ÜT: 6.424594,3.419401","Eze Gburugburu 1 of Isiukwato L.G.A. Abia State A.K.A Bobby Sparkle A.K.A The Green Baby Hustler, A.K.A The Emperor A.K.A The Mafia Boss. info@basketmouth.tv",1641717,3665,1459,188,1,8779,0,0,0,101825544,0,human,447.822695035461,0.02152619589977221,0.0053480561216969055,157,12,0,0.0,11,1,0
3196067821,♨仙人♨️,9peartree221,,,932,1088,5,4895,0,2642,0,1,0,3196067821,1,bot,0.8567493112947658,1.8524404086265607,2.832797427652733,0,12,4,0.3333333333333333,5,1,0
99561835,Hassam,oficialHASSAM,Bogota - Colombia,Hassam Contacto Oficial: Info@hassam.com.co https://t.co/uQDx1Ocmic,1216016,338,1133,21849,1,47916,0,0,0,99561835,0,human,3587.070796460177,0.4559968278481541,0.0394048767410324,67,13,0,0.0,6,1,0
106081433,Ashoke Pandit,ashokepandit,Mumbai,"Indian Filmmaker (Co-Producer, #TheAccidentalPrimeMinister) | Social Activist | Conservationist | President, @DirectorsIFTDA.",118265,278,408,23737,1,76634,0,1,0,106081433,0,human,423.89247311827955,0.3097540288379983,0.6479884328547512,125,12,0,0.0,13,2,0
71515969,ING Nederland,ingnl,Amsterdam,"Welkom bij het officiële Twitter-account van ING. We zitten voor je klaar op ma-vr 08.00-23.00 & za-zo 09.00-17.00. 

Deel geen privacygevoelige gegevens.",111103,19832,518,1507,1,181849,0,0,0,71515969,1,bot,5.601976503806787,0.008292548803959307,1.6367547523041475,154,5,0,0.0,13,2,0
1364383692,Rosario Fiorello,Fiorello,,"Mizzica ,minchia, camurria , o cucchiti, pani rattatu,granita ca  brioscia,scippari chiova che  renti,tirichitolla e tirimi a ciolla ammuccalapuni ,manciaciumi.",1342648,2479,1311,203,1,15167,0,0,0,1364383692,0,human,541.3907258064517,0.013449367088607595,0.011297070194816367,160,8,0,0.0,16,2,0
897287364355080193,なおみ,_32am,,,2,0,0,0,0,6,0,1,0,897287364355080193,0,human,3.0,0.14285714285714285,2.3333333333333335,0,5,2,0.4,3,1,0
15308156,Bishop Gary Earls,BishopGaryEarls,"Urbana, IL",Follower of Jesus Christ. Husband & Father. Fndr #RisenScepter Ministries Int. Training Pastors and rescuing Orphans in the 3rd world. No profanity! No DM!,64754,41905,399,135,0,24571,0,0,0,15308156,0,human,1.545244117787429,0.005534755005697542,0.3794610454791136,155,15,0,0.0,17,3,0
2423734735,薙捺*,Chinatsu_3938,桃源郷,ちなつです。本垢。とめぃとぅ🍅とかぽてぃとぅ🍟とか。✩最高の相棒▷▶︎【 @mame7231 】ジャンルごちゃまぜ雑多垢なので主ジャンルも違うのも呟く 広く浅くの雑食 夢•腐だいすき 地雷は特になし 同担拒否ないです なんでもすきです。,781,565,38,35179,0,36892,0,0,0,2423734735,0,human,1.3816254416961131,0.9535684276149947,47.17774936061381,118,13,4,0.3076923076923077,3,1,0
822377750497345536,はるりん,_AyNu,福岡,| AVA / DBD / PUBG / MHW | ぶす ↪︎ @Aktynp0,168,130,2,4323,0,7341,0,1,0,822377750497345536,0,human,1.2900763358778626,0.5889403432307273,43.44378698224852,41,5,0,0.0,4,1,0
24993400,Fresno,fresnorock,Brasil,Twitter oficial da Fresno / Fresno's official Twitter feed. Atualizado pelos próprios integrantes. Contato para shows: HF Shows - https://t.co/e28mpMzU8M,1012947,80987,3964,346,1,7029,0,0,0,24993400,0,human,12.507383809947152,0.049359886201991464,0.006940139079202486,153,10,0,0.0,6,1,0
2260304978,ちゃーりー@27ベイサイド無銭( 日向麻衣華 ),cha_ri_1102,紫の美少女,福岡を中心にソロ活動してます！ROCKがだいすき！Instagram▶︎cha_ri_official リプは気まぐれプリンセス👸DMはご予約関係のみ！ 期間限定cherishのサポートメンバーさせてもらってます🍒,2198,2311,40,15264,0,29673,0,1,0,2260304978,0,human,0.9511245674740484,0.5144234009570668,13.49431559799909,107,11,4,0.36363636363636365,24,3,0
112690339,朝日新聞　国際報道部,asahi_kokusai,世界のあちこち,朝日新聞国際報道部のアカウントです。世界中に散らばる特派員のつぶやきをＲＴして紹介します。また、日々のニュースやデジタルコンテンツの見どころもお伝えします。,112227,15460,8423,156,1,41321,0,0,0,112690339,1,bot,7.258780156522864,0.003799428875659455,0.36819688491285596,78,13,0,0.0,10,2,0
238149950,BandNews FM Brasília,bandnewsbsb,,,210403,183,267,62,0,22348,0,0,0,238149950,0,human,1143.5,0.0028189180723969753,0.10621946350829832,0,11,0,0.0,20,3,0
234407271,Hanifa Begum,HunnyBegum,"London, Essex ",No DMs please.,77111,44264,179,19422,0,52948,0,1,0,234407271,1,bot,1.742053541172484,0.3668246803527923,0.6866505861603901,14,10,0,0.0,12,2,0
2214647953,Ahmet Dönmez,AhmettDonmez,,"Turkish Journalist / in Exile, 
Patreon: https://t.co/hy2nL6G6Jc",97456,1474,296,2488,0,15335,0,1,0,2214647953,0,human,66.07254237288136,0.1622978612415232,0.15736170824055737,64,12,0,0.0,12,2,0
341946933,Nina Gomez,AsWeAreInfinite,"In a galaxy far, far away",I solemnly swear that I am up to no good.,1309,876,7,29340,0,44890,0,0,0,341946933,0,human,1.4937286202964652,0.6536053997460516,34.26793893129771,41,15,0,0.0,10,2,0
2287140961,chinoca,conssf,Coimbra/Braga,universidade de coimbra a fingir que sei matemática,1661,602,24,114634,0,113971,0,0,0,2287140961,0,human,2.756218905472637,1.005817218264135,68.57521058965102,51,6,0,0.0,7,1,0
2654439500,Controle Dois 🎮,ControleDois,"Vancouver, Canadá.",Canal para a comunidade gamer desenvolvido pela @BBTVBrasil. https://t.co/r9KhjGG4l5 Para parceria: https://t.co/tMnlMYSXVS,159147,313,107,3303,1,17939,0,0,0,2654439500,0,human,506.8407643312102,0.1841694537346711,0.11272526202025787,123,12,0,0.0,15,3,0
1334673584,ゆーくん★夜行性★@優子＆ななたん推し,48group_love,茨城の北のほう,48グループファンです！ 基本的にDDです！ 4/28 昼公演参戦済                                                    自称進学校の高３受験生                                                   気軽にフォローしてね♪,830,1383,4,18,0,72152,0,1,0,1334673584,1,bot,0.6004335260115607,0.00026332931409643395,86.82671480144404,159,12,2,0.16666666666666666,19,1,0
43910684,Cadena SER,La_SER,,Cuenta con la SER. Pase lo que pase.,1157518,785,10660,0,1,138501,0,0,0,43910684,1,bot,1472.6704834605598,7.220112344948088e-06,0.11965419142147991,36,6,0,0.0,10,2,0
574168493,Ewan McGregor,mcgregor_ewan,,,1363589,184,5721,114,1,4239,0,1,0,574168493,0,human,7370.756756756757,0.027122641509433963,0.0031094390542611783,0,13,0,0.0,13,2,0
713317677,flo 🌹,calumscene,2/4+band || fan account ,⠀⠀⠀⠀⠀⠀⠀⠀⠀⠀ ⠀⠀⠀⠀⠀⠀⠀ calum hood enthusiast,89004,22649,310,71721,0,32198,0,0,0,713317677,1,bot,3.929580573951435,2.227460480139135,0.36176619291051065,40,10,0,0.0,5,2,0
1375647900,caroline,_Carolineee33_,"Pullman, WA",Washington State University ☆ Kappa Delta,1353,705,2,43493,0,26216,0,0,0,1375647900,0,human,1.9178470254957507,1.6589998855704313,19.362629246676516,41,14,2,0.14285714285714285,8,1,0
198830228,Evanna Lynch,Evy_Lynch,Ireland,"Actress, vegan activist and aspiring cat. Co-founder of @kinderbeautybox.  Creator and host of @chickpeepspod.",1195715,621,5306,2041,1,6659,0,1,0,198830228,0,human,1922.3729903536978,0.3066066066066066,0.005569884487620806,110,9,0,0.0,12,2,0
14941525,Anime Expo,AnimeExpo,"Los Angeles, CA","Bringing fans & industry members together for an annual celebration of Japanese pop culture. Join us for #AX2019 July 4-7 (plus, Pre-Show Night July 3) #AXHelp",182499,1365,1260,11563,1,16274,0,0,0,14941525,0,human,133.601756954612,0.7105376344086022,0.08917808219178082,159,9,0,0.0,10,2,0
116313517,Chino Navarro,chino_navarro,Argentina,"Peronista-Kirchnerista, militante del Movimiento Evita.",104590,6795,802,704,0,49398,0,0,0,116313517,0,human,15.390082401412595,0.014271543958379724,0.4723064125976422,55,13,0,0.0,13,2,0
759460784,خاين,ll6x6ll,قلب أمي,إقرأوني كما أنا . ﻻ كما ترون أنفسكم,460969,555900,150,103,0,5914,0,1,0,759460784,0,human,0.8292303845468888,0.017582417582417582,0.01283163763368549,35,7,2,0.2857142857142857,4,1,0
220195443,"Carolyn A Brent, MBA",carolynabrent,California | Florida,https://t.co/HKHL7AM2oe 🌎Transforming Your Life through Self-Care...📚Pre-Order Here ➡️https://t.co/LWX6JZziN8 Discover... What's In It for YOU?,33041,7476,190,4956,0,23435,0,0,0,220195443,0,human,4.419152066336766,0.2115122034476873,0.7092790993281278,143,13,0,0.0,20,4,0
2425706237,cheski✨,chineyska,,20👑 | el f state 🏢| rip mi gordito galla 👼 |💏❤️|,2157,1129,13,14410,0,88902,0,1,0,2425706237,0,human,1.9097345132743362,0.1620980169398108,41.19694161260426,48,9,0,0.0,7,1,0
863262342,محمد بن سليمان,a371771,المملكة العربية السعودية,اكتب مايروق لي وليس كل ما اكتب اقصد به شخص معين كتاباتي تعنيني وعذراً لعقول البعض. --- BBM: 5402FFC3 insta:Mohamad_A37177/ سناب a371771,15834,11816,6,5863,0,117497,0,1,0,863262342,1,bot,1.34001861724634,0.04990723246353129,7.420145247868645,135,7,6,0.8571428571428571,14,3,0
2795208109,Karen.,CarvajalKaren12,"Pasto, Colombia",|S.V| |G.G| #BLR 🇨🇴,1300,450,14,56763,0,56299,0,0,0,2795208109,1,bot,2.88470066518847,1.008241563055062,43.27440430438124,19,15,2,0.13333333333333333,6,1,0
37019708,Apple News,applenws,United States,#AppleNews: Latest news about #Apple ( #iPhone) . We are not related with Apple® .,1107536,46,6701,459,0,164553,0,1,0,37019708,1,bot,23564.617021276597,0.002795434933213413,0.148576526111543,82,8,0,0.0,10,2,0
24581048,[[DONDRIAnicole]],Dondria,Dallas✈️ATL✈️LA,"God , Love, Music, and Fitness.",94987,2590,1168,9536,1,42506,0,0,0,24581048,0,human,36.66074874565805,0.22436304608652693,0.4474986314060723,31,7,0,0.0,17,1,0
1422608701,b,ba_rooke,,,971,786,5,27180,0,31847,0,1,0,1422608701,0,human,1.2350698856416773,0.853460185882944,32.76543209876543,0,8,0,0.0,1,1,0
2569286801,Bea,beatrizzz00,"New York, NY",🥀,1474,98,23,212466,0,145157,0,0,0,2569286801,0,human,14.8989898989899,1.463694732636162,98.41220338983051,1,11,2,0.18181818181818182,3,1,0
547977614,In House Producers,2themillbeats,,#MusicArtist Download Up to 6 FREE BEATS Here https://t.co/UkuV9Ry2lp #MusicProducers Get Free 30 Day Beat Selling Formula Here https://t.co/NEbf310G8f,107746,0,434,0,0,374930,0,0,0,547977614,1,bot,107747.0,2.667157423632615e-06,3.4797349346153488,151,13,1,0.07692307692307693,18,3,0
456177793,140journos,140journos,iletişim: info@140journos.com,"140journos, türkiye’yi anlamak için orijinal belgesel dizi ve programlar, nitelikli araştırmalar ve görsel hikayeler üreten bir yeni medya yayıncısı.",217618,76,1272,2571,1,70996,0,0,0,456177793,1,bot,2826.220779220779,0.0362268828260349,0.3262444915195824,149,10,3,0.3,10,1,1
1708812864,Chuli 🍄,Chuly_gomez,IG: chuligomezz,"¡ Pararte y dar pelear ! 💮                 

Sagitario 1997",955,978,0,5744,0,30589,0,0,0,1708812864,0,human,0.9765066394279878,0.18780647270349787,31.997907949790793,59,11,0,0.0,7,2,0
74666509,Johanna Kiray Celis,kiraycelis,,"Maganda\Matangkad\Mahiyain.. Yan ang mga wala sakin, kaya wag niyo ng hanapin! BATANG DAGA turned into DALAGANG BAKLA!",1125257,576,1275,0,1,85501,0,0,0,74666509,0,human,1950.1871750433274,1.169563285069355e-05,0.07598435203304486,118,10,0,0.0,19,3,0
94805910,ADDIE MS,addiems,,"Twilite Orchestra

Instagram: @addiems999

torch@dnet.net.id 

Contact: Budi:  +6281287432965
-",2276491,399,755,9876,1,57968,0,0,0,94805910,0,human,5691.23,0.17038417084993704,0.025464179096610046,98,7,0,0.0,8,2,0
41246008,Colombia Digital,colombiadigital,Bogotá,"Organización que promueve el uso y apropiación de las tecnologías de información y las comunicaciones (TIC), en beneficio del desarrollo social y económico",117912,15298,1502,5824,0,101766,0,0,0,41246008,1,bot,7.707235767043597,0.057238594043255674,0.8630685335798428,155,15,0,0.0,16,2,0
55631242,ana maría simón,anamariasimon,madrid,actriz | insomne| productora |📍madrid | contacto 📩 soydepuramadre@gmail.com,1138498,714,3744,542,1,14662,0,0,0,55631242,0,human,1592.3062937062937,0.03703198526904453,0.01287923836560243,75,13,0,0.0,15,3,0
19524742,LaMusicaDeHarryFraud,HarryFraud,,SRFSCHL 🌊 HarryFraudBeats@gmail.com,106073,916,534,331,1,24154,0,0,0,19524742,1,bot,115.67502726281353,0.013744566342372179,0.227718385278202,35,10,0,0.0,20,1,0
367926511,128K AmadorAuad عواد,butkita,Chile,"Ingeniero,Filósofo de corazón, Poeta por vocación, Gte. de Butka la marca del Canguro, Ropa de Seguridad Líder del Mercosur. Activa mis notificaciones 4/09/2011",128535,49419,165,93,0,9529,0,0,0,367926511,1,bot,2.6008903278025093,0.009863588667366212,0.07414265264206137,160,7,0,0.0,20,3,0
1062317300,queRelajo,que_relajo,,,945,848,10,0,0,89480,0,0,0,1062317300,1,bot,1.1142520612485276,1.1175556822118662e-05,94.58879492600423,0,10,0,0.0,9,1,0
194321816,Kerri Jablonski,iamthemaven,"Seattle, WA",My name is Kerri & I have a red shoe problem.  Autism mom. 3 great kids. Family lifestyle blog. Twitter Party Host.  I love tea & chocolate. Lots of chocolate.,100020,68275,1673,1706,0,108610,0,0,0,194321816,0,human,1.4649510809069073,0.01571664011932493,1.0858819647873947,159,11,0,0.0,15,2,0
342299986,️️️️🐋,brialenay,on a cloud ☁️,do you boo ✨,1093,820,3,33871,0,38761,0,0,0,342299986,0,human,1.3325213154689404,0.8738455188070791,35.43144424131627,12,9,0,0.0,5,1,0
1085149063,Lannes Del Rey,LannesDelRey,"New York, NY","sem paciência para bio, vai logo ver os tweets",1149308,23217,1323,58621,1,103971,0,0,0,1085149063,0,human,49.50077526057369,0.5638248759281345,0.09046479232303932,46,12,0,0.0,14,3,0
549893437,FashionTips👩🏻‍🎤,FashionistaES,En todos lados 📍,Fashionista | Style | Beauty | 💕 | ✉️: contacto.fashionistaes@gmail.com,1009738,62,1068,2132,0,11417,0,0,0,549893437,0,human,16027.603174603175,0.18681029952706255,0.011307872628471318,71,13,0,0.0,15,1,0
1474357436,اخبار ومواعيد الرياضة العالمية,Ars3Follows,,‏‏‏‏‏‏‏‏حساب ‎‎‎‎#عاجل ومتواجد 24 ساعة لاخبار ومواعيد المباريات والكورة والرياضة العالمية,118936,54629,193,38,0,52669,0,0,0,1474357436,1,bot,2.177137104155226,0.0007404594645908487,0.4428394864508101,89,11,1,0.09090909090909091,30,4,0
968133364485185536,Gearbox Software,GearboxSoftware,,,2617,0,3,0,0,1,0,1,0,968133364485185536,0,human,2618.0,0.5,0.0007639419404125286,0,15,0,0.0,16,2,0
18469490,for KING & COUNTRY,4kingandcountry,"Nashville, TN | Australia","#burntheships, the album is now available!! ➡️ https://t.co/sUIkViTaUA | We are: @JoelSmallbone & @LukeSmallbone | Snap 👻: forkingcountry",126478,265,801,17206,1,21395,0,0,0,18469490,0,human,475.48496240601503,0.8042157412600486,0.1691664228844314,137,15,1,0.06666666666666667,18,4,0
1541524698,Bosnak,BosporusCaptan,"İzmir, Türkiye","Sevismeden uyuduk, Sıla'ya da cok ayıp oldu aşkım.",72207,61716,30,26697,0,187296,0,0,0,1541524698,1,bot,1.169985579337946,0.14254366060321308,2.5938538666075783,50,14,0,0.0,6,1,0
226266379,The Magic Man 🎩,AntonioTarver,"Orlando, Tampa, Miami, Fl.",For all business inquiries contact Vancordent@gmail.com 🥊🎤🎧🎥,95032,2040,332,8344,1,18443,0,0,0,226266379,0,human,46.56197942185204,0.45245066146172197,0.19407995117485505,60,13,0,0.0,15,4,0
2368540076,♠️Black Man 225K♠️,Black_man_666,I dont know,فحل خال حار🔥 نياك عشقي المكوه للجادات فقط و للسكس فون و اللي عندها اعتراف تجي .. BBM: 5A6452D2,227824,6689,1760,21,0,55752,0,1,0,2368540076,1,bot,34.054559043348284,0.00039459760012914105,0.2447185339624712,94,13,3,0.23076923076923078,18,3,0
14346303,Jerry James Stone,jerryjamesstone,"Sacramento, CA","Food pornographer, full-time vegetarian, unapologetic liberal, beard model, and I say hella too much. My tweets are tasty, geeky or just plain odd.",73387,1930,1343,70762,1,65315,0,0,0,14346303,0,human,38.005178663904715,1.0833945740706719,0.890009265820025,147,15,0,0.0,17,3,0
146808904,Andrey Egorov,andegorov,"Russia, Moscow","Твиттер жизнерадостного пессимиста. ;)
Писатель, журналист и блоггер.",76324,65886,250,20,0,32554,0,0,0,146808904,0,human,1.1584227541093084,0.0006450622024266625,0.4265312807075008,70,9,0,0.0,13,2,0
1723234506,amber,BozemanAmber,,Bradley University Women's Basketball #25. snap:Chicago7 | insta: ambernicolebozeman |💙1920,1103,891,2,7158,0,7550,0,1,0,1723234506,0,human,1.2376681614349776,0.948086346179314,6.8396739130434785,91,12,0,0.0,5,1,0
110936556,KBS World TV,KBSWorldTV,"Seoul, Korea","KBSWorld provides 24/7 streaming service on Korea's latest & most popular programs🌎 #MusicBank streaming LIVE, https://t.co/qToBXTzkl1 every FRIDAY at 5PM(KST)",1893905,718,4483,3221,1,33395,0,0,0,110936556,0,human,2634.0834492350486,0.09647862019403522,0.017633398912089617,159,10,0,0.0,12,3,0
46092587,MuZic King,iAmMuzicKing,"Los Angeles, CA",#RokkStar BookMuZicKing@Gmail.com | https://t.co/HtcStdHYkR https://t.co/zIrfCi9yzo https://t.co/vX2usmbz9S https://t.co/Ng1AWweMXt https://t.co/laSssDR6xO IG: MuZicKing,112099,100107,785,5811,1,102526,0,0,0,46092587,0,human,1.1197906261237862,0.056687506705550735,0.9146030330062445,169,12,0,0.0,10,2,0
2320102094,Belén⚓,BeeluCaB,,♈ Aries || Belgrano de Córdoba⚓ || 15/09/13✌ || αgυsτιηα γ gιοναηηι♡♥♡♥,888,0,2,2587,0,25829,0,0,0,2320102094,0,human,889.0,0.10019357336430507,29.055118110236222,71,8,0,0.0,6,1,0
629193910,❗ بنــدر ❗,b050599,. .,كن دٱئمٱ رٱقېٱ بأخلٱقگ ❤ ❗ . . . . ❗,90848,84244,37,3845,0,39404,0,1,0,629193910,0,human,1.0783904089263459,0.09760182717929197,0.43374170326585876,36,7,6,0.8571428571428571,10,3,0
255493944,МИД России 🇷🇺,MID_RF,Москва,"Официальный аккаунт Министерства иностранных дел Российской Федерации 🇷🇺 (For tweets in English please follow @MFA_Russia, Cuenta en Español - @MAE_Rusia)",1176701,1277,2498,19387,1,52868,0,0,0,255493944,1,bot,920.7370892018779,0.36671773629158866,0.04492981230591943,154,6,0,0.0,13,3,0
348332150,Tweet Noticias,TweetNoticia_,Internacional,Tweet's noticieros en español las 24/7,1106,1,68,1,0,490216,0,1,0,348332150,1,bot,553.5,4.079825873031739e-06,442.8337850045167,38,13,0,0.0,14,2,0
913028718377005056,Chev_Chelios7,Chev_Chelios7,,,15,54,0,25,0,77,0,1,0,913028718377005056,1,bot,0.2909090909090909,0.3333333333333333,4.875,0,13,1,0.07692307692307693,13,1,1
78723428,Nitu Pérez Osuna,NituPerez,Venezuela,"Periodista Venezolana, Amo a mi país",1732541,974,4504,177,1,26665,0,1,0,78723428,0,human,1776.966153846154,0.006675166879171979,0.015391257470237374,36,9,0,0.0,16,3,0
1058832738,Цитаты и Афоризмы,AphorismRU,,"Фразы, Статусы, афоризмы, поздравления, тосты и многое другое от проекта aphorism.ru для вас.",19871,224,27,1,0,236354,0,1,0,1058832738,1,bot,88.32,8.461847644433162e-06,11.89387077294686,93,10,0,0.0,17,3,0
67145296,Dayo Adeneye. H.C,Dayod1adeneye,Instagram @dayoadeneye,"Hon. Commissioner For Information & Strategy, 
Ogun state.",122908,1034,301,2148,0,7987,0,1,0,67145296,0,human,118.75265700483092,0.26902854281422134,0.06499117233074876,58,13,1,0.07692307692307693,17,3,0
465521654,あかり大好きbot、,akari_daisuki,,「わぁい○○ あかり○○大好き」をひたすらツイートする非公式botです。Wikipediaかタイムラインから言葉を拾います。フォロー返しが欲しい場合「フォローして」とリプライを送ってください。 @akaripedia もご一緒にどうぞ。何かあればDMください。,99854,73722,2958,5,0,211536,0,0,0,465521654,1,bot,1.3544619725187526,2.8363832331932475e-05,2.1184417405237594,130,13,0,0.0,10,1,0
278516784,Мария Кожевникова,makozhevnikova,Москва,https://t.co/m83jVlOHwz,897885,263,1446,25,0,18133,0,0,0,278516784,0,human,3401.0833333333335,0.0014337708172493658,0.02019632781889906,23,14,0,0.0,17,2,0
4307623643,しろそく！- 白猫まとめ！攻略速報！,46nekopj,,しろそく！- 白猫まとめ！攻略速報！の更新情報をツイートしています。 https://t.co/FSA3OOrepz,88,3,0,4,0,19,0,1,0,4307623643,1,bot,22.25,0.25,0.2247191011235955,58,8,2,0.25,18,2,0
2251584776,🍷,temporaryniell,,"sometimes, I question why I still use twitter because of all the negativity. but aye, I’m still here.☕️ fan account",1530,1089,20,82007,0,90706,0,0,0,2251584776,1,bot,1.4045871559633027,0.9040978094303637,59.24689745264533,115,14,0,0.0,1,1,0
2898882306,関根＠モンストハマり中,gonegonems,,モンストにガッツリハマっています。引張ハンティングおもしろいｗ今は東京ででざいなーとしてゲームのキャラクターを作っています。いずれは、モンストのような売れっ子ゲームのデザインもしたいです＾＾,984,2157,3,0,0,46832,0,1,0,2898882306,1,bot,0.45644114921223355,2.1352465142100656e-05,47.54619289340101,95,10,0,0.0,11,1,0
271624701,Danni Lopez,DanniWithAnEye,"Lynn, Mass",Living day to day. Nothing is promised in life besides death! Appreciate your life because its a blessing..51315❤️,76914,1347,52,4067,0,25665,0,0,0,271624701,1,bot,57.05860534124629,0.15849762331489128,0.33369303776896575,114,14,0,0.0,11,2,0
1383873656,Daniela,Dann089,"Lisboa, Portugal",who said I was an angel?,1646,455,8,21135,0,90320,0,0,0,1383873656,0,human,3.611842105263158,0.23400980945737979,54.83970856102004,24,7,3,0.42857142857142855,7,1,0
703515914524872705,#آيقنت🎶,ii6vil,حنايا قلبه,ᵗ♩,5080,2378,8,10,0,25,0,1,0,703515914524872705,1,bot,2.135771332492644,0.4230769230769231,0.005117102932493603,2,6,1,0.16666666666666666,7,1,0
2200899777,2/18 😜,Dai2xs_,,IAmARoleMODEL Rest Easy Ms. T & Aunt Jackie,1172,985,1,1126,0,8458,0,1,0,2200899777,0,human,1.1896551724137931,0.1332308783544154,7.211423699914748,43,7,1,0.14285714285714285,6,2,0
180503626,Philadelphia Eagles,Eagles,"Philadelphia, PA",,3403505,112,8061,4940,1,48016,0,0,0,180503626,0,human,30119.522123893807,0.1029010558760439,0.014108099118967325,0,6,0,0.0,19,2,0
79194034,Dinçer Güner,dincerguner,İstanbul,"Astrolog, Yazar, Köşe Yazarı @gazetesozcu @MarieClaireTR  Danışmanlık ve Eğitim #astroloji  ♉♏
https://t.co/1LwGWmcGIJ",134135,21629,272,223,0,137517,0,0,0,79194034,1,bot,6.201386962552011,0.001628877674195378,1.0252132164370489,118,11,0,0.0,12,2,0
18179554,Christine Korda,Christinekorda,"Toronto, ON CANADA",Chief Influencer Officer @ The Influential Agency |#StealthMode | Forbes Top 50 Digital Influencer List,85773,28845,4006,2436,0,33615,0,0,0,18179554,0,human,2.973514525410802,0.07249524036173251,0.3919136335019936,103,14,0,0.0,15,2,0
101879887,Kellan Lutz,kellanlutz,World Explorer and Adventurer,😇Matthew 5:14-16. 🙏Jesus 💍 @brittanybg 🐶@kodakodaks 📧 ryan@zerogravitymanagement.com 💪@KELLANLUTZ is my ONLY username for all social,978572,1199,9354,3906,1,10875,0,0,0,101879887,0,human,815.4775,0.3592313350496506,0.011114142736413124,132,10,0,0.0,11,2,0
21255978,Melanie Brown,OfficialMelB,"LA,UK,NY,OZ,the whole world",scary spice Mel b! contact purpleowluk@gmail.com Order my book #BrutallyHonest Audiobook: https://t.co/N222752roW Book: https://t.co/q2vR3CC4WC,1065746,460,3946,126,1,13026,0,0,0,21255978,0,human,2311.8156182212583,0.009748982881707223,0.01222335132071683,143,12,0,0.0,13,2,0
535837673,رتويت الهلال+56,a2010ab,,تبادل رتويت 5/5 من المفضلة وعطني تم,75716,36010,39,416,0,6534,0,1,0,535837673,0,human,2.102607536586043,0.06381025248661056,0.08630822668621313,35,7,4,0.5714285714285714,15,2,0
310333445,Aragua,AraguaTamanaco,Venezuela,Venezolano vivo en el estado Aragua amo mi país,110520,112608,151,18964,0,125095,0,1,0,310333445,1,bot,0.9814579651715227,0.15160356845942316,1.131875390197338,47,14,0,0.0,6,1,0
19990540,Jayla Starr,JaylaStarr,"iPhone: 36.084426,-115.163780",I ABSOLUTLY luv my job! It turns me on 2 know that I'm makin sombody else horny! I'm re-designing my OFFICIAL web-site so check out my blog http://JustJayla.com,91600,506,1261,68,0,69352,0,0,0,19990540,0,human,180.67258382642999,0.0009949100976165415,0.7571205554524514,160,10,0,0.0,11,2,0
3300861167,Nick Snider,itsNICKSNIDER,"Florida, USA",hi how the fuck are you doing? @theviewersvoice,17656,379,20,6554,0,10787,0,0,0,3300861167,1,bot,46.46578947368421,0.6076195773081201,0.6109758169564479,47,13,0,0.0,11,2,0
3306286357,AlDub,aldubnation16,AlDub Nation,Twitter account of The Most Updated Facebook page ( 1Million members and counting),115592,40,58,1373,0,36245,0,0,0,3306286357,1,bot,2819.3414634146343,0.03790763118688959,0.3135657003451766,82,13,2,0.15384615384615385,5,1,0
52552927,Atlético News,atleticonews,"Belo Horizonte, Minas Gerais","Nossa missão é manter os atleticanos informados sobre o GALO.
Insta: @oatleticonews / Facebook: https://t.co/TMEESpjMIY",128022,619,426,51577,0,104599,0,0,0,52552927,0,human,206.48870967741937,0.49309751434034416,0.8170406880013747,119,12,0,0.0,13,2,0
1274894250,Raghu Vohra,BlackstoneVG,LA/Dubai/Bangalore,"Angel Investor-Fintech executive, Entrepreneur, ExecTeam @4startups in fintech,Dog lover,java junkie-data,ideas,metrics,deals!RTs ≠ endorsements!Views personal!",14464,679,282,1604,0,23193,0,1,0,1274894250,1,bot,21.272058823529413,0.06919893075795465,1.6034566194262012,160,12,0,0.0,11,2,0
1445019458,❁,agusss_n,"San Rafael, Argentina",❁ amorxlasmargaritas❁ ♡♡♡➳,1100,731,2,20588,0,25064,0,0,0,1445019458,0,human,1.5040983606557377,0.8214242968282466,22.76566757493188,26,8,0,0.0,1,1,0
2458685627,LEO,cupsleo,Belgrano -Capital Federal HxH ,"conocer, pasarla bien, abierto a lo que se valla dando. no tantas vueltas",1051,0,2,14491,0,4080,0,1,0,2458685627,0,human,1052.0,3.5510904190149475,3.879277566539924,73,7,0,0.0,3,1,0
583783046,Pedro Bial,BialCitou,Brasil,"Twitter em homenagem ao escritor, cineasta e apresentador Pedro Bial. | Pensamentos e frases de Bial e outras frases diversas. | #Contato: Via Mensagem Direta.",136526,13,175,537,0,54604,0,0,0,583783046,1,bot,9751.92857142857,0.009852577602783628,0.39995751756062903,159,9,0,0.0,10,2,0
103618826,diana beliebs,dianaguelec,,Know the truth. Ignore the hate. Do good work. Keep it moving. Live positive. Be patient. Give back. That's what I'm about. #ColdWater & #LetMeLoveYou out NOW!,89114,100567,215,3983,0,235952,0,0,0,103618826,1,bot,0.8861168562564633,0.016884718566833226,2.6477360713684566,159,11,0,0.0,13,2,0
240734425,New York Giants,Giants,,👻: NewYorkGiants,1808623,388,7941,497,1,41848,0,0,0,240734425,1,bot,4649.419023136247,0.011899925924155895,0.02313858491317156,16,6,0,0.0,15,3,0
143531181,Akhbar | أخبار الآن,akhbar,Middle East | الشرق الأوسط,حساب #أخبار_الآن الرسمي الوحيد من #تلفزيون_الآن @alaantv هنا تجدون تقاريرنا الحصرية وأخبار حقيقية، #عيش_الآن معنا. https://t.co/9jmBydIxuS,1283216,49,2251,1643,1,280629,0,0,0,143531181,1,bot,25664.34,0.005858247514520899,0.21869255161052262,138,6,0,0.0,19,4,0
336004914,Brett Hall,BrettHNews,RTs & links ≠ endorsements,Journalist @WAVY_News. Formerly @CNYCentral. Active @spj_tweets @rtdna member & @merrillcollege alum. There is no freedom without a free press. John 8:32,1743,1492,56,1539,0,15583,0,0,0,336004914,0,human,1.1681178834561285,0.09881930184804928,8.935779816513762,153,10,0,0.0,10,2,0
1002706964,Bro Science,BroScienceLife,"Los Angeles, CA","Bro Science: 50% Fact 50% Magic 100% Results
Buy Sweet Merch: http://t.co/3nVN1sy3ck
Gnar Pump pre-workout: http://t.co/7INJo9zbs2
FB: http://t.co/VBhbdEPjQw",114864,5,208,321,1,1617,0,0,0,1002706964,0,human,19144.166666666668,0.19901112484548825,0.014086101075175207,160,14,0,0.0,11,2,0
272140744,Rachel Osborn,rleeosborn,,"I'm a SAHM of two, a blogger who loves baking, crafting, and all things organic! I'm also a Pure Haven Essentials consultant! I'm PR friendly! :)",4625,3015,380,2232,0,17524,0,0,0,272140744,1,bot,1.5338196286472148,0.12741797432239657,3.788370082144401,145,10,0,0.0,13,2,0
268556198,Best Video Games,BestGamezUp,Toronto,All about Best Games in the world  Promo: admin@gamezup.com,92875,79837,692,6,0,989943,0,0,0,268556198,1,bot,1.1633056940304116,7.071107052520142e-06,10.658770834230587,59,11,0,0.0,16,3,0
76266622,DAC #MrVersatile,datoacmizal,"3.141212,101.708","FOUNDER SYIOK TV!❤️my WIFE n DnF.DUTA SHURE N ACPEACEYALLLOVERS BUSINESS ICON ENTERTAINMENT SEBA2016 DUTA AEROCAR,CHAIRMAN IDEALIST,OWNER POLLO MENDI by DAC",417919,216,179,6945,1,80315,0,0,0,76266622,0,human,1925.8986175115208,0.08648339060710195,0.1921803215926493,156,11,0,0.0,16,2,0
15912508,Dawn Abraham ✰,Dawn_Abraham,Los Angeles California  USA,✰ CEO Top 4 Business Coach # 2 Marketing Expert on Twitter~Social Media Success Mindset 75+Awards Sales Author Mentor Entrepreneur Speaker Branding Influencer,102440,67224,2462,7060,0,71059,0,0,0,15912508,1,bot,1.5238527333581258,0.09936673233886856,0.6936675745063012,158,12,0,0.0,14,3,0
449470627,💙 غروب,3roOpal5aja,,اسفه لم يعدالخاص يهمني مهمل( دائماً اجعل أخلاقكگ هي من تنوب عنك أثناء غيابكگ ?.,770,56,3,27,0,42641,0,0,0,449470627,1,bot,13.526315789473685,0.0006566296139955912,55.30739299610895,79,11,2,0.18181818181818182,6,2,0
2359365300,Chaiane,Chai_Marques,,o nosso tempo é hoje,990,980,1,3593,0,22515,0,0,0,2359365300,0,human,1.0101936799184505,0.1596198259015811,22.720484359233097,20,12,0,0.0,7,1,0
267425142,Damian Lillard,Dame_Lillard,,They say the truth shall come to the light...so everybody grab ya shades cuz ya boy that bright. (Instagram: DamianLillard),1574660,2256,3738,1658,1,20023,0,1,0,267425142,0,human,697.6787771377935,0.0828505793048342,0.012716387844748806,123,12,0,0.0,14,2,0
548768095,منااادي.(404).الشووق,305304,,وافين للوافين لو كان ماكان ،،،،،،،،، وش لذة الاعمار لو ماوفينا.......(🇸🇦 الثمد 🇸🇦)................................,101743,86870,164,20,0,7440,0,1,0,548768095,0,human,1.1712078829528842,0.0028222013170272815,0.07313453373171883,114,6,6,1.0,20,1,0
307233876,藍屋敷おくむらweb master,aizome_jp,日本,藍屋敷おくむらweb masterのTwitter。　http://t.co/BUWlcHsNyI　http://t.co/OIvc5r5Box　http://t.co/PG8UFADuoX #徳島 #藍染 #藍染め,88972,99115,253,20836,0,55557,0,1,0,307233876,1,bot,0.8976653617982969,0.37504949782209585,0.6244366268418509,108,9,0,0.0,17,2,0
82139514,dondon hontiveros,dhonts7,,"Matthew 7:24,25",99513,208,288,2520,0,8100,0,0,0,82139514,0,human,476.14354066985646,0.3111961486236267,0.08140563136845066,15,7,1,0.14285714285714285,17,2,0
1081628124,Florr♡,FloorPaezOk,"Lomas de Zamora, Argentina",Instagram: FlorenciaPaeez  • River Plate • RoverScout •,850,843,2,7260,0,18426,0,0,0,1081628124,1,bot,1.0082938388625593,0.39404135236337984,21.653349001175087,55,11,0,0.0,6,1,0
272570677,Seth Abner,OpTic_Scumper,"Frisco, TX","23. 2x XGames Gold Medalist, CoD World Champion, and Captain of @OpTicGaming. Business inquiries - scump@revxp.com stream - https://t.co/Mvcn22pqlY . scuf code “scump”",2098651,1847,1606,13050,1,48775,0,0,0,272570677,0,human,1135.6341991341992,0.2675701164507135,0.02324158555110614,167,13,0,0.0,10,2,0
15096075,Idealist,idealist,Worldwide,"Moving from intention to action.
Instagram & Snapchat: @idealistdotorg",97525,3275,3367,4899,1,60,0,0,0,15096075,0,human,29.76984126984127,80.32786885245902,0.0006254742325123557,70,8,0,0.0,8,1,1
2424210731,أحمدالزرّاع,ahmadalzarra76,,باذل نفسي لخدمة الدين وإدخال السرورعلى الناس وأحب الحق وأدافع عنه،رضاالله هدفي،السعودية - جدة,18557,259,12,62,0,6984,0,1,0,2424210731,0,human,71.37692307692308,0.00901932712956335,0.3763875417609656,93,14,2,0.14285714285714285,11,1,0
714111026,Humour de cons,Humour2cons,Echange2710@hotmail.fr ,Des conseils et astuces (de merde) au quotidien pour vous aider à améliorer votre vie (de merde). Suivez nous sur vine !  https://t.co/JxpvcOJACK,95276,94700,77,1965,0,54562,0,0,0,714111026,0,human,1.0060823011372635,0.03603174312262889,0.5726775612162431,145,11,1,0.09090909090909091,14,3,0
33615604,Hanadi - هنادي,14F,,حبّه مكفيني عن مطالع الغير أمشي وعيني بالثرى حشمةٍ له,521533,696239,319,1402,0,6789,0,1,0,33615604,0,human,0.7490721590256233,0.20662739322533136,0.013019285415715946,53,3,2,0.6666666666666666,14,3,0
334102709,Brooke Stone,Brook3Ston3,"Indiana, USA",more love & grace; less of everything else | Nursing 💉,1017,469,2,6704,0,3277,0,0,0,334102709,0,human,2.1659574468085108,2.0454545454545454,3.2200392927308448,54,11,2,0.18181818181818182,12,2,0
706253784,زعيم اسيا,hilal1019,"Riyadh, Kingdom of Saudi Arabia",المصدر الأول لتغطية جميع مايخص اعظم اندية آسيا #الهلال | اخبار، صور، اهداف، تغطيات | تابعنا وكن في قلب الحدث مع النادي.,117049,455,279,40,0,57096,0,1,0,706253784,1,bot,256.68859649122805,0.000718076256195597,0.4878000854335754,119,9,4,0.4444444444444444,9,2,0
435355815,PABLO §,ceibuck,,"Comics , libros y cine ....nos leemos! en Instagram @ceibuck 🇦🇷",2049,3009,22,25368,0,32265,0,0,0,435355815,0,human,0.6810631229235881,0.7862455835864377,15.739512195121952,63,7,0,0.0,7,2,0
225906700,David.S.P,DavidSanchezMX,"Distrito Federal, México",༄199X༄ https://t.co/VcJkpeKE0c Contacto: davidsanchezperaltaop@gmail.com ♛GoWithTheFlow♛Cantante Compositor y Amigo♛Enloquecer en Bio👇🏻,60889,920,31,54388,0,10216,0,0,0,225906700,1,bot,66.1129207383279,5.323382597631398,0.1677943833141731,135,14,0,0.0,9,1,0
68075842,さいたまの短パン社長®︎ 下山和人,919seijin,↓短パン社長ブログ↓,埼玉県で色々会社を経営しています。 小学生の頃からずーっと短パン。 大人になっても一年中短パンで仕事してるので、最近ではさいたまの短パン社長 とも呼ばれています。 #短パン社長 で商標登録しました®︎ #セルフブランディング セミナー再開しようかな。#社長業,2095,2300,29,8565,0,26305,0,0,0,68075842,1,bot,0.9109083007388092,0.3256291340378621,12.55057251908397,129,9,3,0.3333333333333333,17,2,0
373490841,AP Noticias,AP_Noticias,América Latina,"La cobertura de @AP en Español, minuto a minuto. Noticias, análisis y mucha pasión por la actualidad. Cuenta gestionada por los editores: https://t.co/F2rmdREYaN",200658,5310,3090,2939,1,124231,0,0,0,373490841,1,bot,37.781773677273584,0.0236654002189452,0.6191199996013137,161,11,0,0.0,11,2,0
2282284649,كويتاوي ملكي,ALHURAIB4,,‏مادام تنام دون مهدئات وتستيقظ من نومك لا يوقظك الوجع وتقضي حاجتك دون أن يكشف عورتك أحد وتمشي على قدميك لا يقعدك العجز فأنت ملك من ملوك الدنيا، اللهم لك الحمد,113325,88041,65,560,0,17964,0,1,0,2282284649,0,human,1.2871811181027237,0.03122738658502644,0.1585249633799834,158,9,1,0.1111111111111111,12,2,0
883096392297828352,@Assvat0MyHer0,Assvat0MyHer0,Argentina,Justin Bieber.,107,223,0,9,0,5,0,1,0,883096392297828352,0,human,0.48214285714285715,1.6666666666666667,0.05555555555555555,14,13,2,0.15384615384615385,14,1,0
224176099,Fanatik,fanatikcomtr,,Gerçek spor gazetesi Fanatik'in resmi Twitter hesabı. https://t.co/9U1DVa62cX | https://t.co/b6LRQmRrEQ,1325114,1134,933,145,1,258177,0,0,0,224176099,1,bot,1167.5022026431718,0.0005655013207941808,0.19483441059832543,103,12,0,0.0,7,1,0
18238260,COLORS,ColorsTV,India,"Follow us to receive latest updates about your favourite shows & favourite stars!
Facebook: https://t.co/7pAIXc6dO5

Instagram: https://t.co/Wy73CN8gCP",2777094,986,737,1896,1,129070,0,0,0,18238260,1,bot,2813.672745694022,0.014697337124528361,0.04647698404267769,151,8,0,0.0,6,1,0
36848025,xfinalgirlx,timetoblazze,São Paulo,"Esta conta tem como propósito falar de umas fotos aí, uns filme de terror ruim (uns bom tbm) e reclamações da vida. Siga para mais informações.",883,184,27,2545,0,127259,0,0,0,36848025,1,bot,4.778378378378378,0.020006286342920006,143.95927601809956,143,12,0,0.0,11,1,0
78542537,Joohwan Park,Pkjhwan,안양,"햄스터들과 함께 사는 중(골든 2017.4/4- 이름미정), (로보 13년년-17.4/4. 초파),(골든 2015.12/10 - 17년1/16 절미),(15년1/2-10/26 메리) UI, UX 연구하는 박사학위 있는 공돌이.포항버스 개발자, 포앱퍼 1기 회장.",834,380,37,525,0,32909,0,0,0,78542537,1,bot,2.1916010498687664,0.0159829838954725,39.41317365269461,146,7,0,0.0,13,2,0
186598799,Melissa Gorga,melissagorga,New Jersey,"Creator of @envybymg 👠 Real Housewife of New Jersey 
Bookings: Mgorgapr@gmail.com",913404,8676,2679,84,1,15965,0,0,0,186598799,0,human,105.26737351619224,0.005323813102843543,0.017479650319409245,81,12,0,0.0,13,2,0
2302620180,أرقام العالمية,ArgaamIM,,صفحة تابعة لموقع أرقام مختصة بمتابعة حركة أسواق الأسهم العالمية والسلع بما فيها الذهب والنفط، فضلا عن تطورات الاقتصاد العالمي.,170700,0,897,0,0,71575,0,0,0,2302620180,1,bot,170701.0,1.397116351849782e-05,0.4193062723709879,126,8,0,0.0,14,2,0
383151753,أتعبني غلاها,B8B88,,يـومـاً مـا سـأغــادر هـذه الـدنيـا ،، فـاذكـرونـي بدعوة ،، جـمـيـع مــا أغــرد بـه تـجــدونـه فـي مـفـضـلـتـي ،،,91257,96414,113,387,0,93193,0,1,0,383151753,1,bot,0.9465124721257065,0.00416335815610447,1.021214578447917,113,5,3,0.6,12,2,0
106397073,Cuatro,cuatro,Mediaset España,Perfil oficial de Cuatro desde donde te contamos toda la actualidad de nuestros programas y series. https://t.co/Lnwyl3qbZs,1131295,624,2794,970,1,76963,0,0,0,106397073,0,human,1810.0736,0.012616288134712333,0.0680317087658756,123,6,0,0.0,6,1,1
1653727326,مشعل بن ذعار,Bin_twalah460,المملكة العربية السعودية,اللهم أغفر لوالدي,54444,12740,20,243,0,20328,0,1,0,1653727326,0,human,4.273212463699867,0.012002557922180137,0.37338598585728716,17,13,3,0.23076923076923078,12,3,0
18426970,Christian Levitan,BrunetLevitan,"Gujan-Mestras, France","Songwriter and independent producer (Electro) - Auteur, compositeur et producteur indépendant.",26299,22711,52,32770,0,9166,0,0,0,18426970,0,human,1.15797816132441,3.5748881858841495,0.3485551330798479,94,13,0,0.0,17,2,0
123470069,KT&G 상상마당 시네마,csangsangmadang,"서울 홍대 (Hongdae, Seoul)",,183542,5934,592,0,0,32981,0,0,0,123470069,0,human,30.925526537489468,3.031956824934813e-05,0.1796963109462088,0,15,0,0.0,13,3,0
232447988,Eduardo Benvenuti - Progenitor do Bilômetro,BRKsEDU,"Hamilton, Ontario - Canadá","YouTube - https://t.co/eKe97hovrs 

Bilômetro - https://t.co/0fO6XkXRdd

Contato Comercial - comercial @ https://t.co/Z1FI8bCFWl",1501686,2501,869,37853,1,115780,0,1,0,232447988,0,human,600.1946442845723,0.32694483550841674,0.07710062083510079,128,7,0,0.0,43,6,0
792375354,Danny,dannymoore1014,PA➡️TN,“Don't lose your happiness on the pursuit for more”,1840,1418,11,28280,0,33637,0,1,0,792375354,0,human,1.2973925299506694,0.8407455853499018,18.271591526344377,51,14,4,0.2857142857142857,5,1,0
2175112274,JerkyXP®,JerkyXP,"Michigan, USA",Premium Beef Jerky for the Ultimate Gamer! Home of the #JerkyTeam. Customer Support - info@JerkyXP.com,110458,1025,190,519693,1,194777,0,0,0,2175112274,0,human,107.6598440545809,2.6681350049800288,1.7633511076508026,102,7,0,0.0,8,1,0
206952230,Akira,akira_ciptohadi,Indonesia,One Piece Addict ✌,23582,2421,2,80,0,10003,0,0,0,206952230,0,human,9.736994219653178,0.008096761295481807,0.4242038756731544,18,15,0,0.0,5,1,0
511548205,بن دبا,bindibba7,"Fujairah, UAE",الاشياء الجميلة لا تتطلب لفت انتباه.🥀,316028,105548,119,9629,0,229085,0,0,0,511548205,1,bot,2.994144899525339,0.042036615070322934,0.7248891715633692,37,9,1,0.1111111111111111,6,2,0
115546295,Bria René,AccordingtoBria,"New Orleans, LA⚜️",Psalms 23:1-6| Your future medical professional | XULA18 |,1425,978,8,63682,0,68335,0,0,0,115546295,0,human,1.45658835546476,0.9319099742449075,47.92145862552594,58,15,0,0.0,9,2,0
244441120,FaZe Apex,FaZeApex,Contact: business@apexamis.com,Owner of @FaZeClan - https://t.co/hlzLMlB9oH #FaZeUp Instagram: @Apex,2362887,500,1200,1753,1,50898,0,1,0,244441120,0,human,4716.343313373253,0.03446040197253384,0.02154101252365749,69,8,0,0.0,9,2,0
351999221,Indosiar,IndosiarID,Indonesia,Akun twitter resmi PT Indosiar Visual Mandiri (IVM). Facebook: https://t.co/S23ymmpULC // IG:https://t.co/29ZOyMXy6m //,1951033,780,2622,107,1,201042,0,0,0,351999221,1,bot,2498.122919334187,0.0005371985097715414,0.10304433444009689,119,10,0,0.0,8,1,0
23508439,FOX Sports: NFL,NFLonFOX,,Official home of the NFL on FOX,1660418,1409,10330,3280,1,56747,0,0,0,23508439,0,human,1177.6021276595745,0.0578170155776415,0.0341769155857648,31,8,0,0.0,15,3,0
359245295,عبدالله الفقيّر,A_alfugaier,Kingdom of Saudi Arabia,اعلامي رياضي | مقدم برامج | قلبي في بريدة | جسدي في الرياض | الوطن حب و إنتماء و وفاء | للتواصل سناب شات  https://t.co/Re59rqeqr0,155616,726,540,636,1,61988,0,0,0,359245295,0,human,214.05364511691886,0.010276016712642565,0.3983433686550955,129,11,0,0.0,15,2,0
351017477,Camila.,CamiEsteevez,RP♚CDE ,👻@caamiestevez,843,797,1,6636,0,9756,0,0,0,351017477,0,human,1.0576441102756893,0.6802295787639643,11.560426540284361,14,12,0,0.0,7,1,0
1038703693,CAMI BIAGGINI.,CamiBiaggini16,Mercedes Bs As,"Inst: CamiBiaggini 
cbiaggini20👻 leonina🦁
IMCR15🎓
Esquivás a tu corazon y destrozas tu cabeza.",1115,719,0,10985,0,25156,0,0,0,1038703693,0,human,1.55,0.43669753945223994,22.5421146953405,94,14,2,0.14285714285714285,14,2,0
540777353,Fernando,BobadiIIa,,Todo es mental. #ElPoderDelAhora,819,26,4,815,0,7549,0,0,0,540777353,0,human,30.37037037037037,0.1080794701986755,9.207317073170731,32,9,0,0.0,8,1,0
2309880170,暁月りゅー,Black_Contract,達成したやりこみプレイをまとめたブログです↓,自由気ままに好きなものを楽しむスタイルの低レベルなオタク。在原七海とかドラクエの低レベルクリアとかラノベとか特撮とかブルーアイズとかヒテリス動画とかE・HEROが好きです,970,552,24,40610,0,497417,0,1,0,2309880170,1,bot,1.755877034358047,0.08164360758959266,512.2739443872297,85,14,0,0.0,5,1,0
464163488,Indie Author News,IndieAuthorNews,"Orlando, FL","Indie Author News...where Readers discover Amazing Authors, Book Features, Hot New Releases, FREE eBooks, Author & Book Promotion http://t.co/cnZXCp5rrt",103913,30967,2614,0,0,368021,0,0,0,464163488,1,bot,3.355528287264273,2.7172288613180736e-06,3.5416017091056067,152,15,0,0.0,17,3,0
410203574,enchufetv,enchufetv,Ecuador,"Quisimos hacer porno, pero nuestras mamás no nos dejaron.",1397209,82,686,1108,1,5615,0,0,0,410203574,1,bot,16833.85542168675,0.19747150997150997,0.004019438738629125,57,9,0,0.0,9,1,1
3221217870,ジョリートロリー,bli1TBPrsEShCWz,進化する毎日。京葉線！,鉄道とバスやレア車、戦前の建築、産業遺産、模型etc･･･あっ！単パスも所持してるのでTDRも好きです！アナログな人間ですが何卒よろしくお願いします！人生のターンオーバー中！,2564,3130,43,69650,0,13159,0,0,0,3221217870,0,human,0.8192270839987225,5.292629179331307,5.1306042884990255,87,15,1,0.06666666666666667,8,1,0
1604654779,Â ♎️,abdullah828282,Dammam,,105548,92213,127,1234,0,194974,0,1,0,1604654779,1,bot,1.1446092784175939,0.0063341454032568275,1.847246302665113,0,14,6,0.42857142857142855,4,2,0
1914626330,ワロスな画像bot,www_gazou1,,30分に1回ワロスな画像をつぶやくよ。とか言いながらたまに画像じゃない普通のつぶやきもあるよ。面白かったらRTしてね！,965,0,15,39,0,56591,0,1,0,1914626330,1,bot,966.0,0.0007068136839129206,58.58385093167702,59,10,1,0.1,9,1,0
205990455,수이센,Cain_RenaLove,대한민국/서울,"17:00♊/🅾형/서울구룡초등학교16회&대치중학교17회/중부권 코스어/나루토온라인:나뭇잎마을 사스사쿠나루히나/사이퍼즈:카인레나결혼해/오버워치:수이센#3791/
사스사쿠★나루히나,시카테마,네지텐텐,오비린,단츠나데/사이퍼즈.오버워치.심즈4/성우.미드.영드.일드/구독,정치,알계정 꺼졍.",1007,1834,24,468,0,398152,0,0,0,205990455,1,bot,0.5493188010899183,0.001177939133951019,394.99305555555554,157,13,0,0.0,3,1,0
382374582,MarleyMarley(:♥,_BaddBby,601✈️678 Atlanta ,✌️✌️✌️,802,0,1,83,0,39507,0,0,0,382374582,1,bot,803.0,0.002126151665485471,49.20049813200498,6,8,0,0.0,15,1,0
146536075,Daniel Etman,danieletman,Carmen de Patagones,Periodista de Radio Nacional Viedma. Socio de San Lorenzo de Almagro.,1254,685,15,303,0,13449,0,0,0,146536075,0,human,1.8294460641399417,0.022602230483271375,10.717131474103585,69,11,0,0.0,12,2,0
255827290,callie kaye,CallieKayeReece,256,Sc: calliekaye_14 😜,1177,925,2,8374,0,19455,0,0,0,255827290,0,human,1.2721382289416847,0.43045847039473684,16.516129032258064,19,15,0,0.0,11,2,0
134332085,Cami Garbuio,Cami_Garbuio,,"Una JUJEÑA y sagitariana divertida,con caracter,familiera y Vivo la vida!!!.BAILARINA. Parte de la FAMILIA de @abelpintos y siempre con @G_higuain",1084,2226,16,17207,0,68916,0,0,0,134332085,0,human,0.48720251459362374,0.2496916580814603,63.517972350230416,146,12,0,0.0,12,2,0
339659349,Fundación Convalores,ConValores,Caracas,"Fundación q pretende educar en valores, para formar seres humanos q tomen conciencia, acepten sus posibilidades, limitaciones y puedan desarrollarse plenamente",107462,58581,810,173,0,233591,0,0,0,339659349,1,bot,1.8344030589600901,0.0007448885235795746,2.173696993383769,159,10,0,0.0,20,2,0
132433435,アムレット,amulet_ot13,ガンダム！ラブライブ！結城友奈は勇者である！,イラスト練習中です。 時々ＭＳのパイロット。ガンダム（特に00とＺ） μ's 勇者であるシリーズ 新田恵海 三森すずこ 久保ユリカ スタァライト リリスパ   ツイプロ： https://t.co/lh18CqtcdB pixiv:https://t.co/hqCLCpcHja,1120,1099,26,32837,0,77597,0,0,0,132433435,1,bot,1.019090909090909,0.4231810098198407,69.2221231043711,139,11,2,0.18181818181818182,5,1,0
73420075,beautifulnara,beautifulnara,"ÜT: 3.034091,101.717655",https://t.co/equNkAVCRJ.,132969,980,270,2009,0,50923,0,0,0,73420075,1,bot,135.5453618756371,0.03947058361479852,0.38297360306836126,24,13,0,0.0,13,1,1
1336196760,قبيلة عتيبة(الهيلا١),alhila_1,#عتيبة الهيلا,الحساب الاول لقبيلة عتيبة على تويتر,58343,19149,70,15,0,41425,0,1,0,1336196760,1,bot,3.0466840731070497,0.000386230869502245,0.7100301659125189,35,8,1,0.125,20,2,0
240889813,ANIME SEIYU,animeseiyu,Maihama Server,Anime & Voice Actor's News from JAPAN,123732,0,2640,73,0,96321,0,0,0,240889813,1,bot,123733.0,0.0007682564730798779,0.7784665368171789,37,10,0,0.0,11,2,0
158515999,Crimson,Crimson,"Nashville, TN","I WANT YOU for #CRIMSONARMY
Professional Wrestler & U.S Army 101st Airborne/Operation Iraqi Freedom Veteran",119294,489,546,5957,1,9999,0,0,0,158515999,0,human,243.4591836734694,0.5958,0.0838258099668888,107,7,0,0.0,7,1,1
3632660955,✖Liam✖,IPierceTheLiamI,"England, United Kingdom","#alternative is #life . My Chemical Romance Killjoy Forever . PTV, NSN, SWS, MDE and of course, CATS. Poodle Corp.",30050,933,53,129,0,39799,0,0,0,3632660955,0,human,32.1745182012848,0.0032663316582914573,1.3244151608931483,114,15,0,0.0,6,1,0
47191725,Grammarly,Grammarly,San Francisco,"Make your communication clear and effective, wherever you write. #cleanwriting  Learn more about our community at https://t.co/9XHcvtEaSD",167977,3751,2924,9414,1,36471,0,0,0,47191725,1,bot,44.77025586353945,0.2581432331651678,0.217123670956911,137,9,0,0.0,9,1,1
94132246,Esporte Espetacular,eespetacular,Brasil,Todo domingo de manhã na TV Globo com @fernanda_gentil e @andreolifelipe,1050954,182,1797,559,1,16075,0,0,0,94132246,0,human,5742.92349726776,0.03483453595421747,0.01529656360167657,72,12,0,0.0,19,2,0
72378123,Ömür Gedik,omurgedik,Turkey,"@hacikodernek, Boğaziçi Ü., Hürriyet, İletişim: Çağla Er 0 544 832 77 95 Aşka Bağlan link https://t.co/RBj4uMAUuC",800196,25037,1111,2680,1,27963,0,1,0,72378123,0,human,31.95930186117102,0.09587326562723501,0.0349463944503666,113,9,0,0.0,10,2,0
327794846,مشغل عهود الرياض حي الشفاء,alrmoanci,snap / b6zzz,عروض مشغل عهود بالرياض كل خدمه 25تسريحه150مكياج 150 البروتين والكيراتين اي طول شعر 500 للتواصل 0540498450/ 0540498470/شارع الخليفه المامون,78025,50755,372,805,0,344251,0,0,0,327794846,1,bot,1.5372763811175034,0.002341308111499715,4.412016507318073,138,9,0,0.0,26,5,0
1278377149,C.T. Fletcher,CTFletcherISYMF,"California, USA",ORGAN DONATION AWARENESS 3X WORLD CHAMPION BENCH PRESS.3X WORLD CHAMPION STRICT CURL. U.S. ARMY VETERAN.THE ORIGINAL IRON ADDICT.,155498,6926,405,104113,0,66925,0,1,0,1278377149,0,human,22.44824599393677,1.5556584884798135,0.43039505077203066,129,15,0,0.0,13,2,0
2588183482,Blatorrre🌸,BreenchRc,22J/16S/18M ✨,Ciertos fuegos no se encienden frotando dos palitos🔥,934,2092,1,60851,0,38378,0,0,0,2588183482,0,human,0.44672718585762067,1.5855546001719691,41.04705882352941,52,9,0,0.0,10,1,0
59199168,Michael Trevino,Michael_Trevino,Planet Earth,Becoming Self Aware,956794,719,6225,4,1,4408,0,0,0,59199168,0,human,1328.8819444444443,0.0011340440009072353,0.004608092642624595,19,15,0,0.0,15,2,0
2762253256,ya girl dejah ♡,dejahofficial,demi lovato,more than that @laurenjauregui,125960,38759,2038,204934,0,30495,0,0,0,2762253256,0,human,3.249767801857585,6.720061647429171,0.24210668381483158,30,13,0,0.0,15,4,0
106763540,Michael Vasanth,Michael_Vasanth,"Chennai, India","Analyst, Blogger, Coder, Designer, Editor, Futurist, Gadgetist, Hacker & an Internet person",1462,19,2744,3237,0,1217942,0,0,0,106763540,1,bot,73.15,0.002658580902390342,832.4969241285031,91,15,0,0.0,15,2,0
1070518597,twal,KEYRISTWAL,,jsj here! lagi hiatus :v,769,892,3,8,0,62385,0,0,0,1070518597,1,bot,0.8622620380739082,0.000144263135959991,81.02077922077922,24,10,0,0.0,4,1,0
31444922,Domino's Pizza,dominos,"Ann Arbor, MI",The home of Domino's Pizza on Twitter. Hosted by the crew at Domino's HQ.,1266856,667,3721,6671,1,371199,0,0,0,31444922,1,bot,1896.4925149700598,0.017974137931034483,0.2930086031809431,73,7,0,0.0,14,2,0
23588838,Darryn Lyons,DarrynLyons,,"just a kid from geelong australia
https://t.co/xj1J7vLJcc",375305,6349,331,13529,1,58439,0,0,0,23588838,0,human,59.10330708661417,0.23151950718685832,0.1557129382423942,57,11,0,0.0,12,2,0
99943864,C. Mervyn Graham,Daminous_Purity,United Kingdom,#Youtuber #Minister #Influencer #Actor #PublicFigure #YouTube  #WWE #NFL #FIFA #UFC https://t.co/fQBRpHivLv Contact mervyn.countgraham@gmail.com,475150,425199,754,164886,0,453531,0,0,0,99943864,1,bot,1.1174764816556915,0.3635619978303626,0.9545007797521209,144,15,0,0.0,16,3,0
100288793,Dr. César Lozano,drcesarlozano,"Monterrey, N.L., México",Conferencista Internacional. Conductor del programa de Radio Por el Placer de Vivir en México y USA. Los lunes en Programa HOY en Televisa y Univisión,1284386,1069,2277,995,1,39634,0,0,0,100288793,0,human,1200.3616822429906,0.02512930490727892,0.030859079078190608,150,13,0,0.0,16,3,0
172425532,IG: info_riau,infoRIAU,"Riau, Sumatera, Indonesia",info seputar #Riau. pasang iklan: cs@inforiau.co.id,144660,28910,118,89,0,269564,0,0,0,172425532,1,bot,5.003666424544291,0.00033387123699293305,1.8634255258846544,51,8,0,0.0,13,2,0
4556775395,Belén Quintero,beluquintero99,"Godoy Cruz, Argentina","Hay 3 cosas que destruyen a una persona: el vicio, la ignorancia y la soberbia.",1845,1114,48,9,0,6732,0,0,0,4556775395,1,bot,1.6556053811659193,0.0014852220406950838,3.6473456121343446,79,14,2,0.14285714285714285,14,2,0
2925665354,イヴぁん,ayanasivan,モルディブ,ポケモンとポケカはまりのFGO勢だったりスマブラしてり、声優好きだったり音楽が好きな社会人,1088,2088,20,13950,0,23012,0,0,0,2925665354,1,bot,0.5213020584011488,0.6062225698518229,21.132231404958677,45,10,0,0.0,4,1,0
2310724598,‏﮼متعب ﮼✍🏻,1Mot3b,,تُصلي عليه صلاة واحدة فيُثني عليك الله بها عشرًا ، اللهم صِل وسلم على نبينا مُحمد 💕🍃,143533,125279,91,12,0,22759,0,1,0,2310724598,0,human,1.145705619412516,0.0005711775043936731,0.15856870149232935,84,6,2,0.3333333333333333,10,2,0
178866422,DISKON - EVoucher,diskonevoucher,Indonesia,Voucher Diskon daily deals Indonesia http://t.co/1pXxYvXm,104263,20205,184,50,0,65742,0,0,0,178866422,1,bot,5.160051469860438,0.0007757479883789909,0.6305436200414333,57,14,0,0.0,17,3,0
119166791,Amtrak,Amtrak,Over 500 Destinations,"Ride with #Amtrak and see where the train can take you. 
Social Customer Care is available 6am - 1am ET M-F | 7am - 12 Midnight ET Sat/Sun",147177,444,2686,1405,1,205912,0,0,0,119166791,1,bot,330.7370786516854,0.006828126441749671,1.3990745899523027,138,6,0,0.0,6,1,1
3141032242,Brian Condenanza,Brian3C,,,7,1,2,1,0,2,0,1,1,3141032242,0,human,4.0,0.6666666666666666,0.375,0,7,1,0.14285714285714285,16,2,0
20745274,Bloody Disgusting,BDisgusting,"Chicago, IL","Your #1 source for all things #horror 

💀https://t.co/ZHJj51HL0z",156478,8553,2124,5102,1,76434,0,0,0,20745274,1,bot,18.29307926116437,0.06676260875253483,0.4884681011509532,64,11,0,0.0,17,2,0
14184942,Alamo Drafthouse ATX,drafthouse,"Austin, Texas","The best film, food and drink all in one seat. This account is for Alamo Drafthouse theaters in Austin, TX. 

To contact a theater: https://t.co/61B0ncfJVs",151569,1231,2141,15427,1,37369,0,0,0,14184942,0,human,123.02759740259741,0.4128445276960128,0.2465527479052583,155,10,0,0.0,20,3,0
2824444743,18.,alleyesonkenzie,W/ @LilTimye,#longliveacebaby👼🏽,1762,1004,11,14791,0,38392,0,0,0,2824444743,0,human,1.754228855721393,0.3852785664053343,21.7770845150312,18,15,0,0.0,3,1,0
3193080636,ナガ夫,2105nagao,,旧アカウント（@nagao666・現在はID変更されて@sutesute8606）が乗っ取られてしまったので移行しました。,1547,609,25,342,0,85910,0,0,0,3193080636,1,bot,2.537704918032787,0.003992503870284364,55.498062015503876,61,9,4,0.4444444444444444,3,1,0
170568448,글러먹은 미식가,AKAsuekun,,프로필에 자기소개를 해보세요,1032,635,22,11612,0,275694,0,0,0,170568448,1,bot,1.6242138364779874,0.042122635521137486,266.88770571151986,15,9,0,0.0,8,2,0
1388988012,CreativeDisc.Com,creativedisc,Indonesia,https://t.co/0Gkr5vNPkA the first music weblog in Indonesia |  IG @creativedisc | https://t.co/DVngfefRjS,4552,173,23,45,0,44087,0,0,0,1388988012,1,bot,26.166666666666668,0.0010433678098348757,9.6832857456622,105,12,0,0.0,16,1,0
156040579,Armas Abrahan,ArmasAbrahan,"Buenos Aires, Argentina","CEO & Fundador de @Sertiven, Especialista en Marketing Digital, Social Media, SEO, SEM, Publicidad, Diseño y Desarrollo Web, E-Commerce y Aplicaciones.",92530,12664,330,185,0,12736,0,0,0,156040579,0,human,7.306040268456376,0.014603124754651801,0.13765116555532741,151,12,0,0.0,13,2,0
224290010,くう,kukucoo,「首都圏」と言われているど田舎,一応モノを書くのが仕事らしい。老若問わずイケメン好き！主ツイ→ドラマ/映画/テレビ/歴史/嵐/堺雅人/etc.…90％はツッコミ成分。とブログ更新情報。ツイッターはあくまでも独り言ツール。　ドラマ実況→ @kukucooo　 映画→ https://t.co/k6u3xVDjVf,1287,754,84,3057,0,243627,0,0,0,224290010,1,bot,1.7059602649006622,0.01255192342423695,189.15217391304347,140,7,0,0.0,2,1,0
2420683685,мисье тёлка ксюша хоффман,HoffmanKsenia,Москва,интернет звезда ✨,261312,223,118,6943,0,11901,0,0,0,2420683685,1,bot,1166.575892857143,0.5834313560746093,0.04554691117548687,17,13,0,0.0,25,4,0
577655361,Amb,_amb5,,,922,790,4,21310,0,79193,0,1,0,577655361,0,human,1.1668773704171935,0.26909866909109276,85.80065005417119,0,5,1,0.2,3,1,0
60817022,89.7 Hard Rock FM Sby,HARDROCKFMSBY,Surabaya,"original Lifestyle & Entertainment Station! Our mobile app now available. Download now, Hard Rockers!",144620,346,129,105,0,181612,0,1,0,60817022,1,bot,416.7752161383285,0.0005836586587964518,1.2557858125721715,101,13,0,0.0,21,5,0
3299203382,سياحة وسفر,hojuzat,,حساب شركة الحجوزات العالمية يقدم لك أفضل العروض على حجوزات الفنادق حول العالم للحجز اتصل الرقم الموحد 920022217 -جوال 0557673195 وللشكاوي هاتف المشرف 0533916000,27100,0,9,49,0,6276,0,1,0,3299203382,0,human,27101.0,0.007965588657001752,0.231615069554629,160,7,0,0.0,10,2,0
50393960,Bill Gates,BillGates,"Seattle, WA",Sharing things I'm learning through my foundation work and other interests.,46274431,200,122244,85,1,2939,0,0,0,50393960,0,human,230221.05472636817,0.029251700680272108,6.353400512836116e-05,75,9,0,0.0,10,2,0
742143,BBC News (World),BBCWorld,"London, UK","News, features and analysis from the World's newsroom. Breaking news, follow @BBCBreaking. UK news, @BBCNews. Latest sports news @BBCSport",24393975,92,112307,10,1,289290,0,0,0,742143,1,bot,262300.81720430107,3.802399659858067e-05,0.011859116365450225,138,8,0,0.0,16,3,0
17884125,Jornal de Negócios,JNegocios,"Lisbon, Portugal","Notícias sobre economia, empresas e mercados. Análises e opinião.",147752,70,903,168,1,180375,0,0,0,17884125,1,bot,2081.0281690140846,0.0009369317425821617,1.2207941632318802,65,9,0,0.0,18,3,0
15640646,Jerry Nelson,Journey_America,"Buenos Aires, Argentina",Freelance writer. I'm always interested in discussing work opportunities. Email me at jandrewnelson2@gmail.com,238720,2625,203,2500,0,57256,0,0,0,15640646,1,bot,90.9067022086824,0.043680248703215324,0.23984902878255368,110,15,0,0.0,12,2,0
101151129,Jessica Cameron,JessicaCameron_,"Los Angeles, CA","Actress, Filmmaker, ScreamQueen, Horror Nerd,  Reel: https://t.co/6luTSrULZW Website: https://t.co/Rv3XkmZWSA",106743,34062,1306,103246,1,139863,0,0,0,101151129,1,bot,3.133722807738602,0.738195675799348,1.3102750505883234,109,15,0,0.0,15,2,0
47650483,Darren Dreger,DarrenDreger,,Follow TSN's Hockey Insider!,1070488,1047,12255,2334,1,20142,0,0,0,47650483,0,human,1021.4589694656488,0.11592116367969021,0.018816634267143334,28,12,0,0.0,13,2,0
224495471,The Conversation,ConversationEDU,Australia,Independent news + analysis from the sharpest academic minds. Monthly audience: 10.6 users onsite + 37m through creative commons republication.,151826,4978,2888,4161,1,62057,0,0,0,224495471,1,bot,30.4934725848564,0.06706629282284314,0.4087415281866862,143,15,0,0.0,16,2,0
184910040,Adele,Adele,London,https://t.co/5Vf55N5xFe,27952807,0,32707,0,1,309,0,0,0,184910040,0,human,27952808.0,0.0032258064516129032,1.1090120176835186e-05,23,5,0,0.0,5,1,1
5460412,秋風,akipoo,MacBookPro13&#39; in Japan,ゲームとか漫画とかアニメDVDに埋もれる日々,1063,1177,101,247417,0,406092,0,0,0,5460412,1,bot,0.9032258064516129,0.609264380326674,381.66635338345867,22,6,0,0.0,2,1,0
1649356580,🇺🇸Antonella🇪🇨,AntonellaKahllo,West Coast,Official Page of Busty Pinup Model👑 32K All-Natural breasts. Get my red hot content here: https://t.co/8m9CiRRwqG,159558,172,773,48735,0,43307,0,0,0,1649356580,0,human,922.306358381503,1.1253348111203474,0.27142310994679086,113,15,0,0.0,13,1,0
95064543,ABC The Drum,ABCthedrum,Australia,Mon-Fri 5.30pm ABC TV & 6.00pm AEST ABC News | Quotes represent the views of individual panellists and are not a reflection of the views of The Drum.,149878,1040,2056,1307,1,37556,0,0,0,95064543,0,human,143.9759846301633,0.03482706286444604,0.2505821362565803,149,10,0,0.0,12,3,0
196463183,LINCOLN PALOMEQUE,LINCPAL,COLOMBIA,"Mi gran pasion Actuar...LAS MUÑECAS, HASTA Q LA PLATA, REINA DEL SUR, ALLA TE ESPERO, SANTA DIABLA, LA MARIPOSA, SEÑORA ACERO 1, 2 y 3!",1221685,815,1072,2747,1,83036,0,0,0,196463183,0,human,1497.1642156862745,0.03309368113009863,0.0679691835709012,135,7,0,0.0,17,2,0
782496626451546112,Oğuz,ogzatbs,,:),5,0,0,0,0,1,0,1,0,782496626451546112,0,human,6.0,0.5,0.3333333333333333,2,7,0,0.0,4,1,0
183948528,Adelle Onyango,ADELLEO,Kenya ,BBC100 Women’s list 2017 | Okayafrica 100Women 2018 | RADIO HOST @kiss100kenya | CEO Adelle Onyango Limited & Founder Of Adelle Onyango Initiative,211581,2220,167,8071,1,604967,0,0,0,183948528,1,bot,95.26429536244935,0.013342854498089154,2.8592602395288824,146,7,0,0.0,14,2,0
18783665,Angie Martinez,angiemartinez,NYC,Radio/TV/Author Contact Roc Nation for all inquiries. NY Times Best Selling book #MyVoice available now! https://t.co/r5MZAw0GQ3,1056088,660,4186,2926,1,13790,0,0,0,18783665,0,human,1597.714069591528,0.2122398665796534,0.01305855851164059,128,13,0,0.0,14,2,0
93152605,ASLI BAŞKAN,aslikrdg,,"Yedek Hesap @ASLI_AST REİS candır #RTE KARŞIYAKA ❤️💚 NOT:Darbe yapmak, Maklube yapmaya benzemez! #DEVAM",44469,9397,56,30860,0,26745,0,0,0,93152605,0,human,4.731857842094063,1.1538547820234801,0.6014391724758263,103,8,0,0.0,11,2,0
3322078934,م علاء الدين زغلول,aladdinkhalil21,Kingdom of Saudi Arabia,,664,1621,1,1175,0,15458,0,0,0,3322078934,1,bot,0.40998766954377314,0.07607219095672424,23.246616541353383,0,15,2,0.13333333333333333,18,4,0
2869378818,عشق السياحة,8l5ii,,لكل من يحبون السفر تعرفوا معنا على أجمل بقاع الأرض  واجمل المدن والفنادق,97547,105741,763,5587,0,462956,0,1,0,2869378818,1,bot,0.922509504265098,0.012070235464632784,4.745940460081191,72,5,2,0.4,11,2,0
727019388,semarang,semarang_tweet,,tweet Semarang-an Kas....!,1078,565,30,0,0,78916,0,0,0,727019388,1,bot,1.9063604240282686,1.267154098609932e-05,73.13901760889712,26,14,0,0.0,8,1,0
1416121214,مـلاك,imalakk_,,استغفرالله.,99,227,1,126,0,222,0,1,0,1416121214,1,bot,0.43859649122807015,0.5695067264573991,2.23,11,8,0,0.0,5,1,0
22956220,Tammy Bruce,HeyTammyBruce,New York/Los Angeles,"President @IWV, NYT Best Selling Author, @FoxNews/ @FoxBusiness Contributor. @WashTimes Columnist. Italian. Scottish. Bookish. https://t.co/kyrcLxzmmX",229508,1170,3451,18481,1,108523,0,0,0,22956220,0,human,195.9940222032451,0.1703033430393277,0.47285291644336386,150,13,0,0.0,11,2,0
1623755515,ÇAKIR,cakrr_,,Galatasaray iyiyse biz de iyiyiz. caakir@outlook.com instagram:cakrr__,127558,64609,135,45625,0,70478,0,0,0,1623755515,0,human,1.9742919052778207,0.6473701386228522,0.5525207942991086,70,6,0,0.0,5,1,0
2846040640,Changed to @X13CEO,akaLaser,Arizona,Changed to @X13CEO,7,16,0,0,0,1,0,1,0,2846040640,0,human,0.47058823529411764,0.5,0.25,18,8,0,0.0,18,3,0
21658412,Denver Cuisine,denverfoodguy,"Denver, CO","Interested in food, wine, beer, catering and all sorts of places in Denver!",88894,96457,2751,0,0,1055870,0,0,0,21658412,1,bot,0.9215928175993697,9.470853920602043e-07,11.87773215591428,75,13,0,0.0,14,2,0
92563198,CAM4 Official,Cam4,"Las Vegas, NV",24/7 live cams. Need help? @cam4support. Covergirl is @barbiee_doll09 Add CAM4snaps on Snapchat! Tweets are from @sammystrips,191975,2371,633,4938,1,52887,0,0,0,92563198,1,bot,80.93423271500843,0.09338602329450915,0.27549276992957455,125,4,1,0.25,13,2,0
553094706,Alejandro Lerner,alelernerok,Musico Compositor Interprete,"TW OFICIAL * Contrataciones: LaAgenciaBiz +5491145555200 info@laagenciabiz
Prensa: AlejandroLernerPrensa@gmail.com",139470,831,194,17560,0,23082,0,0,0,553094706,0,human,167.63341346153845,0.7607763289000563,0.16550393988714499,114,11,0,0.0,16,2,0
1911750552,‏﮼الحوشان،,bss_9994,الخفجي,https://t.co/fn06h42UFH,13720,11693,9,71,0,1508,0,1,0,1911750552,0,human,1.1733367538908843,0.04771371769383698,0.10997740689454122,23,8,4,0.5,10,1,0
68638255,KANA for AEW,Chindogg21,"East Lansing, MI","Dinobot trapped in a human body. Agile champion. Stream's worst enemy.  I used to play fighting games, now I just make fun of those who do. Header by @_shunao",1249,1233,74,60129,0,121277,0,0,0,68638255,0,human,1.012965964343598,0.4958030310526229,97.0224,158,10,2,0.2,12,3,0
239018807,♀Selene🌙🕯,_DaiDreamin,"Laurel, MD",NCAT🐶. IG: _applejax_ •👽•Growth🌟Positivity✨Gratitude🧘🏾‍♀️i am loved ; ♒️🌞|♏️⬆️|♋️🌙 #TeamHardpress booking: info@hardpressmodels.com,1507,727,10,206936,0,99181,0,0,0,239018807,0,human,2.0714285714285716,2.0864370551108062,65.77055702917772,131,11,0,0.0,9,1,0
17469289,New York Post,nypost,"New York, NY","Breaking news & features from The New York Post. Follow your favorite sections: @pagesix, @nypmetro, @nypostbiz, @nypostsports, @nypfashion, @nypostopinion",1414849,11883,18237,2109,1,207682,0,0,0,17469289,1,bot,119.05503197576573,0.01015971456498606,0.14678799872778034,155,6,0,0.0,13,3,0
2334005046,NPR R&B,NPRandBplaylist,"New York, NY",I’ll Take You There - NPR Music’s new R&B channel,1033,3,57,0,0,271530,0,1,0,2334005046,1,bot,258.5,3.6828207460658265e-06,262.6025145067698,49,15,0,0.0,7,2,0
43298203,"The BROKEN One, Matt Hardy",MATTHARDYBRAND,The Hardy Compound,"BROKEN. WOKEN. DELETER of rubbish. Truth Teller. Emotion Evoker. Adjective Advocate. #HouseHardy is @RebyHardy, Maxel & Wolfie - @WWE #RAW on Monday nights",1405802,1253,6607,12323,1,62371,0,0,0,43298203,0,human,1121.0550239234449,0.1975886615789136,0.044367525179559296,155,14,0,0.0,26,5,0
2498702638,Andres Camacho,_Camacho7, ,"Villanova #3 ~ Colonia, NJ",860,434,5,2940,0,3322,0,1,0,2498702638,0,human,1.9793103448275862,0.8850436352693349,3.859465737514518,26,9,1,0.1111111111111111,14,2,0
1567185626,Fg@しばらく低浮上,908Fg,クエス＝アリアス,iOSリリース直後から開始の老害プレイヤー。レベルはキャリアに比して低いですりネガツイ多め。RT多め。ただし、ふぁぼRTは必ずしも賛同を意味しません。フォロバは気まぐれですが、ぼっちでかまってちゃんなのでFF外からのリプ歓迎します。 取扱説明書→https://t.co/U0S1RcU4kQ,1036,186,32,38348,0,135365,0,0,0,1567185626,1,bot,5.545454545454546,0.2832986126501485,130.5361620057859,146,5,3,0.6,10,1,0
150395278,EROL KÖSE,drerolkose,"İstanbul, Türkiye",Doktor & Müzik - Tv Yapımcısı,667454,2290,1134,6160,0,9371,0,0,0,150395278,0,human,291.3378437363597,0.6573836961160905,0.014041396049171853,29,10,0,0.0,9,2,0
105718796,BlastFromThePast,bftp_ust,1996年のサンディエゴあたり,90年代HCを愛でる人向けに、youtubeで見つけたお宝動画をツイートします,933,989,10,0,0,134048,0,0,0,105718796,1,bot,0.9434343434343434,7.459958671828958e-06,143.52141327623127,39,8,0,0.0,16,1,0
2455407434,احساس عاشق A_M,A88_88_88A,,اللهم يارب الناس يامذهب الباس لا شفاء الا شفائك اللهم اشفي والدي شفاء لا يغادره سقماً  انك ع كل شي قدير فهو فرحي ونفسي الي اتنفس به ف يارب احفظه لي ومتعه بالصحه,270642,38644,306,11968,0,291588,0,1,0,2455407434,1,bot,7.003312200802173,0.04104750179190573,1.0773934666701153,160,10,6,0.6,14,3,0
15075999,Hugh Hewitt,hughhewitt,California,Nationally Syndicated Radio Host weekdays 6-9 AM EST on Salem. NBC News/MSNBC Contributor. Washington Post contributing columnist. Browns/Tribe/Cavs/Buckeyes,175412,2798,3835,4601,1,113274,0,0,0,15075999,0,human,62.669882100750264,0.040626793202383576,0.6457617166344569,157,10,0,0.0,11,2,0
79293791,Rihanna,rihanna,,Throwing all the shade! @fentybeauty,89223204,1092,103293,995,1,10231,0,0,0,79293791,0,human,81631.47758462947,0.09734167318217357,0.00011467868700748869,36,7,0,0.0,7,1,1
243853541,sshekkk,Arekehs,🇯🇲876 ✈️ 301,🍷• a simple girl,1140,404,3,52959,0,90677,0,0,0,243853541,0,human,2.8172839506172838,0.5840446414786387,79.47239263803681,16,7,0,0.0,7,1,0
59399268,LIKE MIKE,likemike,,,1143706,5268,1473,5568,1,17838,0,0,0,59399268,0,human,217.06338963750238,0.3121811760748921,0.015597526289512961,0,8,0,0.0,9,2,0
1775731,NYT Food,nytfood,"New York, NY","Restaurant reviews, food news, recipes and more from our reporters and editors.",1399168,203,10575,212,1,36094,0,0,0,1775731,1,bot,6858.671568627451,0.005901094334395346,0.025797455489651358,79,7,0,0.0,8,2,0
349481001,The Best Of Aries,AriesLicious,21 Maret - 19 April,"Yuk share fakta-fakta tentang #Aries versi kamu, dengan format - @AriesLicious [Fakta] [@IDtwitterKamu] #AkuAries",96098,3,83,20,0,19374,0,1,0,349481001,1,bot,24024.75,0.0010838709677419354,0.20161500119668258,113,12,0,0.0,17,4,0
2972605423,الامبراطورة منار,almanar1231,المملكة العربية السعودية جده,‎إذا غاب عنك من تحب فأعلم إما انه احب غيرك وإما انه لم يحبك من البداية,141723,113,122,35,0,4739,0,1,0,2972605423,0,human,1243.1929824561403,0.007594936708860759,0.03344528802461122,70,11,4,0.36363636363636365,16,2,0
331989774,Ashlenie Rivero ॐ,Ashlenie_Rivero,,Above & Beyond | #FitFam | We Are All We Need | Crossfit | ཨོཾ་མ་ཎི་པདྨེ་ཧཱུྃ,1042,698,7,31601,0,12011,0,0,0,331989774,0,human,1.492131616595136,2.6308691308691308,11.516778523489933,77,15,0,0.0,17,3,0
55195136,Aslan News,Aslanews,,✉️ aslanews@yandex.com - @AslanewsDestek,117549,340,265,53848,0,41905,0,0,0,55195136,0,human,344.72140762463346,1.2849949887844223,0.3564951084644832,40,8,0,0.0,10,2,0
158426128,CBS Sports NBA,CBSSportsNBA,,"@CBSSports covers the NBA: @sportsreiter, @reidforgrave, @outsidethenba, @ColinCBSSports, @bradbotkincbs, @jackmaloneycbs @Kyle__Boone",112882,1295,2689,13,1,60343,0,0,0,158426128,0,human,87.10108024691358,0.00023200318175792126,0.5345711931823215,134,12,0,0.0,14,3,0
369625532,César Bejarano,CesarBejarano21,"Lima, Peru","Consultor & Asesor Empresarial: Plan de Negocios, etc, empresas familiares. Conductor programa radial @EntreAmigos. Analista libre influencias y presiones 🇵🇪",1524,1924,71,3345,0,138563,0,0,0,369625532,0,human,0.7922077922077922,0.024147686267717444,90.8616393442623,157,15,2,0.13333333333333333,14,2,0
892792496,263Chat 🇿🇼,263Chat,Zimbabwe,Zim media organisation focused on encouraging & participating in progressive national dialogue | RT=RT | WhatsApp/SMS +263777028169 | #Zimbabwe #263Chat,367556,37200,494,5978,0,301764,0,0,0,892792496,1,bot,9.880298916695788,0.019813430981061423,0.8210019126285175,152,7,3,0.42857142857142855,10,2,0
87307603,Lucy 🍋,LuciaMicaelaR,Mexico,,1000,904,71,708,0,23400,0,0,0,87307603,1,bot,1.1060773480662984,0.03029785051920858,23.377622377622377,0,13,0,0.0,6,2,0
462007707,𝓓𝓮𝓴𝓶𝓸𝔂,suhadasani_,,𝘠𝘢 اَللّهُ 𝘱𝘦𝘳𝘮𝘶𝘥𝘢𝘩𝘬𝘢𝘯 𝘴𝘦𝘨𝘢𝘭𝘢 𝘶𝘳𝘶𝘴𝘢𝘯     𝘚𝘶𝘩𝘢𝘥𝘢𝘵𝘶𝘭 𝘥𝘪𝘥𝘶𝘯𝘪𝘢 𝘥𝘢𝘯 𝘥𝘪𝘢𝘬𝘩𝘪𝘳𝘢𝘵. 𝘈𝘢𝘮𝘪𝘪𝘯 ✨,960,166,0,351,0,47359,0,0,0,462007707,0,human,5.754491017964072,0.007432432432432433,49.28199791883455,82,11,0,0.0,6,1,0
2785960469,Alejandra Conde,AlejandraConde_,Mexico,•Leydali•,755,1691,6,7488,0,5900,0,0,0,2785960469,0,human,0.44680851063829785,1.2691069310286391,7.805555555555555,9,15,0,0.0,15,2,0
106445504,Glamour Mex y Latam,GlamourMex,,La revista de moda y belleza más vendida en México.,1245868,475,1203,1216,1,33798,0,0,0,106445504,1,bot,2617.371848739496,0.03600698245510222,0.027128855441462946,51,10,0,0.0,19,4,0
627253333,عصير الصبار,ivr6661,استغفر الله العظيم وأتوب اليه,متجر يقدم افضل واجود انواع انقاص الوزن في العالم من اكبر وارقى الشركات العالميه في منتجات فور ايفر👌🏼، للتواصل والطلبات 0531996969,82301,351,65,129,0,96458,0,0,0,627253333,1,bot,233.8125,0.0013477228667102086,1.1720128307939053,129,7,4,0.5714285714285714,11,2,0
490645569,It's Quea D ❤️,2_Raaaays,Yo mans house,"Always stay gracious, best revenge is yo paper. Phillippians 4:13 IG: Quea_Bangs. SC:RayRayDaBayBay1",854,786,1,5648,0,68119,0,0,0,490645569,1,bot,1.0864040660736975,0.0829271873165003,79.67251461988305,100,9,1,0.1111111111111111,14,4,0
2322937225,Joe  ☞#eRD,jlferguson50,"South Daytona, FL",#eRD ⛔️ ⓃⓄ ᗪᗰs ⛔️🌹#IFB💯 👉 @eReferenceDesk  #eReferenceDesk☆  Supports: #1DDrive #HelpFromFriends  #TEAMSTALLION #TeamDollNature #TeamUnidoS #TMPETAL,144896,71857,327,36388,0,301834,0,0,0,2322937225,0,human,2.016435191627933,0.12055924594563255,2.08310040925623,148,12,2,0.16666666666666666,10,2,0
14105540,Colleen Padilla,classymommy,Philadelphia,"Classy Mommy Founder
Travel, Family, Style 
Author 
Recent: #InfinityWarEvent
Next: #LifeofTheParty premiere
Mom to One Kid's Life https://t.co/6Nw9bkQcjj",110080,47479,1868,1788,0,67666,0,0,0,14105540,1,bot,2.3184709351305814,0.02643829340742164,0.6147019013272045,154,11,0,0.0,15,2,0
1252317360,#656,Biannchulis,en las nubes.,In a world of my own ✨ - River💘- con los pies en la tierra y la cabeza en el cielo. ♓ #LaBandaDeMicho #flechadenochecopabariloche 🚌⏩,914,599,3,15116,0,36797,0,0,0,1252317360,0,human,1.525,0.41081037012881133,40.21639344262295,132,11,0,0.0,4,1,0
790017240733278208,Melissa T. Moreno,DanielGennaoui,"Dublin City, Ireland",Subtly charming organizer. Tv fanatic. Evil web nerd. Unapologetic reader. Social media buff.,19,48,0,0,0,2,0,0,0,790017240733278208,1,bot,0.40816326530612246,0.3333333333333333,0.15,93,14,0,0.0,17,3,0
105043121,pizza,belllalalala,,talk disney to me,948,654,26,8183,0,46468,0,0,0,105043121,0,human,1.448854961832061,0.1761174116077385,48.96628029504742,17,12,0,0.0,5,1,0
547838230,Catta 🇨🇱 💙,ccaattittaa,Chile,"Yo opino, tú...Se feliz.",1380,1191,11,2636,0,30309,0,0,0,547838230,0,human,1.1585570469798658,0.08700098977235236,21.947863866763214,24,11,0,0.0,10,3,0
2400389972,Aaron Andrews,ajapackertalk,,Founder of https://t.co/iWuDIAeZgu Follow us at @lombardi_lounge,2551,1818,32,8814,0,32271,0,1,0,2400389972,0,human,1.4029686641011545,0.27314700049578583,12.64576802507837,64,13,0,0.0,13,2,0
304520848,Ailín☆,AiluRodriguez74,,☆Newell's Old Boys☆La enfermedad que corre por mis venas☆SI MUERO QUE SEA DE LEPRA❤⚫ https://t.co/iLgd3pCSoq…,1060,811,4,15134,0,83745,0,0,0,304520848,0,human,1.3066502463054188,0.18072504955460558,78.93119698397739,109,15,2,0.13333333333333333,6,1,0
4925593090,Itan,c_nattC,"Río Negro, Argentina","ι cяυмвℓιηg αgαιη, вυт, ι cαη'т sтσρ.",3324,2670,3,48470,0,8896,0,0,0,4925593090,0,human,1.244852115312617,5.448016185230976,2.6757894736842105,37,7,0,0.0,4,1,0
83805213,iSupportNamo,iSupportNamo,India,"Fans of Narendra Modi - Prime Minister (Pradhan Sevak of India). Twitter
Managed by Vikas, Vinod and Mehul",138763,400,212,1096,0,27836,0,0,0,83805213,0,human,346.0448877805486,0.039407982181988,0.20060678562163098,106,12,0,0.0,12,1,1
501337024,520dee,520dee,MONEY,MONEY,1376,675,10,1515,0,25950,0,0,0,501337024,0,human,2.03698224852071,0.05841778736850218,18.846042120551925,5,6,3,0.5,6,1,1
131388296,Touching Souls Intl,TSIphilanthropy,"New York, USA","Nonprofit organization that supports philanthropy, charity & giving in health, education and safe environment for economically disadvantaged people.",974,743,46,0,0,2895,0,0,0,131388296,1,bot,1.310483870967742,0.0003453038674033149,2.97025641025641,148,15,0,0.0,19,3,0
3430977532,brielle 💕,hellavenus,fantagio+yoonjo+🍯🍿+carly rae,who started the rumour im a hellocupid aroha and ki-ling?,1465,209,82,213926,0,279153,0,0,0,3430977532,1,bot,6.980952380952381,0.7663404429096484,190.418826739427,57,10,0,0.0,9,2,0
1316055120,K S A ♡,h9797,,,4863,0,4,2,0,46,0,1,0,1316055120,0,human,4864.0,0.06382978723404255,0.009662828947368422,0,5,4,0.8,7,4,0
281953031,瞬間☆フレーズ ＋ タロット占い,periodicspeller,,「@periodicspeller タロットひいて」とつぶやくと、占いプログラムが自動的にお返事します。,1081,360,43,4,0,83341,0,1,0,281953031,1,bot,2.9972299168975067,5.999376064889251e-05,77.02587800369686,52,15,0,0.0,16,3,0
49536214,IG: AidilAkbarMadjid,AidilAKBAR,CP Kinan081513911101,"Independent Financial Planner,Flying&shooting,gym,movies,food,traveling,politics,writer,parttime blogger @PedasParaaah CP Rony085738132989",103080,1905,605,2012,0,163668,0,1,0,49536214,1,bot,54.08237145855194,0.012299213656831776,1.5877707822004055,138,10,0,0.0,20,2,0
254650064,Juan Manuel,Boguitaaa,Argentina,🔴⚪⚫,996,1035,2,5567,0,19273,0,0,0,254650064,0,human,0.9623552123552124,0.28888658296150255,19.331995987963893,3,9,0,0.0,11,2,0
3081645028,JukeboxMusicChannel,jukebox_tweet,"London, England","Jukebox Is An Audio On-line Music Channel, Not A Radio Station, Featuring A Diverse Collection Of Genres Bringing You The Very Best In Music Entertainment™",987,1936,15,483,0,83853,0,0,0,3081645028,1,bot,0.5100671140939598,0.005771936938011305,84.87246963562752,155,13,0,0.0,19,1,0
176755299,Digiturk,Digiturk,,Digiturk bir beIN Medya Kuruluşudur. Digiturk resmi Twitter hesabı. Digiturk hakkındaki en güncel gelişmeler ve sürprizler için bizi takip edin.,103132,106,152,450,1,15048,0,0,0,176755299,1,bot,963.8598130841121,0.029968768688949432,0.14591837724103826,144,8,0,0.0,8,1,1
2616511854,alis Andrade,alis1876,Aragua MBI ,Nacida desde que la Revolucion llego a nuestro país y defensora del legado del Gigante de América,1259,2092,3,2214,0,11637,0,1,0,2616511854,0,human,0.6020066889632107,0.19032479807527067,9.236507936507936,97,8,4,0.5,12,2,0
1401891498,ضيف الله اللحاوي,7iiix,#طبرجل,⠀⠀⠀⠀⠀⠀⠀⠀⠀⠀⠀⠀⠀⠀⠀⠀⠀⠀⠀⠀⠀⠀⠀⠀⠀⠀⠀⠀⠀⠀⠀⠀⠀⠀⠀⠀⠀⠀⠀⠀⠀⠀⠀⠀⠀⠀⠀⠀⠀⠀⠀⠀⠀⠀⠀⠀⠀⠀⠀⠀⠀⠀⠀⠀⠀⠀⠀ ⠀⠀⠀⠀⠀⠀⠀⠀⠀⠀⠀⠀⠀⠀ ⠀⠀⠀⠀⠀⠀ ⠀⠀⠀⠀⠀⠀ ⠀⠀⠀⠀⠀⠀⠀⠀⠀⠀⠀⠀⠀⠀⠀ افعل مايسعدك فالأيام لاتعود,78590,1611,39,77,0,38590,0,1,0,1401891498,1,bot,48.75372208436725,0.002021196652069135,0.4910358692471148,140,5,1,0.2,16,3,0
304679484,Mark Hamill,HamillHimself,,"Believe in yourself! Work hard, never give up & anything's possible! OR: Kick back, relax & aim low: You'll never be disappointed...😜 NO DMs!",3002292,396,12061,248920,1,13151,0,0,0,304679484,0,human,7562.450881612091,18.92647506082725,0.004380651721867253,141,13,0,0.0,11,2,0
892501717,CurvyLadyProbs,CurvyLadyProbs,,You’ll end up ordinary if you’re not careful. Spreading self-love and positive body image everywhere I go. Exist loudly. #curvyladyprobs,93138,3477,291,30045,0,62404,0,0,0,892501717,1,bot,26.779470960322023,0.48146783110327696,0.6700200775185475,136,14,0,0.0,14,1,1
2835312057,Ángelo della Corsa,delacorsa,México,Periodista especializado en Fórmula Uno,24273,4406,89,5282,0,41712,0,0,0,2835312057,1,bot,5.508055366462446,0.12665116390573683,1.7184230040372415,39,9,0,0.0,18,3,0
1129947853,مذنب.,iM4NB_,للأعلانات 0550071887 أو خاص ,تكلم عني مثلما شئت لعلك تخفف من ذنوبي .,440573,1,681,5138,0,62817,0,0,0,1129947853,0,human,220287.0,0.08180776210640263,0.14258217688742414,39,6,1,0.16666666666666666,5,1,0
587364967,Ade Putra Nasution,Nasution_B,"Medan,Sumatera Utara",Pantang Mundur sebelum berhasil,900,865,0,170,0,4623,0,0,0,587364967,1,bot,1.0404157043879907,0.036980968858131485,5.132075471698113,31,10,0,0.0,18,3,0
605460099,~,a4a_vip,شمالي,⠀⠀⠀⠀⠀⠀⠀⠀⠀⠀⠀⠀⠀⠀⠀⠀⠀⠀⠀⠀⠀⠀⠀⠀⠀⠀⠀⠀⠀⠀ ⠀⠀⠀⠀⠀⠀⠀⠀⠀⠀⠀⠀⠀⠀⠀⠀⠀⠀⠀⠀⠀⠀⠀⠀⠀⠀⠀⠀⠀⠀⠀⠀⠀⠀⠀⠀⠀⠀⠀⠀⠀⠀⠀⠀⠀⠀⠀⠀⠀⠀⠀⠀⠀⠀⠀⠀⠀⠀⠀⠀⠀⠀⠀⠀⠀⠀⠀⠀⠀⠀⠀⠀⠀ㅤ ㅤ ㅤㅤㅤㅤㅤㅤ ㅤㅤㅤㅤㅤ  ㅤㅤ ㅤ,278749,249779,313,1310,0,65240,0,0,0,605460099,0,human,1.1159820642165106,0.020094725709293236,0.23404843049327353,126,7,1,0.14285714285714285,1,1,0
2340008558,岐阜産養殖サメ,Worldplplpl,エンゼルアイランド,森永さんキョロちゃんBlu-rayBOX化をよろしくお願いします,857,1249,44,29662,0,281409,0,0,0,2340008558,1,bot,0.6864,0.10540847873209908,327.98368298368297,32,11,0,0.0,7,1,0
566680694,Capucine Anav,CapucineAnav,Instagram: capucineanavoff,Animatrice Tv et Radio @funradio_fr / Chroniqueuse Tv et médias @TPMP - @le_figaro /Productrice et comédienne @encoloc1 - OROA production / Snap: capucine.anav⠀,1129397,448,870,5282,1,7889,0,1,0,566680694,0,human,2515.3630289532293,0.6695817490494297,0.006986022642150951,160,12,0,0.0,13,2,0
2632291,はてなブックマーク::Hotentry,hatebu,,はてなブックマーク公式アカウント。最新人気エントリーを配信します。ただいまモーメント機能検証中 iOSアプリ：https://t.co/VFbfsYGwm7 Androidアプリ： https://t.co/Me8dtmQ29g,107987,7,10627,1,1,236998,0,0,0,2632291,0,human,13498.5,8.438854172380474e-06,2.1946790384116754,114,6,0,0.0,19,1,0
203420499,فورشباب,4Shbab_net,,‏قنوات فور شباب تبث على تردد ١١٣١٦ نايل سات عامودي. ولمشاهدة البث المباشر : https://t.co/BkyK8n20Hj‎ - لإعلاناتكم على قنوات وصفحات فورشباب: info@4shbab.tv,103715,4,294,458,1,65947,0,0,0,203420499,0,human,20743.2,0.006960029113847274,0.6358517490069034,154,10,1,0.1,7,1,0
2327288461,じゃ,JAGARlKONG,kingking,一生懸命生きてます,7111,213,3,2032,0,4368,0,1,0,2327288461,1,bot,33.23364485981308,0.4653238727397574,0.6143138357705287,9,10,0,0.0,2,1,0
148466830,A  M  A  R  A,AmaraLaNegraALN,"Miami,FL",AmaraLaNegraBookings@gmail.com,158844,0,489,8452,1,39941,0,0,0,148466830,0,human,158845.0,0.2116318662059987,0.25145267399036797,30,15,0,0.0,13,5,0
327422553,محمد الباز,mags1398,,هناك اشخاص تاًتي مصالحهم فوق اي شي عجباً لاناس حمقى,1112,2870,0,1453,0,54637,0,1,0,327422553,1,bot,0.3876698014629049,0.02661151579486804,49.090745732255165,51,8,4,0.5,10,2,0
3066702889,The Qeen : ضبه,daayh12345,هنا ,فيِ هاَذاَ العَالمْ ايِنماَ وجدَ الضوءْ فَسَيُرافقهْ الظلامْ طالماَ وجدَ مفهوُم المنتصرْ فهناكَ مفهومْ الخاسرْ أيضاً,510,934,3,2375,0,15766,0,1,0,3066702889,0,human,0.546524064171123,0.15069448848861547,30.85518590998043,116,10,5,0.5,14,4,0
4885546127,KBC,BoeJr88,,,8,0,0,1,0,1,0,1,0,4885546127,0,human,9.0,1.0,0.2222222222222222,0,7,2,0.2857142857142857,3,1,0
4068159017,أربيل ؛,_iraqia,العراق,‏‏‏يمامة بيضاءْ ..,24698,21444,22,0,0,5589,0,1,0,4068159017,0,human,1.151737001632082,0.00017889087656529517,0.22632495242722378,18,7,0,0.0,7,2,0
117102398,Julius Sello Malema,Julius_S_Malema,"Johannesburg, South Africa",Commander in Chief of Economic Freedom Fighters [EFF] and a Revolutionary activist for radical change in Africa. No Facebook Account,2294832,621,2790,1697,1,25458,0,0,0,117102398,0,human,3689.442122186495,0.06669547114969167,0.011094053467071461,132,15,0,0.0,19,3,0
2184009647,Melu♥,07Mely10,Argentina,"❌Hay personas que dicen que te aman mirándote a los ojos. Y también mienten❌
Belieber♥

❌You give me Purpose❌",728,1949,2,9783,0,7874,0,1,0,2184009647,0,human,0.37384615384615383,1.2424126984126984,10.802469135802468,109,8,4,0.5,5,1,0
280986369,*花言葉bot*,hana_kotoba_bot,,"花言葉をつぶやくbotです。　1時間に1回ランダムにつぶやきます。
誰かにお花を差し上げる時などに参考にして頂ければ嬉しいです。
過去のつぶやきは、Twilog の方を参考にしてくださいな。
こちらはDM・返信等はいたしませんので、何かあれば制作者（@shiki_karakusa）にご連絡くださいませ",105240,10386,3186,0,0,66023,0,0,0,280986369,1,bot,10.131991912968132,1.5146007512419726e-05,0.6273600592924811,154,15,0,0.0,8,1,0
148753334,Angela Lerena 🏟,Angelalerena,Argentina,"Periodista. Conduzco #PrimeraTapa y transmito fútbol en @TNTSportsLA. Luchar, vencer, caerse, levantarse, hasta que se acabe la vida.",182021,1814,978,14538,1,62816,0,0,0,148753334,0,human,100.28760330578513,0.23145008516802776,0.3451066354616475,133,12,0,0.0,15,3,0
38577243,Chrissie Fit,chrissiefit,Los Angeles,"Actress, writer, sometimes singer, and Tiny Dancer.",103367,495,297,6515,1,17701,0,0,0,38577243,0,human,208.40322580645162,0.3680940006778895,0.1712522250599799,51,11,0,0.0,12,2,0
392064313,あかねこ,rd_ct_ictv,藤蜜サンドの国,審神者とハマ女🐴 地雷などない ↑20,129,248,9,16461,0,64113,0,0,0,392064313,1,bot,0.5220883534136547,0.2567613937673519,493.18461538461537,19,10,0,0.0,4,1,0
1051021585,Corina,Corisiegrisst, ,Concepción del Uruguay,925,372,3,6640,0,23362,0,0,0,1051021585,0,human,2.482573726541555,0.2842528784830715,25.23002159827214,22,13,0,0.0,6,1,0
113622749,BLADE,blade4649,,トキメキをもとめて生涯精進φ=φ(:3」┌)┘ https://t.co/UQJAngsZ1X,246905,932,5594,33606,0,105978,0,0,0,113622749,0,human,264.636655948553,0.31710999348927615,0.42922812730350823,47,9,4,0.4444444444444444,5,1,0
40583484,Maria Jose Loyola,lajosa,Mexico City,"Cantante Mexicana, Comunicóloca, ex-Kabah, Kabah y ex-Kabah otra vez ! Conciertos, contrataciones, promociones y entrevistas en https://t.co/ilgxQZ0RUx",1129266,12184,2935,2164,1,23235,0,0,0,40583484,0,human,92.67681575707837,0.09317438457565846,0.020576179061284887,151,6,0,0.0,17,3,0
233217936,KS,darkendefend,"Bangkok, Thailand ",ใช้ชีวิตอยู่บนท้องถนนในกรุงเทพนานกว่าเวลานอน.,116743,50,105,314,0,20509,0,0,0,233217936,0,human,2289.098039215686,0.015358361774744027,0.17568354690605084,45,12,0,0.0,2,1,0
205562604,HoyVerde Lifestyle,HoyVerde,On Line,"¡El verde es vida y la vida está llena de color! Ambiente, Sexualidad, Vida, Salud, Bienestar, Curiosidades, Datos, Lifestyle | Por @Culturizando",97273,84,941,216,0,37023,0,0,0,205562604,1,bot,1144.4,0.005861063094209162,0.38061558073071944,145,8,0,0.0,18,2,0
58560480,Michael Dell,MichaelDell,"Austin, TX",Self employed 🇺🇸 Grateful https://t.co/vPbQgbRDOV VMware https://t.co/t4213FbBaJ https://t.co/Lk9VxbjC74 https://t.co/2QEmywiWHv https://t.co/ywmcEYMUg0,663385,3194,3797,3656,1,4172,0,0,0,58560480,0,human,207.63255086071987,0.8763479511143063,0.0062904553306822875,152,11,0,0.0,12,2,0
232492324,和雑貨なごみ,nagomiforest,宮城県仙台市太白区柳生7-7-1,仙台市太白区柳生の和雑貨と写真スタジオのお店です。 （写真スタジオのお問い合せやご予約は店頭かお電話でお受けしています。） 定休日は毎週木曜日です。,972,1176,39,2389,0,30445,0,1,0,232492324,1,bot,0.826677994902294,0.07849963870459174,31.290853031860227,74,12,0,0.0,6,1,0
50567305,Big Boob World,Boobworld,,"I am a Big Boob lover, and if you are too, please visit my website for Quality Big Boob pics and video. You won't be disappointed!",117606,1251,722,735,0,118862,0,0,0,50567305,1,bot,93.935303514377,0.006192002557566274,1.0106796364161996,130,9,0,0.0,14,3,0
26759984,Guillem Balague,GuillemBalague,,"@BBC5Live, @LaLiga TV, @diarioAS. Wrote books&songs. UEFA B coach. Patron of @fBeyondBorders. @Biggleswadeutd’s Chairman


Enquiries@blueprintsports.co.uk",1047177,1788,7524,1175,1,28271,0,0,0,26759984,0,human,585.3426495248742,0.04159592529711375,0.026998275364837687,154,14,0,0.0,15,2,0
454324273,عادل بن سلطان,adelmz44,,,824625,833660,789,1148,0,96061,0,0,0,454324273,1,bot,0.989162261398818,0.011961025171243572,0.11649159740294387,0,8,2,0.25,13,3,0
1019791885,【人生激変】お手軽美容術,bijin__make,,あなたの世界が明日から変わっちゃう♪そんな明日から使えるお手軽美容術術をつぶやいています。役に立ったらフォロー＆RTしてね♪,30131,15832,40,1,0,75040,0,0,0,1019791885,1,bot,1.903113749763153,2.6652096853719965e-05,2.490408867649011,62,11,0,0.0,12,1,0
15913,Larry Hryb,majornelson,In your Xbox,"""The Xbox Guy"" 🎮 • 💑@thehappygirl • Twitter & Instagram @majornelson ❌🤳• RT's Earned, Not Given. 🌐Current Destination: The Future",1127687,5,11593,7,1,54804,0,0,0,15913,0,human,187948.0,0.00014597208283915702,0.04859943530480062,129,11,0,0.0,10,2,0
356832159,Whis_kasım var,adonislikedi,,"Özür dilemek, haksız olduğunuz manasına gelmez. Karşınızdaki insana verdiğiniz değerin; egonuzdan yüksek olduğunu gösterir. iletişim :onlineticaret1@hotmail.com",123388,137066,104,166386,0,50102,0,0,0,356832159,0,human,0.9002093866503242,3.3208989481667763,0.4060572660447852,160,12,0,0.0,14,2,0
2557521,ESPN,espn,,Download the ESPN App ⬇️,33756726,235,59853,178,1,99475,0,0,0,2557521,1,bot,143036.9788135593,0.00179942900800193,0.0029468496753254545,24,4,0,0.0,4,1,1
24100116,Barbara Duke,BarbaraDuke,Newport News VA,"ProfessionalEncourager, BrandAdvocate, Christian,Blogger,Survivor, #BoomerMom #girlfriends https://t.co/ihP9H3oQkf Power of Pink",96222,100305,3449,809,0,123334,0,0,0,24100116,1,bot,0.9592945586505294,0.006567478817853813,1.2817621566569324,128,11,0,0.0,12,2,0
790136510,Kirk Herbstreit,KirkHerbstreit,,"Husband, Dad to Jake Tye Zak Chase-Believer-CFB Junkie-Proud Ohio St alum-diehard Reds/CBJ fan. For Marketing/Appearance inquiries: peter@p3sportsreps.com",1503484,735,5665,12,1,14964,0,1,0,790136510,0,human,2042.7785326086957,0.0008686936184430338,0.009953541272443689,154,14,0,0.0,15,2,0
1396439852,Harry Goaz,HarryGoaz,,Mother's Little Helper,282123,139482,287,3342,1,1246,0,0,0,1396439852,0,human,2.022640751919589,2.6808340016038494,0.004420042250925125,22,9,0,0.0,10,2,0
3147202359,クラッシュフィーバー公式(クラフィ),CrashFever_PR,,クラッシュフィーバー(クラフィ)公式アカウントです。イベントなどの様々な最新情報をお知らせしていきます！ この指先に、存在-ID-をかけてーー！  サポートはこちらです→crashfever@wonderpla.net,180821,4,460,0,0,21200,0,0,0,3147202359,1,bot,36164.4,4.716758643460214e-05,0.11724790125095398,109,13,0,0.0,18,1,0
2163553326,cait walsh.,cait713,"Texarkana, TX - Marshall, TX ",•ETBU '19•,866,713,0,4551,0,2797,0,1,0,2163553326,0,human,1.2142857142857142,1.6268763402430306,3.2272202998846597,10,7,3,0.42857142857142855,11,2,0
23627469,Jermaine Dupri,jermainedupri,GLOBAL14,"JERMAINE DUPRI CEO OF SO SO DEF, GRAMMY AWARD WINNING SONG WRITER AND PRODUCER,HALL OF FAMER,AUTHOR,DJ,CREATOR OF GLOBAL14,EP OF “THE RAP GAME”",1080635,5118,4637,1838,1,69244,0,0,0,23627469,0,human,211.10294979488182,0.02655787421474475,0.06407800591503522,143,13,0,0.0,14,2,0
2166806700,Bad Teddy Beer,BadTeddyBeer,"Guadalajara, Jalisco. México","Mi mamá me abandonó en un mercado, fui recogido por una niña que se hacía caricias conmigo y por cosas del destino hoy soy Tuitero.
Pokemon code 7966 6908 9766",6083,80,27,11212,0,297,0,0,0,2166806700,0,human,75.11111111111111,37.62751677852349,0.048980933596318214,159,12,0,0.0,14,3,0
483579235,起業・副業を応援！BizMatch,aimotweet,TOKYO,起業・副業を応援するビジネス団体BizMatchの公式アカウントです。起業や経営についての最新情報を気ままにつぶやきます。起業・副業に興味のある方はフォローお願いします（○´Δ｀人）,97477,78534,251,5106,0,44331,0,0,0,483579235,1,bot,1.241204558477112,0.11519895335198051,0.4547897987238146,91,9,0,0.0,17,1,0
73725383,360Connect,360Connect,,The Community of Loyalty360 connects experts to the market!,99061,106865,1951,51,0,97976,0,0,0,73725383,1,bot,0.9269739673984242,0.0005307368055768191,0.9890472633300358,59,10,3,0.3,10,1,1
80396134,Hugo Alconada Mon,halconada,,abogado; periodista en @lanacion; miembro de @icijorg; colaborador en @nytimesES; https://t.co/Dsf2qnw2cy,627763,194,1276,13801,1,10325,0,0,0,80396134,0,human,3219.3025641025642,1.336625992639938,0.01644885657667531,105,9,0,0.0,17,3,0
1079108184,holly jolly eva gutowski,lifeaseva,Schnitzel Land,reusable straw energy 🌏Eva@mylifeaseva.com,5044391,3872,1273,30520,1,15202,0,0,0,1079108184,0,human,1302.4508133230054,2.0075642965204237,0.003013841906021578,42,9,0,0.0,24,4,0
175524309,👁,AK_ODi,,,87246,50277,146,836,0,650,0,0,0,175524309,0,human,1.7352917777158996,1.2857142857142858,0.007461574610015244,0,6,0,0.0,1,1,0
2885206563,michelle,bigbootayhoes,,🇻🇪🇲🇽 | ΣΛΓ | shsu,1790,1016,24,182717,0,135010,0,0,0,2885206563,0,human,1.761061946902655,1.3533563931827777,75.38302624232273,17,13,0,0.0,8,1,0
183734266,Beatriz Eiras,beaatrizeiras,,,1214,824,14,28960,0,129910,0,0,0,183734266,0,human,1.4727272727272727,0.2229295440724804,106.92263374485597,0,13,0,0.0,13,2,0
30323859,Carlos Sánchez,carloscomic,Santo Domingo,"Stand Up Comic. Si soy gracioso doy risa, sino no.",110397,49,200,1224,0,37415,0,0,0,30323859,1,bot,2207.96,0.03274000427624545,0.3389191833185384,50,11,0,0.0,14,2,0
1288352436,Selena Gomez,iSelenaGornez,Los Angeles,"Get 'It Ain't Me' with Kygo, out now ♥Parody♥ (Promotion Business/ Content Removal requests contact: publicizing@outlook.com)",152435,86282,69,39,0,142909,0,0,0,1288352436,0,human,1.766697959041758,0.00027989643831782243,0.9375082001626912,125,13,0,0.0,12,2,0
20312664,INDIKA 9160 FM,INDIKA9160FM,Jl. Pejaten Barat Raya No.2,WA : 08559009160,158918,1246,206,3256,0,214835,0,0,0,20312664,0,human,127.4410585404972,0.015160401422480404,1.351858493949748,16,12,4,0.3333333333333333,14,3,0
2586195402,cami,camiladiaz181,Ciudad de Mendoza,,1554,1711,8,32517,0,70917,0,0,0,2586195402,0,human,0.9082943925233645,0.4585295693617981,45.6064308681672,0,13,3,0.23076923076923078,4,1,0
51674513,Dejan Kovacevic,Dejan_Kovacevic,"Pittsburgh, PA","Columnist/creator of Pittsburgh's pioneering sports journalism site/app, father of two spectacular children",119656,74016,2140,229746,1,59576,0,0,0,51674513,0,human,1.6166151019360417,3.8563036070966983,0.4978981589042012,107,15,0,0.0,15,2,0
161482772,@america,atamerica,"Pacific Place Mall, Jakarta","The official @atamerica Twitter. Follow us to learn more about our programs, American culture and the United States.",102700,564,482,2265,1,58540,0,0,0,161482772,0,human,181.7716814159292,0.03870791411147743,0.5700139239150543,116,9,0,0.0,8,1,0
74409069,SMART,LiveSmart,Philippines,"The official Twitter account of Smart Communications, Inc. Follow @SmartCares for customer support.",1422391,53238,1566,6617,1,307845,0,0,0,74409069,1,bot,26.717105881027067,0.02149776186794696,0.2164283826118257,99,9,0,0.0,5,1,0
628187173,`คำในความรู้สึก♡,itfeelheart,#afeelofheart,,1651087,12,94,509,0,544,0,0,0,628187173,0,human,127006.76923076923,0.9357798165137615,0.0003300853740079269,0,11,0,0.0,16,1,0
2337057608,Karan INA,cyberKaran,India,"Indian by birth, Hindu by culture, IT COOLIE by religion, activist at social media",1272,1764,20,4814,0,21628,0,0,0,2337057608,0,human,0.7212464589235128,0.22261778168200103,16.99057344854674,82,10,0,0.0,9,2,0
3550084640,30 Second Plays,30SecPIays,Turn on Notifications,Bringing you the best sports plays we can find! @CopsOnTape,23847,2587,8,7,0,62,0,1,0,3550084640,0,human,9.21483771251932,0.12698412698412698,0.002641730962764173,59,10,2,0.2,15,3,0
579935321,あかね@1/27堺東Goith,aknx1x2x7x,関西,美少女ゲーム「DS9 ディベートスクールナイン」改憲主題歌、「スライム娘の育て方」主題歌歌唱。毎月第4金曜日「つながるTV」様よりAちゃんねる放送中☺︎ アニメ、ゲーム、アニソン大好きです✨ライブ撮影禁止です。,1637,964,39,9820,0,65203,0,1,0,579935321,0,human,1.6974093264248704,0.1506195938899454,39.80708180708181,105,10,3,0.3,15,1,0
2459378088,藤田 ニコル(にこるん),0220nicole,オスカープロモーション所属 ,にこるん。20歳。/167cm/2月20日/ nicola ⇨popteen ⇨vivi 人生楽しんだもんがち♡るん。@NiCORONofficial https://t.co/1XBThfHn8P,2437129,414,4371,73464,1,46427,0,1,0,2459378088,0,human,5872.6024096385545,1.5823425519083312,0.019050276349640766,99,10,4,0.4,12,2,0
1709847242,Damián,dami_carrara,,,1335,1102,0,7697,0,9720,0,1,0,1709847242,0,human,1.2112420670897552,0.7918938380825018,7.276197604790419,0,12,0,0.0,6,1,0
543013426,희수얌,HeeSuee,,재미나게^^ 트윗을 하고 싶어효!! 행복하세횽!!^^,97253,104043,264,15,0,58826,0,1,0,543013426,1,bot,0.9347391488216524,0.0002719839529467761,0.6048800049355296,29,7,0,0.0,3,1,0
794376310978060288,Ana Lau Garcés E,iCigarrito,"Tenancingo De Degollado, Méx.",".: Me hackearon y comencé de nuevo. Me sigues, te sigo.:. Mx° | † | Psicóloga | | | Me gustan las ranas | 17:03",7268,7913,7,1816,0,4615,0,0,0,794376310978060288,0,human,0.9184988627748294,0.393630849220104,0.6350254505434035,111,10,0,0.0,16,4,0
401439271,Love Minions,IVIinions,,Adorable tweets from the most adorable characters ever! #PARODY (Promotion Business/ Content Removal requests contact: publicizing@outlook.com),108608,103675,37,38,0,157606,0,0,0,401439271,1,bot,1.047580925190015,0.0002474509380928512,1.4511412498043441,143,9,0,0.0,12,2,0
460982634,DR.Hawk,hawk666hawk,حيث الكتب والقهوة والدامبلز,"‏‏‏‏‏‏الكلمة الحلوة يابا بتسطل فولو واتسطل.. ‎‎‎‎‎‎#MMA 
med.student
يسقط كل من خان .
 كله ف الlikes",160466,60531,114,9822,0,20474,0,0,0,460982634,0,human,2.650944954734686,0.47975579975579974,0.12759632821701658,100,11,3,0.2727272727272727,7,1,0
84195118,Ibéyise Pacheco,ibepacheco,"Miami, FL",Periodista y escritora venezolana. Ciudadana de la libertad. https://t.co/aqtLpm8Svj,1724520,1610,5069,242,1,73506,0,0,0,84195118,0,human,1070.4661700806953,0.0033058076101595765,0.04262458966866742,84,10,0,0.0,15,2,0
75821706,.,CommonWhiteGrls,,,936091,0,3007,34,0,9133,0,0,0,75821706,0,human,936092.0,0.0038318370921830523,0.009757587929391555,0,15,0,0.0,1,1,0
4110375555,🇸🇦 prince,as_503,الخبر,✨سُبــْحٓـان الله وبِحٓـمْدِه༺سُـبْحٓـانْ الله الـعٓظِيـمْ✨,73613,63963,33,154,0,17623,0,1,0,4110375555,1,bot,1.1508661121881059,0.008794825238311394,0.23941098160675958,59,6,3,0.5,9,2,0
488011724,Mike Greenberg,Espngreeny,,The world’s foremost authority on all matters. https://t.co/845cnCh8PS https://t.co/KDNnvvYm4o,1165566,412,6511,1445,1,19405,0,1,0,488011724,0,human,2822.1961259079903,0.07451303720498814,0.016649407541565606,94,10,0,0.0,14,2,0
2912331852,ชาร์ลวี,charlv_,,💫รีรีข้าวสาร ส่องนาน ๆ เเสดงว่าเสือก l 💘In a Relationship with Rov 🎮 | ⚡คูมลูก @frungx_ |,2047,125,5,1271,0,151114,0,0,0,2912331852,0,human,16.253968253968253,0.0084174304337756,73.78662109375,89,7,0,0.0,7,1,0
420670398,Layla,laylang,春の匂いのその場所,"90年代からバンギャ / 
一生VJSロス / 
飲酒は輸血 / 
グレヲタ / X / 奴隷 / ABC / 
team軽率 / 
地球規模で遠征 / 
ライブレポは日記 / 
ネタバレ鍵垢 @laylang_repo / 
過去レポ https://t.co/2EbCw5ERDu /",1372,360,29,281,0,61971,0,0,0,420670398,1,bot,3.8033240997229916,0.004550442135157813,45.13619810633649,144,7,0,0.0,5,1,0
17710740,DNA,dna,India,"Follow us for news, photos, videos and the latest trends from India and around the world. http://t.co/IZXefx3rSt",1936343,376,3649,116,1,505905,0,0,0,17710740,1,bot,5136.190981432361,0.0002312682593209015,0.2612686588746628,112,3,0,0.0,3,1,1
2237649551,Саша Воробьев,mineBarcel,"Dnepropetrovsk, Ukraine","Тратьте меньше, чем зарабатываете, - вот вам и философский камень. -",809,0,23,3,0,137888,0,0,0,2237649551,1,bot,810.0,2.9008840444125346e-05,170.23333333333332,68,10,0,0.0,13,2,0
545409188,Cronos,Cronosplays,"Juiz de Fora, Minas Gerais",Instagram: cronosplays I Contato Profissional: contatocronosplays@gmail.com,132182,253,69,1379,0,33831,0,0,0,545409188,1,bot,520.4055118110236,0.040789784819106174,0.25594819303541305,75,11,0,0.0,6,1,0
422041940,Barkson,Arkson10,New York,31 | He/They | Forgetful | Ace | Furries | Sometimes NSFW likes and tweets | 18+ is recommended follow age | Icon and header by @Rutzdus,2636,2526,12,38689,0,21024,0,1,0,422041940,0,human,1.043529877324891,1.840190249702735,7.973075464543041,136,8,2,0.25,7,1,0
2928691509,IG: @fly_13arg,AmelyGalicia,,💙🔥,765,1349,2,18774,0,9178,0,1,0,2928691509,0,human,0.5674074074074074,2.045429785379671,11.983028720626631,2,12,0,0.0,14,2,0
1139325710,РБ головного мозга,belamova,Барановичи/Минск,Самый крупный в Беларуси телеграм-канал про политику: https://t.co/u2gEtuhdjM,181907,240,635,22846,0,14853,0,0,0,1139325710,0,human,754.804979253112,1.5381042143530361,0.08165666160916507,77,8,0,0.0,18,3,0
2961704150,mom. 💛,ashleyrosefvr,mind yours.,"darling, this is chamomile tea. Cole Alexander 💙",746,1003,5,30614,0,56906,0,0,0,2961704150,0,human,0.7440239043824701,0.5379830249354209,76.18072289156626,48,13,0,0.0,6,2,0
21185126,Chris Harrington,chrisharrington,"Cornelius, NC",1st to use the hashtag for TV | Ad Agency Director with Omnicom | Digital for global brands | #dad #husband #Ⓥ #runner | #advertising #digital,85666,3234,1539,6001,1,14045,0,0,0,21185126,0,human,26.48129829984544,0.42731026626797664,0.16396045151575286,142,15,0,0.0,16,2,0
111809956,竹谷　尚人,hisato_takeya,東京都江戸川区,色々訳あってLINE始めました　Twitterは人生を変える！　フォロワーさんに元気をお送りします！　大庄（庄や）応援団長　現在412店舗訪問　ニッカウヰスキー　UAセゾンプラチナ　常に前向き！　調理師免許　SO-04J　ANA　d-02J　健康　山崎製パン 　探求心　ポリシーを持つ　サブアカ→ @hisato_sub,92126,101186,353,622,0,478881,0,0,0,111809956,1,bot,0.9104628064869993,0.0013009467885616915,5.198063542718204,160,13,0,0.0,5,2,0
245010194,أحمد السمحان,Ahmed77_,الكويت _ الجهراء,مولود في ٦ مارس,1157,1072,1,3750,0,58816,0,1,0,245010194,1,bot,1.0792171481826653,0.06377407892276042,50.79188255613126,15,8,2,0.25,12,2,0
3244178876,ピンクパンサー,pantherxp,,"■スマホ/PCでこんなに簡単に稼げるなんて！ https://t.co/T60bfAchoY
★豊富で安心のアダルトグッズ⇒https://t.co/TUwGxfVC0h",713,1343,12,0,0,111696,0,1,0,3244178876,1,bot,0.53125,8.952791928162797e-06,156.43837535014006,85,9,0,0.0,7,1,0
453825972,تكافل الراجحي,AlRajhiTakaful,Saudi Arabia,الحساب الرسمي ل #تكافل_الراجحي ، حلول #تأمين برؤية شرعية تحقق طموحاتكم | حساب خدمة العملاء @AlRajhi_Care,121697,4,79,306,1,16702,0,0,0,453825972,0,human,24339.6,0.01837993174878764,0.13724958503837367,104,14,0,0.0,13,2,0
17861062,colson,machinegunkelly,cleveland,,1231095,1108,3411,3011,1,30358,0,0,0,17861062,0,human,1110.0955816050496,0.09921275404328206,0.0246601402327682,0,15,0,0.0,6,1,0
16929349,NYT Fashion,NYTFashion,"New York, NY",Fashion news from The New York Times. Sign up for the Open Thread newsletter here: https://t.co/EKHEhnS7vv,990340,309,9806,917,0,55215,0,0,0,16929349,1,bot,3194.648387096774,0.0166256157635468,0.05575453303458102,106,10,0,0.0,11,2,0
3149062356,はるる*ん,_8rk_3,追尾式ハローワーク,ピチピチできゃぴきゃぴです,16399,85,75,20204,0,24323,0,1,0,3149062356,0,human,190.69767441860466,0.8306610754810064,1.483170731707317,13,6,2,0.3333333333333333,5,1,0
1156489574,Amir Mateen,AmirMateen2,Islamabad,"I like to think myself as a Reporter. Anchor at 92 News . Worked for The Nation, Dawn, The News & BBC as Washington Correspondent. Love my job",426359,854,402,4979,1,25667,0,1,0,1156489574,0,human,498.6666666666667,0.19401589527816737,0.06020264565156206,142,11,1,0.09090909090909091,11,2,0
219992032,คุณหมีดงฮัน🐻,aoxche_,,#highlight [dooseob] #exo [kaisoo] #got7 [markbam] #seventeen [soonhao] #NCT [taeten] #JBJ [hyunhan] #wannaone [allxjinyoung] #Straykids thx follow me ☺,1293,1024,16,99884,0,516069,0,0,0,219992032,1,bot,1.262439024390244,0.193549324704013,398.8176197836167,152,7,0,0.0,12,1,0
2327994013,Dystopian Quotes,DystopianQuotes,"AD 802,701",Tweeting Dystopia 140 characters or less. A Dystopia Mash-up at times. Sometimes I tweet complete novels. #QuotesOfTheDay,818,46,23,280,0,37303,0,1,0,2327994013,1,bot,17.425531914893618,0.007532704267638859,45.54822954822955,121,15,0,0.0,16,2,0
93311525,NHK広報局,NHK_PR,東京都渋谷区神南２−２−１,NHK広報局のアカウントです。NHKからのお知らせや気になる番組情報をご案内します。 利用規約はこちら→ https://t.co/Q11WanxIUh フォローの考え方はこちら→https://t.co/8lVsvM27YP,2128517,116,29725,2,1,109230,0,0,0,93311525,1,bot,18192.46153846154,2.7464730708315405e-05,0.051317865294068454,113,6,0,0.0,6,1,0
50627014,Barbie Forteza,dealwithBARBIE,,2016 Fantasporto (Portugal) International Best Actress • 2014 Cinemalaya Best Supporting Actress • 9th Ani Ng Dangal Awardee,1205811,441,1220,2424,0,24136,0,0,0,50627014,0,human,2728.081447963801,0.10046816091477814,0.020017216614198564,124,14,0,0.0,14,2,0
38537315,Teddy Saban,Teddypinderass,,MY NIGGAS OUTTA LINE AND WE ROLL LIKE THE ROLLTIDE #iValueMyLife,997,863,21,444,0,255390,0,0,0,38537315,1,bot,1.1550925925925926,0.0017424263188601007,255.90280561122245,64,14,0,0.0,11,2,0
174369819,AfterBuzz TV,afterbuzztv,"Hollywood, CA","https://t.co/EjP4oThCAI - The ESPN of TV Talk…created by @MariaMenounos & @Undergaro with a vision to serve TV super-fans anywhere, anytime.",39410,4613,577,11044,1,66233,0,0,0,174369819,1,bot,8.541612483745123,0.16675725458223872,1.680596787698866,140,11,0,0.0,12,2,0
127683262,Araceli Gonzalez,araceli_g,"Buenos Aires, Argentina",https://t.co/tiRJ6JcsBm,1133885,1188,1461,11562,0,22151,0,0,0,127683262,0,human,953.6467619848612,0.5219844709281329,0.019536355506638233,23,9,0,0.0,16,2,0
218697713,Kimberly Ritter,2kidsandacoupon,Iowa,Social media #influencer & #Iowa #blogger sharing fun things to do for families at https://t.co/KxYFiSJFZQ. Contact us at 2kidsandacoupon@gmail.com,106417,95397,1893,6483,0,299379,0,0,0,218697713,1,bot,1.115516048554477,0.021658093393012227,2.813245879456483,147,15,1,0.06666666666666667,15,2,0
2363231167,Çok Piçsiniz,cokpicsiniz,"İstanbul, Türkiye",,58003,538,35,26826,0,143788,0,0,0,2363231167,1,bot,107.61410018552876,0.18657199090333754,2.4789497276049928,0,11,0,0.0,12,2,0
77225484,Affonso Solano,affonsosolano,Kurgala,"Autor do Espadachim de Carvão, Curador da Ed. Leya, criador do MRG e sócio da Gaveta Filmes. Nerdcaster, Omeleter. Rádio Mix 102.1 (seg. 22h)",295900,631,562,8130,1,51155,0,0,0,77225484,0,human,468.19778481012656,0.15894518727031043,0.1728821463935573,141,13,0,0.0,14,2,0
119456978,Ashish Khetan,AashishKhetan,"Cambridge, England",An Indian Away From Home,218054,441,336,84,1,14363,0,0,0,119456978,0,human,493.3371040723982,0.005917571707045391,0.06587328884914356,24,13,0,0.0,13,2,0
19106719,Malaysia Airlines,MAS,"Kuala Lumpur, Malaysia",Memorable journeys inspired by Malaysia's diverse richness. #MalaysiaAirlines Global Airline partner of LiverpoolFC #MHxLFC,1745964,404,3161,219,1,46250,0,0,0,19106719,1,bot,4311.024691358025,0.004756653910185726,0.026490221739840145,123,3,0,0.0,17,2,0
1253172344,cayetana,CayetanaLazcano,Puerto Rico,quieren mi vida y no pueden con la suya • uprrp-biology  • 🇵🇪,1110,861,6,12289,0,23199,0,0,0,1253172344,0,human,1.288863109048724,0.5297413793103448,20.882088208820882,61,15,0,0.0,8,1,0
146540920,Ask PlayStation,AskPlayStation,,"Official Twitter support for PlayStation, PSN, PS4, PS3, PS Vita, and PS Vue from Sony Interactive Entertainment America (SIEA)",1393326,3091,3359,1,1,884911,0,0,0,146540920,1,bot,450.6232212160414,2.2601117399244218e-06,0.6351071930709733,127,14,0,0.0,15,2,0
720183165,"‏‏♕أبـ,ــوٰيـٰـ,ــآرا♕💚نوم😴",44_nahl,ملگي💚,"‏‏‏‏‏‏‏‏‏‏‏‏‏‏الغت مواعيد النهار .. شمسِ بِدت مثل النهار💚

‎‎‎‎‎‎#قروب_الناهل_للدعم",193622,133417,828,8926,0,628532,0,1,0,720183165,1,bot,1.4512509556431665,0.014202913769046335,3.246169101811252,83,7,2,0.2857142857142857,27,1,0
21786831,Harvard Education,hgse,"Appian Way, Cambridge, Mass",The official Twitter feed of the Harvard Graduate School of Education,143301,152,2638,4668,1,9239,0,0,0,21786831,0,human,936.6143790849674,0.5053030303030303,0.06447921173465827,69,4,0,0.0,17,2,0
235092653,Masuta,masutatrading,Indonesia,Sharing bisnis dan investasi terbaik yang dapat kita pilih. MobilePhone:+6283831111277 Email:masutatrading@gmail.com #SRUDUKFOLLOW,903,0,28,3,0,262383,0,0,0,235092653,1,bot,904.0,1.5244832001951338e-05,290.24778761061947,130,13,0,0.0,6,1,0
2338346534,熟年だけど出会いが欲しい…♀,jukunenn_deai,,熟年だけど出会いが欲しい… 熟女ですけど恋がしたい… セックスがしたい…。 そんな出会い求めてる人いませんか？ 良かったら遊びませんか？ 年甲斐も無くこちらもやってます→http://t.co/tkNtScJpag,806,0,7,0,0,35316,0,1,0,2338346534,1,bot,807.0,2.83149757906957e-05,43.7633209417596,107,13,0,0.0,14,1,0
1424000143,Chris Jeffries,ChrisJeffries24,Germany,"#ChrisJeffries Is a creative professional, musician, designer, programmer, animator and animal lover",1462,1013,587,41910,0,94122,0,0,0,1424000143,1,bot,1.442800788954635,0.44527904975404525,64.33561175666439,100,15,2,0.13333333333333333,14,2,0
423373395,さむちん,collectivemode_,,真ん中には常に愛を/アイコンはシモニタ研究所@IswShimonita から頂きました/emo violence /Sludge metal /craft beer / イクニ/ #njslyr,1094,548,88,308373,0,299165,0,0,0,423373395,1,bot,1.994535519125683,1.0307788986716404,273.2109589041096,97,15,0,0.0,4,1,0
452029319,種田り（ことのは）サマー,kotonohasummer,種田いのり帝國,2018.1.21日下北沢にて没。。。後のブログで墓から蘇りました。 2019年も岡嶋妙さんをよろしくお願いします。 ソーサレス＊アライヴ! でエロゲデビューする予定ですので諸先輩方よろしくおねがいします。はるかなレシーバー　流星ワールドアクタerです。よろしくね,1328,1282,47,46645,0,278538,0,0,0,452029319,1,bot,1.0358534684333593,0.1674666743256779,209.5854025583145,132,14,0,0.0,12,1,0
429950914,Anthony D'Amato,anthdamatomusic,"New York, NY",,1576,477,55,7284,1,6607,0,0,0,429950914,0,human,3.299163179916318,1.102451573849879,4.190234622701332,0,15,0,0.0,15,2,0
62352806,GIUSEPPE ROSSI,GiuseppeRossi22,USA (NJ-NY) / Italia,⚽️Player ..... Been around the world... Hometown is always NJ....,913895,253,5572,814,1,14089,0,0,0,62352806,0,human,3598.015748031496,0.05784244144783535,0.01541750921330217,65,15,2,0.13333333333333333,14,2,0
406482215,REBEKA.,BekaGargarelli,"Gru, Sp",,2961,1116,18,77333,0,58790,0,0,0,406482215,0,human,2.6517457475380484,1.3154054191968159,19.848413234301148,0,14,0,0.0,7,1,0
606585417,أحمد المطيري,a_mo6iry,ksa,شاعر .. لا أقتبس !,95623,568,358,459,0,21184,0,0,0,606585417,0,human,168.05623901581723,0.021713476516403117,0.22154480046850164,18,8,1,0.125,12,2,0
544696041,Shane Johnson,AlwaysaGoodday1,Eugene Oregon,"I mentor, advise and work to build community. Managing Director at Coast to Crest Fund. 

My opinions are my own since there are very few worth stealing.",1361,1258,269,21303,0,38947,0,0,0,544696041,0,human,1.0818109610802225,0.5469857245558181,28.59618208516887,153,15,1,0.06666666666666667,13,2,0
46440103,Michael Jai White,MichaelJaiWhite,"Los Angeles, CA",I pretend I am other people for a living.,455998,127530,921,2025,1,4693,0,0,0,46440103,0,human,3.575593385137731,0.4316148274392842,0.010293882223425928,41,15,0,0.0,17,3,0
600499984,CB24.TV,cb24tv,Costa Rica,"Somos el primer y único canal de noticias centroamericano para el mundo.
Informamos 24/7 sobre los hechos más relevantes en la región #CB24",35426,1470,232,693,0,112973,0,0,0,600499984,1,bot,24.08361658735554,0.006143006355444616,3.1889237022609875,139,6,2,0.3333333333333333,7,1,0
48749099,carolmagalhaes0,carolmagalhaes0,Brazil,Atriz e Sócia da Rede Globo Bahia,85553,151,277,8,0,3984,0,0,0,48749099,0,human,562.8552631578947,0.002258469259723965,0.04657876896463053,33,15,1,0.06666666666666667,15,1,1
621100382,claire ✿,cllynro,🌙,OSU ‘22,1510,798,0,37348,0,21601,0,0,0,621100382,0,human,1.891113892365457,1.7289602814554208,14.29649238914626,7,7,0,0.0,8,2,0
2959147470,L,2KWagerKing,Canada,,827,6,3,588,0,6839,0,0,0,2959147470,0,human,118.28571428571429,0.08611111111111111,8.26086956521739,0,11,1,0.09090909090909091,1,1,0
380944344,Depop,depop,London | NYC | Milan,Create. Style. Show off. Buy. Sell. Find. Share. Welcome. Download the app here: https://t.co/EbuUO6RViC Any questions? @AskDepop,168435,223,233,25831,1,13745,0,0,0,380944344,1,bot,751.9464285714286,1.8792375963916776,0.08160963214514712,129,5,0,0.0,5,1,1
85537477,Bola,Bolanet,,Official Twitter Page of http://t.co/55okc1nwJq || Football From Monday to Sunday,1392384,410,1622,4,1,405327,0,0,0,85537477,1,bot,3387.7980535279808,1.2335688627481941e-05,0.2911033945352758,81,7,0,0.0,4,1,0
2943615224,セクシー下着を身につけた女子画像,sexy_sitagigazo,,セクシー下着を身につけた女子はフェロモンがいっぱいですね。お気に入りの画像はＲＴお願いします！,1004,0,3,0,0,3416,0,1,0,2943615224,1,bot,1005.0,0.000292654375182909,3.4,47,15,0,0.0,16,1,0
128216887,Jon Snow,jonsnowC4,Mainly London UK,"Anchor, @Channel4News: hungry for info. Interests:development/homelessness,/the abroad/people/politics/art./life!",1331183,477,7287,41,1,14310,0,0,0,128216887,0,human,2784.9037656903765,0.00293480539445182,0.010750579934854987,113,9,1,0.1111111111111111,8,2,0
247062249,Helena,healthandus,,common sense health tips for everyday life by everyday people,97068,73119,690,407,0,697,0,0,0,247062249,1,bot,1.3275300875273524,0.5845272206303725,0.007190761211097261,61,11,0,0.0,6,1,0
295230196,Queen A 👑,Alyssa615_,"Nashville, TN",twentyone🌸 | goal digger ✨| restupgrams 👼🏽,1635,1592,7,6401,0,31226,0,0,0,295230196,0,human,1.026993094789705,0.20501489095974637,19.087408312958434,42,10,3,0.3,9,3,0
92393934,Gisela Ponce de León,miseliti,Instagram: giselaponcedeleonf,"Actriz , #solteracodiciada en @netflix, co conductora en @jammin_movistar",1342385,981,570,28503,1,43481,0,0,0,92393934,0,human,1366.991853360489,0.6555356239363415,0.03239157738534222,73,8,0,0.0,20,4,0
398836690,bet365_es,bet365_es,,"El grupo líder mundial en apuestas deportivas en línea, Casino, Póquer y Tragaperras. Seguidores (18+).Juega responsablemente. http://t.co/FPXH95rlL4",112471,365,292,1156,1,69955,0,0,0,398836690,1,bot,307.30054644808746,0.016538967350906285,0.6219859164947721,149,9,3,0.3333333333333333,9,1,1
82789484,joe mande,JoeMande,H✡LLYW✡✡D,twitter is trash. facebook’s the devil. i bought 1M followers for like $400. none of this shit matters. antarctica is melting. watch my special on Netflix 😜,578484,809,2129,48252,1,11846,0,0,0,82789484,0,human,714.179012345679,4.073014265214822,0.020479355558052498,156,8,0,0.0,9,2,0
136469272,Arianne,ArianneMusic,,(21) 99497-9778 contato@ariannemusic.com,98031,180,226,188,1,5708,0,0,0,136469272,0,human,541.6132596685082,0.03310562270099842,0.05823608617594255,40,12,0,0.0,7,1,0
386707036,آخر الرجال المحترمين,almalqam,السعوديه,(حَقِيقٌ عَلَىٰ أَن لَّا أَقُولَ عَلَى اللَّهِ إِلَّا الْحَقَّ )  ..كما آمل عدم ارسال رسالة الا في حال رغبت في تنبيهي أن جيش العدو على بعد نصف ساعة من الرياض,130568,946,819,1882,0,65630,0,0,0,386707036,1,bot,137.8764519535375,0.02869071018268806,0.5026537692714197,157,8,0,0.0,20,3,0
575704180,ضنآني آلشوق,9090_q8,Q8,حين لا تحب المكان إستبدله،حين يؤذيك الناس غادرهم.. حين تمل ابتكر فكرة جديدة،حين تحبط إقرأ بشغف.. اصنع واقعك.. المهم في الحياة ألا تقف متفرجا♥️,89491,55315,138,683,0,109035,0,1,0,575704180,1,bot,1.6178320919806204,0.006273157489269599,1.2183882358199616,142,7,5,0.7142857142857143,11,2,0
22393012,carley davidson,CarleyyJaye,"Pittsburgh,PA",,841,80,6,3878,0,30418,0,0,0,22393012,0,human,10.395061728395062,0.12751898484499818,36.1270783847981,0,11,0,0.0,15,2,0
994311271,baeeee ❁,baileeraee_,,,828,649,0,5052,0,21185,0,0,0,994311271,0,human,1.2753846153846153,0.23850656093646747,25.55609167671894,0,11,0,0.0,8,2,0
422914242,Audg,Audreykaylen,,UVA-Wise Nursing ‘20⚕️,1033,640,1,13226,0,52163,0,0,0,422914242,0,human,1.6131045241809672,0.25356567747872094,50.44874274661509,22,12,0,0.0,4,1,0
1570434660,★|دكـتـور خـالـد dv9,82lid,K$A,"طبيب مقيم (جراحة عظام)
مشرف طوارئ مستشفى BMGH
ناشط في مواقع التواصل الاجتماعي
اقدم نصائح #طبية و#معلومات_عامة مثبتة بدراسات
(ur wife is ur life) ❤️",43724,51,48,21,0,27709,0,0,0,1570434660,1,bot,840.8653846153846,0.0007939372067845543,0.6337335620354488,147,5,2,0.4,20,3,0
424774065,tyyra,AtiraShahrir_,Malaysia,Expect less. More happier ❤️,1032,469,0,13053,0,35474,0,0,0,424774065,0,human,2.197872340425532,0.36797744890768147,34.341723136495645,28,13,0,0.0,5,1,0
1518220519,น้องแบ้ก 💎,_BookBH,,EXO | @B_hundred_Hyun Family 🍓🍼,15089,185,19,60739,0,453306,0,0,0,1518220519,1,bot,81.12903225806451,0.13399307753906292,30.040225314778,31,7,0,0.0,10,2,0
228509845,beatriz marquezini,beamarquezini,,make yourself a priority,412,305,1,29941,0,123035,0,0,0,228509845,0,human,1.3496732026143792,0.2433596670893072,297.90799031476996,24,13,0,0.0,18,2,0
2167754641,bales🎃,_baaileygaang,702,UNLV / CSN | @jaacobdaay is so cute,1034,862,18,12212,0,20834,0,0,0,2167754641,0,human,1.1993047508690615,0.5861771058315335,20.130434782608695,35,13,0,0.0,6,1,0
2900587879,محب الموحدين,dawlaoeee0,,نحن الذين بايعوا محمدا  على الجهاد مابقينا ابدا,702,1194,1,259,0,46848,0,1,0,2900587879,1,bot,0.5882845188284519,0.0055497449251851695,66.64153627311522,47,10,1,0.1,12,2,0
56246250,blacq,blacq2,United States,"writer, online business, blogger",22252,6989,215,96,0,323315,0,0,0,56246250,1,bot,3.1835479256080115,0.00030001608333642626,14.529097200377477,32,6,1,0.16666666666666666,5,1,0
381073791,HeatherMarianna.tv✈,HeatherMarianna,Las Vegas-Los Angeles-📺,CEO of Beauty Kitchen @beautykitchenhm 💋 Boss Lady On TV or a PJ ✈️ 💋🍴🛀🏽 Press; PR@HeatherMarianna.TV download Beauty and the Boss on I-tunes Podcast!,48596,5514,267,4357,1,90781,0,0,0,381073791,1,bot,8.811786038077969,0.048005111145381245,1.8680576990349198,150,15,0,0.0,19,1,0
2532821389,simge ekici,caapulcukiz,Tokyo,"Hakaret ve küfür olmayan her eleştiri kabulümdür. Barışın, kardeşliğin, özgürlüğün hayali ile yazıyorum.. Varsın ne derlerse desinler.

yedek hsp @caapulcukiz13",123768,734,452,1667,0,33098,0,0,0,2532821389,1,bot,168.39319727891157,0.05039427173026376,0.26742560738149296,160,11,0,0.0,11,2,0
40398210,Sue M.,batchild100,,,963,4354,203,269,0,96287,0,0,0,40398210,1,bot,0.22135476463834672,0.0028040877367896313,99.88381742738589,0,11,3,0.2727272727272727,6,2,0
73821095,claudio cosano,claudiocosano,ARGENTINA  - BUENOS AIRES,Diseñador de Alta Costura,108981,75,131,12436,0,27102,0,0,0,73821095,0,human,1433.9736842105262,0.45887909087554885,0.24869244462388285,25,13,0,0.0,14,2,0
23442551,Avon Brasil,AvonBR,"São Paulo, Brasil",Twitter oficial da AVON Brasil. https://t.co/pxO4ipetLE,116647,2438,1261,880,0,21710,0,0,0,23442551,0,human,47.82615826158261,0.04057850859011561,0.1861240655647761,55,6,0,0.0,11,2,0
958092908,شركة علامات العقارية,alamat_sa,المدينة المنورة,سعياً منا لتقديم أفضل الخدمات العقارية بالمدينة المنورة نضع بين يديكم هذا الاستبيان لاستقبال المزادات والعروض العقارية المميزة رابط الاستبيان,20080,0,12,37,0,3950,0,0,0,958092908,0,human,20081.0,0.00961781827385472,0.19675314974353866,141,9,0,0.0,20,3,0
27178513,Jackie Johnson,JackieJohnsonLA,"Malibu, CA",Wife. Bridgette’s Mommy. TV Personality. Designer of The French Closet.,25712,1186,429,11968,1,9751,0,0,0,27178513,0,human,21.66217354675653,1.22733798195242,0.3792634076148252,71,15,0,0.0,14,2,0
115622213,KRK,kamaalrkhan,"Mumbai, India","https://t.co/klbeVxQn13, https://t.co/7szr2X3Y9o, Insta- @KRKActor, #Deshdrohi #EkVillain #BiggBoss3, 1 abuse n u will be blocked",5274249,161,1101,104,0,34296,0,0,0,115622213,0,human,32557.0987654321,0.0030614922587981455,0.006502725505996113,129,11,0,0.0,3,1,0
2927879268,Gran Horóscopo,GranHoroscopo, México - Argentina,Tu mejor prediccion diaria ORIGINAL para todos los signos. PARA LEER TU HORÓSCOPO- https://t.co/0d6feBPxDf https://t.co/P92Cmqywwi,113300,16422,112,37,0,70666,0,1,0,2927879268,1,bot,6.898922243195519,0.0005377333125787143,0.623710293819119,130,13,0,0.0,14,2,0
310434477,Amber Nichole Miller,AmberNicholeM1,"Huntington Beach, CA",Model | Actress | Brand Ambassador | Italian | German | Sagittarius 👑41 ✨@titoortiz @theortizboyz ⭐️@savagesunnies ⭐️@fitlifebyanm #MAGA #Make17 🛍#POSHMARK ⤵️,44203,3402,257,7544,1,41741,0,0,0,310434477,0,human,12.989714957390538,0.18075319821762253,0.9443036829246222,158,14,1,0.07142857142857142,20,3,0
311321484,صاحب السمو الهلالي,BaderDiab,,الهلال ،،، ثم أشياء أخرى,116849,408,318,164,0,123687,0,0,0,311321484,1,bot,285.6968215158924,0.0013340016816506047,1.0585194694052205,24,9,0,0.0,18,3,0
277845835,理事長 （自由人。しがない非公式）,iam1101,,,138087,45,2111,22,0,83717,0,1,0,277845835,0,human,3001.913043478261,0.0002747318378365465,0.6062655697815885,0,7,4,0.5714285714285714,17,2,0
26525324,aylin aslım,AylinAsLIM,Istanbul,Müzisyen. Singer/Songwriter https://t.co/kO9yKyT0Y0 https://t.co/FzfROzsP84,1031670,1579,2113,25012,1,20946,0,0,0,26525324,0,human,652.9563291139241,1.194108941614551,0.02030395348904835,75,10,0,0.0,11,2,0
706346715,صالحة  الأحمري,apple2260,,اللهم لا تهدم لهم حلماً,784,1310,0,183,0,1125,0,1,0,706346715,0,human,0.5987795575896262,0.16341030195381884,1.4343949044585986,23,9,4,0.4444444444444444,14,2,0
47923477,ComputerHoy.com,computerhoy,,"Tecnología, gadgets, informática e Internet. Informamos en la web como lo hacemos también en la revista de #tecnología más vendida en España.",231235,390,1769,589,1,109862,0,0,0,47923477,1,bot,591.3964194373401,0.00537032485914275,0.47511200678095106,141,11,0,0.0,15,1,0
852870162,로또걸,lottogirls,서울,"로또계의 리더! 로또음성컨텐츠 도입, 국내 최대 통계분석자료, 로또당첨자성지, 로또사이트 로또걸입니다.",804,0,0,1,0,520,0,1,0,852870162,1,bot,805.0,0.003838771593090211,0.6472049689440994,57,10,0,0.0,3,1,0
2255839644,Cristian Rivero,_CristianRivero,Perú,"Comunicador, Actor, TV Host @los4finalistas @latina_pe Instagram: @_Cristianrivero Contrataciones e información: contacto@e1latin.com 956 854 981",250228,426,80,8932,1,7761,0,0,0,2255839644,0,human,586.016393442623,1.1508631795928885,0.0310195860591698,145,15,0,0.0,15,2,0
16736535,PC Gamer,pcgamer,"San Francisco, Bath & Sydney","The global authority on PC games. Tweets from our US, UK, and AU editors.",1962040,81,5491,782,1,59684,0,0,0,16736535,1,bot,23927.329268292684,0.013118874088967078,0.030419853611621774,73,7,0,0.0,8,2,0
219294551,Didier Drogba,didierdrogba,,Official Twitter for me & my Foundation - The Didier Drogba Foundation https://t.co/r7rIZSEkOU,1644623,552,2591,1602,1,3523,0,0,0,219294551,0,human,2974.003616636528,0.45488081725312146,0.002142739009037932,94,12,0,0.0,13,2,0
115607690,💞 Cherie Amour 💘,cheriemorte,Bro O'Clock,"Hija de la escoria Cubana. I write fic & make fandom weird. A connoisseur of brother-focused media. Queer as in ""Fuck you."" She/her/hers.",1792,260,89,182262,0,261438,0,0,0,115607690,0,human,6.869731800766283,0.6971530643859561,145.81093139988846,137,11,0,0.0,16,4,0
2492023416,剣道はおもしろい！,kendouippon,,,802,850,5,0,0,25333,0,1,0,2492023416,1,bot,0.9435957696827262,3.947264545669851e-05,31.549190535491906,0,11,0,0.0,9,1,0
1566174187,UPDATES 5️⃣🆘,5SOSWWnews,Austria,"Laura | Just a girl obsessed with music | sometimes Updates, sometimes random posts | 5SOS, 1D, TØP & more | followed by 4/4 + BandAcc (5SOS) | questions? ⬇️",79600,298,272,9189,0,63080,0,0,0,1566174187,0,human,266.2240802675585,0.14568570567999872,0.7924649187824273,157,10,1,0.1,12,2,0
2288138575,PODEMOS,ahorapodemos,Facebook: http://ow.ly/ueEX9,Un país feminista y donde nadie se quede fuera. La España que nació el 15M. Construimos contigo una mayoría para recuperar la dignidad y los derechos #SíSePuede,1348625,1550,5707,1582,1,96880,0,0,0,2288138575,1,bot,869.5203094777563,0.016339633158204397,0.07183681762030393,160,12,0,0.0,7,1,0
95540269,[_Kárlah Eloísa_],BrujaReal,,"#Bruja graduada en #comunicación y certificada en #LifeCoaching.
La vida es #magia, incluso en las #RedesSociales.
Consultas y asesorías.
❤️🐶🦄",75988,264,342,9410,0,113333,0,0,0,95540269,1,bot,286.75094339622643,0.08303774683678332,1.4914527102606956,142,9,0,0.0,17,2,0
16542230,CricketNext,cricketnext,India,"News, Live Scores, Results, Stats and everything that's cricket from all over the globe.",119599,519,681,0,1,152074,0,0,0,16542230,1,bot,230.0,6.575702778234424e-06,1.2715301003344481,88,11,0,0.0,11,1,1
2295337212,サスサクコピペbot,sasusaku_copy,,2chなどのコピペをサスサク風に改変した非公式botです。キャラ崩壊、下ネタなどを含みますので苦手な方はご注意ください。１時間に一回呟きます。何かご意見ご要望などありましたらDMにてお願いします。返信機能はございません。,1429,2014,11,0,0,42036,0,1,0,2295337212,1,bot,0.7096774193548387,2.3788567214596666e-05,29.396503496503495,110,13,0,0.0,10,1,0
410177149,Dominique Jackson,DeeDeeSpeaks,"Sabre Springs, CA",Stockbroker | Home Owner | Gamer,74965,57973,163,1268,0,29150,0,0,0,410177149,0,human,1.2930969055093662,0.04353195430688484,0.3888562815142865,32,12,0,0.0,17,2,0
2817057361,野球大好き人間がゆく！,hiroshi1a2,,野球大好き人間です。面白情報についてつぶやきます。,1740,1822,0,0,0,28443,0,1,0,2817057361,1,bot,0.9550191991223258,3.515679932498945e-05,16.33773693279724,25,10,2,0.2,11,1,0
504650518,107.9 Yobel FM,radioyobelfm,Pemalang,"Ikuti terus siaran kami, terus mengudara untuk Anda. Yobel FM Just For Your Life",700,15,4,2,0,66291,0,0,0,504650518,1,bot,43.8125,4.5254329330839316e-05,94.56776034236805,80,12,0,0.0,14,3,0
3031717200,チャシャ,chash_a,妄想の中,成人済。 ヴィク勇沼にハマった。構ってくれたら嬉しいです(*´ー｀*)無言フォローすみません。A3！、アズレン、フレ募集中。,869,1897,65,40984,0,90804,0,0,0,3031717200,1,bot,0.458377239199157,0.4513517978084907,104.3735632183908,62,7,0,0.0,4,1,0
19940791,Conservation Intl,ConservationOrg,"HQ - Arlington, VA",We're Conservation International. We protect nature for the benefit of all 7 billion people on Earth—because people need nature to thrive.,146883,13152,3255,18270,1,26218,0,0,0,19940791,1,bot,11.167338249828937,0.6968610549601434,0.17850140246725307,138,15,0,0.0,17,2,0
1371634332,IngenieroBoss,Ingeniero_Boss,"(x,y,z,t)=[0,0,0,1]",Derivame y sabrás mi punto máximo • Comunidad líder de habla hispana en el sector de #ingeniería y #telecomunicaciones • ingenieroboss@gmail.com,109073,657,367,64364,0,10968,0,0,0,1371634332,1,bot,165.7659574468085,5.867900446713465,0.10056475420356822,144,14,0,0.0,13,1,0
2235027028,شبكة اغنام ستي,aghnamcity,( مفهوم آخر للهواية ) ,عروض بيع وشراء لجميع انواع الحلال، تقارير حصرية لكبار المربيين، مواقع خاصة لكبار الشخصيات، عيادات بيطرية، أعلاف (برسيم، ذره، تبن) بشدود جوندير وولقر حصرية،،,76707,47545,26,29,0,9257,0,1,0,2235027028,1,bot,1.6133428679594497,0.0032404406999351912,0.1206914533034364,156,10,0,0.0,14,3,0
186811328,A,biebest,,,791,396,12,780,0,32375,0,0,0,186811328,0,human,1.9949622166246852,0.02412280701754386,40.878787878787875,0,7,0,0.0,1,1,0
166092949,atv,atvcomtr,Türkiye,atv Twitter Resmi Hesabı,1139795,68,584,1616,1,89375,0,0,0,166092949,1,bot,16518.782608695652,0.018092105263157895,0.07841403198467094,24,8,0,0.0,3,1,0
49348697,A CHANGED MAN,amancanchange,In the right at the right time,Changing every opportunity into an accomplishment  Positive Thinker No Negative vibes Reality on a daily basis #Keylifelessons,79828,37350,1451,1751,0,115984,0,0,0,49348697,0,human,2.1372654011940777,0.015105401560546622,1.4529181124653947,126,13,0,0.0,13,3,0
80413939,AMD1•ILLUMINATED,AMD1_CEO,\/•👁Get The Albums👁•\/,👑QUEEN MC👉🔥🐲EMPRESS•AMD1𓅓 🌈LGBT PRIDE🔮🦉👁 AMD1CEO@OfficialIlluminati.com 🔺https://t.co/Z9hPlHkXtg🔻@VIPMusicRecords https://t.co/HUMmJNW0Bl,188327,121118,200,93829,0,82758,0,0,0,80413939,0,human,1.5549005523493424,1.1337739702026366,0.4394407629242598,137,8,1,0.125,16,1,0
25552667,Comunique-se,comuniquese,Brasil,"Comunicação corporativa, marketing de influência, relações com investidores e TV corporativa. O seu ponto de encontro da comunicação.",104459,65,2047,463,0,37728,0,0,0,25552667,1,bot,1582.7272727272727,0.012298232129131437,0.3611813134214053,133,11,0,0.0,12,1,0
141711645,Abel Pintos,AbelPintos,Argentina,"Cantante, autor y compositor Argentino. Nuevo single “El adivino” adelanto de LA FAMILIA FESTEJA FUERTE https://t.co/WmZ3Lu2Nhf",1668063,393,1452,446,1,20513,0,0,0,141711645,0,human,4233.66497461929,0.02178999707516818,0.012298089281946017,127,10,0,0.0,11,2,0
3950165657,آفاق لعلوم الفضاء,hsss_sa,"الطائف, المملكة العربية السعود",جمعية آفاق لعلوم الفضاء HSSS تهتم بعلوم الفضاء والفلك والكون بمنظور علمي يوافق المبادئ الاسلامية .,44153,1,110,586,1,7582,0,1,0,3950165657,0,human,22077.0,0.07740999604378214,0.17173981972188251,98,7,0,0.0,17,3,0
13881902,jani dueñas,janidejesmar,santiago,"Comediante,actriz,locutora 👉🏻 @31minutos @ladivinacomidachv #PorlaRazonylaCiencia #GrandesFracasos en @netflixlat y proximamente en #Viña2019!",138343,467,363,7958,0,67334,0,0,0,13881902,0,human,295.6068376068376,0.11820004455335265,0.48672150581160006,142,12,0,0.0,11,2,0
747585390,abcvision Media,abcvision,"Atlanta, Georgia USA","Writer, Thinker, & Lover- Dr. Wilson Triviño- #Latino Political Scientist - #author #socialmedia #influencer #Innovation #ATLevents #reviews #warEagle",16561,892,472,24276,0,51933,0,1,0,747585390,0,human,18.5464725643897,0.46745869757769476,3.135732399468663,150,9,0,0.0,15,2,0
2550088538,チサエ,chisae1973,横浜,本が好き。初代ピカ版からのポケモントレーナー、エンジョイ勢、色粘り、アニポケ、ポケセン、ポケGO、Let's goピカチュウ。たまごっちドリみく紫、メルヘン黄／アプリ非対応。ドラクエビルダーズ２。無言フォロー歓迎です。よろしくね。,1731,1619,38,45387,0,79606,0,1,0,2550088538,0,human,1.0691358024691358,0.570150866129863,45.962471131639724,115,10,4,0.4,3,1,0
80635411,El aragonés errante,jcchavarria,,"mi motor la música,  lleno de ironias y un poco de humor negro, la sangre alemana corre por mis venas porque mi abuelita era caníbal y se comió un alemán.",55908,12958,126,991,0,83961,0,0,0,80635411,0,human,4.314298942819662,0.011814868631047378,1.5017617914825878,154,11,0,0.0,19,3,0
628971327,Andrew,_ConfettiWap,East Coast,here for the drama and conflama,899,194,11,27319,0,38585,0,0,0,628971327,0,human,4.615384615384615,0.7080288187425491,42.873333333333335,31,12,0,0.0,6,1,0
2541363451,"गृहमंत्री कार्यालय, HMO India",HMOIndia,"North Block, New Delhi",Office of the Home Minister of India,2672430,130,1179,896,1,5099,0,0,0,2541363451,0,human,20400.236641221374,0.17588235294117646,0.0019083748093028407,36,8,0,0.0,29,4,0
1063700869,James Inked Up  ,JamesPostss,,I Love Bad Bitches & That's My Fucking Problem,92306,79755,95,42,0,344,0,0,0,1063700869,0,human,1.157367470785897,0.1246376811594203,0.003737528031460236,46,11,0,0.0,20,4,0
834228127,بندرالسياليbandr331,abab1115,بندرالسيالي,💫اللهم احسن خاتمي💫,123086,135352,53,7815,0,36018,0,0,0,834228127,1,bot,0.9093777012700125,0.21699658513562287,0.29263041588469946,18,8,4,0.5,19,1,0
144082130,ぐると,gulto,あーそこはあーきっと,ひょんなことから北大へ  灘66回→北大法('14入学、4年)/放送/鉄道旅行バス旅行/相撲/関西2球団/山梨郡内/麻雀/競艇   アイコンは@e__kiから頂戴しました。規制→@gultono2,990,1011,48,108,0,119841,0,0,0,144082130,1,bot,0.9792490118577075,0.000909530882328399,120.93037336024219,98,5,0,0.0,3,1,0
18806575,Biz  Tips,biz_tips,,"Expert in #SocialMedia Marketing and #Marketing Consultant - Addicted to #Blogging - For FREE Coaching, follow the link below ↴",98658,92166,2141,92308,0,185579,0,0,0,18806575,1,bot,1.0704373582735687,0.49740812587563316,1.8810245390689142,127,8,0,0.0,9,2,0
32451329,Alfredo Vela Zancada,alfredovela,Valladolid,Marketing | Formación | Conferencias | Contenidos | Infografías | Orientación Laboral | RRSS | Autor #ElLibrodeTwitter |  beBee Ambassador | #RedesSocialesCyL,163630,151486,7171,12561,0,604662,0,0,0,32451329,1,bot,1.0801652947117575,0.020775208669953346,3.6952839009723095,158,11,0,0.0,20,3,0
18219976,Globo,RedeGlobo,Brazil,Perfil oficial da Globo.,11672962,549,16046,4379,1,149194,0,0,0,18219976,1,bot,21223.56909090909,0.029357552196789437,0.012781245001804598,24,9,0,0.0,5,1,0
735385566,Charles Holden,CharlesHolden4,,"U.S. Army Military Police Retired, EMT(P), LEO Retired, Blue Knights KY XVIII #PJNET",816,0,35,42,0,83384,0,1,0,735385566,1,bot,817.0,0.0005156802782274989,102.062423500612,84,14,1,0.07142857142857142,14,2,0
133693041,Arbain Rambey,arbainrambey,Jakarta,"Fotografer profesional, artinya hidup sepenuhnya dari fotografi dan segala tetek-bengeknya....",119686,1800,608,4589,0,158370,0,0,0,133693041,0,human,66.45585785674625,0.02898257888123457,1.3232097053146958,94,12,0,0.0,13,2,0
268506350,james,jamieandries_,"Dallas, TX",Be so happy that when others look at you they become happy too ☻,84504,828,107,21500,0,28151,0,0,0,268506350,0,human,101.93606755126659,0.7637468030690537,0.33314005088456305,64,13,0,0.0,5,1,0
26896439,Andrea Guevara,AndreaMGuevara,"California, USA","I help #writers, #creatives, & #entrepreneurs attract their people by leveraging their strengths. #design, #write, #branding, #speaker | Mentor, @QueensLeaders",1268,1647,84,3115,0,3652,0,0,0,26896439,0,human,0.7700242718446602,0.8529975362715576,2.8786446020488574,159,14,0,0.0,14,2,0
1925530586,carol,_carolinebarlow,,|Ethics and Public Policy UIOWA '20| she/her|”well behaved women rarely make history”|,994,735,4,8719,0,14749,0,1,0,1925530586,0,human,1.3519021739130435,0.5911864406779661,14.824120603015075,86,15,0,0.0,5,1,0
1004764640486854656,lupita,jaurehave,,the bar is going to close and I here thinking of seeing you for the last time,96,137,0,128,0,331,0,1,0,1004764640486854656,1,bot,0.7028985507246377,0.3885542168674699,3.422680412371134,77,9,0,0.0,6,1,0
373706247,Carolina♡,caroopuchetaa,,"puchetacarolina👻
//25 de enero👶❤❤❤//",987,727,3,7483,0,30442,0,0,0,373706247,0,human,1.3571428571428572,0.24583648129290805,30.812753036437247,36,13,0,0.0,9,1,0
23645599,Bethesda,bethesda,"Rockville, MD","Bethesda Softworks' officially official Twitter for all things DOOM, Elder Scrolls, Fallout, Quake, Prey, Dishonored, The Evil Within, Wolfenstein, RAGE & more!",1755312,555,7729,6358,1,21281,0,0,0,23645599,0,human,3157.0377697841727,0.29879710553519406,0.012124333380998147,160,8,0,0.0,8,1,1
136024120,Carolina,carolavesolo,"Berazategui, Buenos Aires",💚✊,1103,752,6,12330,0,34785,0,0,0,136024120,0,human,1.4661354581673307,0.3544816880354165,31.509057971014492,2,12,0,0.0,8,1,0
154670681,Antonio Morales Rive,amoralesan,"Bogotá, Colombia","Periodista independiente, El Café Picante en Youtube https://t.co/V1QDWTvtRD",130986,394,674,21758,0,38396,0,1,0,154670681,0,human,331.6126582278481,0.5666848972575983,0.2931359600571049,76,10,0,0.0,20,3,0
2670321,IDC,IDC,"Framingham, Massachusetts, USA","The premier global provider of market intelligence, advisory services, and events for the IT, telecommunications, and consumer technology markets",138303,207,3694,2704,0,10500,0,0,0,2670321,1,bot,664.9230769230769,0.2575945148081135,0.07592694354465525,145,3,0,0.0,3,1,1
2894661271,∫🐴 あ ま み ん 🍅 ∫,___amaminnn_,,2014年夏もどってこい,865,260,11,1030,0,31563,0,1,0,2894661271,0,human,3.318007662835249,0.0326637941959194,36.44803695150115,12,12,0,0.0,14,7,0
527612811,Alexandra Fuentes,alefuentespr,"Guaynabo, PR",Puertorriqueña. Presentadora de televisión @Telemundo. Instagram: @AlexandraFuentes,131243,556,130,19307,0,16589,0,1,0,527612811,0,human,235.6265709156194,1.1638336347197107,0.12640577854987656,83,12,0,0.0,17,2,0
1521770148,あ や な ( Promenade ),1013ayana,,@promenade_yhd の Gt 。1999 。,1505,972,1,13009,0,6654,0,1,0,1521770148,0,human,1.5477903391572456,1.9549211119459053,4.418990703851262,27,9,4,0.4444444444444444,19,6,0
123681659,FOX Sports MX,FOXSportsMX,México-Centroamérica-Venezuela,Twitter oficial de FOX Sports Cono Norte. El canal de deportes #1 en audiencia en Latinoamérica.,1350422,132,5322,2906,1,283304,0,0,0,123681659,1,bot,10153.556390977443,0.010261026102610262,0.20978982141151328,96,11,0,0.0,13,3,0
3002673243,Allan Moura 🧙🏾‍♂️,AM_Pedalada,Cidade de Deus,APOllO FEliPE 👶🏻💙 Jurema & Carlos 💙 Se Deus é por nós quem será contra nós!🤞🏾RJ🤞🏾 @Estefannysantt7🍀 insta: @Mourajr99,2451,884,11,66000,0,132182,0,1,0,3002673243,0,human,2.770621468926554,0.4993153431227919,53.908238172920065,117,11,0,0.0,17,3,0
2943284364,Kathleen Moore,kmlovesdabears,Eat to live...not live to eat!,Matthew 5:16  😇🙏🏼,182557,3261,41,23125,0,5583,0,0,0,2943284364,0,human,55.96505211526671,4.14147564469914,0.03058753930257781,17,14,0,0.0,14,2,0
306806485,سلطان صلفيج الزناتي 🇰🇼,alznati,الكويت/الجهراء / للرجال فقط ,أحب العدل وأكره الظلم ،،، اللهم احفظ لنا الكويت من كل سوء🇰🇼مواطن كويتي🇰🇼,1148,2228,1,22,0,35008,0,1,0,306806485,1,bot,0.5154777927321669,0.0006569739209917449,30.46910356832028,72,7,0,0.0,22,4,0
16164520,LIVESTRONG,livestrong,Austin,The LIVESTRONG Foundation fights to improve the lives of people affected by cancer now. Follow us on Instagram: https://t.co/zmNbtHgYle,961509,1090,6970,17810,1,23061,0,0,0,16164520,0,human,881.3107241063245,0.7723094267626398,0.023985189961622865,135,10,0,0.0,10,1,1
74838816,Jay McGuiness,JayMcGuiness,,One leg out of the duvet kinda guy.,780403,2241,3876,1381,1,12875,0,0,0,74838816,0,human,348.0838537020517,0.10733146940043492,0.01649914659586573,35,12,0,0.0,13,2,0
973224960,★１０倍返し素材集★,10baigaeshida,,衝撃を受けるつぶやきをしていきます。このつぶやきをRTして、周りに笑い・恐怖・感動・感謝を１０倍返しだ！フォロー大歓迎です(≧▽≦),30415,2487,37,0,0,542,0,1,0,973224960,1,bot,12.22508038585209,0.001841620626151013,0.017852446081009995,66,13,2,0.15384615384615385,10,1,0
881269350,The Knight Show ®️,_cantguard_2,Easy Street,“Commit to the LORD & your plans will succeed” ― Proverbs 16:3 #RipRodScott #MyAsu,2073,2103,11,14450,0,32108,0,0,0,881269350,0,human,0.9857414448669202,0.4500607306362702,15.481677917068467,82,12,1,0.08333333333333333,18,4,0
2902617422,Tsubasa,bassa_tuba7,神戸⇄福岡,Nishijoyo Tuba '10-'12 (staff '15-'17) →KyotoSubaru q Tuba '13-'15→JOKERS Drum&BugleCorps BaritoneBugle '16'17／京都IT '16'17→社会人 '18-／京都→兵庫／@arizona0714,1469,1374,5,3452,0,7877,0,1,0,2902617422,0,human,1.069090909090909,0.4383092155369383,5.359183673469388,150,11,1,0.09090909090909091,7,1,0
304768145,Alegria,AlegriaCrespo,"Quito, Ecuador","Extraño el teléfono de disco, los cassettes, el columpio del árbol y mi niñez. Coordinadora Proyectos @feducate #Educadora #PhD #Comunicadora #Coach #Runner",11828,556,98,54825,0,33660,0,0,0,304768145,0,human,21.236983842010773,1.6287691987760315,2.845633612308733,156,13,0,0.0,7,1,0
235533717,Camille Combal,CamilleCombal,Paris,Je ne lis pas les DM désolé 🙏🏻,1583376,579,1036,733,1,17394,0,1,0,235533717,0,human,2729.960344827586,0.04219603334291463,0.010986012806804696,30,13,0,0.0,14,2,0
189248614,Modern Family,ModernFam,,The official Twitter for #ModernFamily. Watch Wednesdays at 9|8c on ABC!,1412097,75,2803,1854,1,5592,0,0,0,189248614,0,human,18580.236842105263,0.3316645807259074,0.003960773260779351,72,9,0,0.0,13,2,0
2780202108,بنت عمان,bentoman10,#سلطنة_عمان,"‏‏‏‏صفحتي في التيليجرام https://t.co/FSMjUQ1XqG‎‎‎‎‎‎ وانستغرام bentoman10 والفيس بوك Bent10oman@
للتواصل التجاري على الواتس 79250305",324568,193209,47,14272,0,21685,0,1,0,2780202108,1,bot,1.6798768179700843,0.658166559070368,0.06681476049776781,133,10,2,0.2,8,2,0
808280162,わんた,0gn,さいたまぁ,某炎上アカウント() #R6S PS4(初心者),26680,299,59,27618,0,113696,0,1,0,808280162,1,bot,88.93666666666667,0.24291757917974968,4.2613470259735395,24,3,1,0.3333333333333333,3,1,0
562696581,dillen,arianassuperior,a♡,"thank u, next",67096,10647,883,250761,0,14597,0,0,0,562696581,0,human,6.301371149511645,17.177832579805454,0.2175656139618761,13,15,0,0.0,6,1,0
135300500,Bolsa Mexicana,BMVMercados,,Cuenta oficial de la Bolsa Mexicana de Valores,309453,77,1076,274,1,18547,0,0,0,135300500,1,bot,3967.358974358974,0.014826396376967867,0.05993782597736659,46,11,0,0.0,14,2,0
37260832,Maris,BeautyBBlog,,"I love to sleep, talk sarcasm, cuddle cats, drink decent amounts of coffee, be special and blog about things I love. Doesn't get any deeper than that!",813,62,32,92,0,1913,0,0,0,37260832,1,bot,12.920634920634921,0.048589341692789965,2.3513513513513513,150,11,0,0.0,5,1,0
4714956096,Boston Jobs,jobfindlybos,"Boston, MA","View all available job listings in Boston, MA from company sites, job boards and the web at https://t.co/X9YF9QW4pC - thousands of new jobs added daily!",931,0,177,0,0,142101,0,1,0,4714956096,1,bot,932.0,7.037198631968586e-06,152.46995708154506,152,12,0,0.0,11,2,0
218488955,ABC Cardinal 730 AM,ABCCardinal,Paraguay,"ABC Cardinal, la radio más potente del país. Noticias, deportes, debates, economía, agro, espectáculos y más. En el aire desde 1991 ☎ 41 51 730 / (0972)730 730",223748,949,489,1908,1,280366,0,0,0,218488955,1,bot,235.52526315789473,0.006808932577657142,1.2530424716981976,159,11,0,0.0,19,4,0
364959699,معتز عبد الفتاح,MoatazAFattah,,ناصحك إن سألت، نصيرك إن عدلت، خصيمك إن ظلمت....,1397003,916,2447,119,1,11753,0,0,0,364959699,1,bot,1523.4503816793892,0.010209290454313425,0.008413719645756204,47,13,0,0.0,15,3,0
59329469,47NEWS 速報,47newsflash,Tokyo,@47news の中から速報ニュースだけを配信します。お問い合わせは @47newshelp へツイートしてください。このアカウントは47NEWSさん公式のものではありません。,113972,2,8733,0,0,66612,0,0,0,59329469,1,bot,37991.0,1.5012084728206206e-05,0.5844629868477622,88,11,2,0.18181818181818182,9,2,0
109986797,вιg daddy ♛ в.,a_intricatemind,"Maryland, USA",• ı'ѵe ɴeѵeʀ ϻeт ɑ woϻɑɴ ı'd ʀɑтʜeʀ вe 💅🏾    business and promotions : slaywithadisability@gmail.com,106328,48722,254,10,0,47695,0,0,0,109986797,0,human,2.1823163598300597,0.00023062730627306272,0.4485700044202428,100,15,0,0.0,14,4,0
6690852,Boot Liquor,bootliquor,San Francisco,"Americana roots music for Cowhands, Cowpokes and Cowtippers.",1059,19,60,0,0,1381204,0,0,0,6690852,1,bot,53.0,7.240054879615988e-07,1303.0235849056603,60,10,0,0.0,11,2,0
377662109,bárbara,barbarwer,,"o coração é um oceano, cabem muitos naufrágios | ⚖️✨💛🥀 20",1098,574,4,1228,0,118682,0,0,0,377662109,0,human,1.911304347826087,0.010355316262649242,107.99181073703366,57,9,0,0.0,7,1,0
243173367,Luca,dewetria,"Curitiba, Brasil","A única cura para a paranoia é estar aqui, assim como você está.",83824,2585,440,336805,0,417655,0,0,0,243173367,1,bot,32.41492652745553,0.8064196372134005,4.982475395168506,64,8,0,0.0,4,1,0
39215566,Haralabos Voulgaris,haralabob,In the Corner,,144864,1111,4649,1438,1,68,0,1,0,39215566,0,human,130.27428057553956,20.855072463768117,0.00047630552583439756,0,9,0,0.0,19,2,0
153810216,Diane Abbott,HackneyAbbott,"Hackney, London",MP for Hackney North and Stoke Newington. Shadow Home Secretary. Retweeting does not mean agreement.,235906,806,2611,9375,1,40089,0,0,0,153810216,0,human,292.3258983890954,0.23387378398603142,0.16993984917785399,100,13,0,0.0,12,2,0
2200196678,Abril❣,AbriiBeltraan,♡07/04/16-08/09/16♡,stalkeame está 🖕,1396,1450,2,3096,0,36123,0,0,0,2200196678,0,human,0.9627842866988284,0.08573247702358543,25.858267716535433,16,13,0,0.0,6,1,0
4822267210,Dr Asa,DrAsa,USA,All Digital Health and Wellness Radio and Television Network,11,0,1,0,0,1652,0,1,0,4822267210,1,bot,12.0,0.0006049606775559589,137.75,60,5,0,0.0,6,2,0
624858417,⚽ Arte Del Fútbol ⚽,ArteDelFutbol,Mundo,"Las mejores anécdotas, datos curiosos Y #SabíasQué del fútbol. El fútbol desde un punto de vista diferente. ¡DIVIERTETE!",110780,22418,269,21,0,100924,0,0,0,624858417,0,human,4.941389000401445,0.00021798365122615803,0.9110316751067421,120,13,0,0.0,19,5,0
544302445,ちざ,CZ_MYA_,,ASMRオタクで姉萌えの人です。 バーチャルの人達と音声作品が希望です。最近製作欲が半端なくて執筆始めました。 ASMRアカ→ @MirrorMirage_,973,1455,41,12780,0,102644,0,0,0,544302445,0,human,0.6689560439560439,0.124516537580983,105.38501026694045,78,7,0,0.0,2,1,0
399730544,هدى ياسين,Huda_Yassin,دبي,مديرة محتوى الإذاعات ومقدمة برنامج #هدى_وهن @panorama_fm / @MBC_GROUP inst:@hudayass snapchat:hudayass,125830,744,416,1217,1,14945,0,0,0,399730544,1,bot,168.9006711409396,0.08149337615415496,0.11877836145306006,102,11,0,0.0,9,2,0
42816371,朝日新聞(asahi shimbun）,asahi,東京都中央区,朝日新聞社が運営する公式ニュースアカウントです。最新のニュース速報や旬の話題を配信します。朝日新聞社からのお知らせやお得な情報も時々流れます。Facebookページは http://t.co/qKDxsI6YnX です。,1195224,267,42852,2,1,246277,0,0,0,42816371,1,bot,4459.794776119403,1.2181356028553099e-05,0.2060515802463971,110,5,0,0.0,19,2,0
26687751,Dez Duron,DezDuron,Ratchet City,IG:dezduron ... All I want is a life of adventure and purpose with people I love,73935,1777,339,2586,1,25873,0,0,0,26687751,0,human,41.58380202474691,0.09998454046533199,0.34995130924042417,80,8,0,0.0,9,2,0
218437274,Ramalan Indonesia,TweetRAMALAN,Indonesia,The LARGEST ASTROLOGY and FORECAST in the WORLD,12887690,25,4161,129,0,116502,0,0,0,218437274,1,bot,495680.42307692306,0.0011158510939632456,0.00903986602410005,47,12,0,0.0,17,2,0
1048755264,Angel Hermosillo,AngelHermosill,,,809,1812,4,14058,0,33382,0,1,0,1048755264,0,human,0.44677330391616105,0.42114249767845907,41.21358024691358,0,14,0,0.0,16,2,0
541170773,ANDRY HENNEMANN,_AndryHennemann,~rincao~,"Agradeço a Deus por ter mandado esse anjo . Bom morena, sem essas de falsas promessas, to contigo até depois do fim ! Te amo Hennemann / @_LeoonardoAlves ♡",993,341,1,657,0,101452,0,0,0,541170773,0,human,2.9064327485380117,0.006485761879885267,102.06539235412475,155,15,0,0.0,15,2,0
14908304,Celebrity DJ-DJ Tek,djtek,"Chicago, IL","Former Natl Radio DJ. Serial Business Incubator. Droner, Pilot & World Traveler. #IAmChicago #IvyLeague #FullTimeGentleman Outwit. Outwork. Outlast. #RevoltTV",96418,3692,643,5526,0,20819,0,0,0,14908304,0,human,26.108583807202816,0.2654658981748319,0.21593254441551976,158,5,0,0.0,19,3,0
793998876,agendaentacones,agendaentacones,,"Con  @flavia2santos, @detuladoconalex, 
@MONYRODRIGUEZOF y @manucardonaroja",124455,269,260,432,1,76451,0,0,0,793998876,1,bot,460.94814814814816,0.005663684403285722,0.6142893874140258,75,15,0,0.0,15,1,1
2544128546,"αℓℓ яєًٍєм,",alwah3011,,‏‏ اللهم اجعل ما تبقى من عمري سـعاده و ابعد عني الهم و الحزن .,988,445,1,310,0,28241,0,1,0,2544128546,1,bot,2.217488789237668,0.011011967990935486,28.556117290192113,62,9,4,0.4444444444444444,11,2,0
2408270840,あした@2/24春コミ,damedameseizin,ハッピーエンド,ずっと様子がおかしい D 弾論 メルスト オリジナル→(@ahinuinu) 飼ってるハム→(@nosushinolife25),953,273,28,32436,0,46208,0,0,0,2408270840,0,human,3.4817518248175183,0.7019628210954576,48.437106918238996,64,14,0,0.0,11,1,0
2177173596,ディバゲまとめアンテナ,dgantena,,ディバインゲートのサイトを集めたアンテナサイトです。更新情報をツイートします。,809,1183,6,0,0,54606,0,1,0,2177173596,1,bot,0.6841216216216216,1.8312670536744375e-05,67.41604938271605,39,8,0,0.0,11,1,0
31404917,MICHELE MUPO,MICHELEMUPO,"New Jersey, USA","Social Media Influencer, Professional Singer,Songwriter, Musician,Writer and Actress Founder of KEEP THE PEACE PROJECT",628010,3209,83,13852,0,23970,0,0,0,31404917,0,human,195.64205607476634,0.5779066371866005,0.03816971358781932,118,11,0,0.0,12,2,0
421955743,maura,ibieberjoker,México,purpose tour 19.02.17 | rapline/vocal line stan,94960,89041,267,49030,0,96723,0,0,0,421955743,0,human,1.0664742481076346,0.5069165874033332,1.0185655163698781,47,12,0,0.0,5,1,0
421077323,Radio El-Dorado,RadioElDorado1,Rotterdam,"The best mix of the 60's, 70's, 80's, 90's, 00's and the Top Charts  http://t.co/jeHnLIdz0r of voor de Nederlandstalige stream https://t.co/YWV3UfFoF1",849,919,19,1,0,119293,0,0,0,421077323,1,bot,0.9239130434782609,1.6765302529884153e-05,140.34588235294117,150,14,1,0.07142857142857142,15,2,0
955522961506750464,arrombadu,arrombalizado,,falando merda desde 1995,8,0,0,0,0,2,0,1,0,955522961506750464,0,human,9.0,0.3333333333333333,0.3333333333333333,24,13,0,0.0,9,1,0
86896038,balonazos.com,Balonazos,Venezuela,Toda la información del fútbol venezolano al día. Medio Alternativo más Destacado de las Temporadas 2011-2012 / 2012-2013 y 2013-2014 por la CTN de la FVF.,120739,451,857,55,0,254323,0,0,0,86896038,1,bot,267.12389380530976,0.0002201915666629968,2.106377339738281,155,9,0,0.0,13,1,0
41926743,CANCHA,CANCHAELNORTE,"Monterrey, México","Noticias, seguimientos y marcadores del deporte regio, nacional e internacional de forma oportuna y veraz con la calidad de Grupo Reforma.",155387,63,629,173,1,343248,0,0,0,41926743,1,bot,2427.9375,0.0005069206319610546,2.2089801014235335,138,13,0,0.0,6,1,0
91796121,CUP Països Catalans,cupnacional,Països Catalans,"Candidatura d'Unitat Popular https://t.co/KJl2rQlrUm

https://t.co/2RVGTlSX6Z",285614,3673,1860,2965,1,87593,0,0,0,91796121,0,human,77.73952095808383,0.03386076671918168,0.30668557323669976,77,11,0,0.0,19,3,0
121341903,DJ BigVic,DJ_BIGVIC,"Illinois, USA",Hello and welcome to DJ BigVic's beat mix production musicquarium!,93612,99446,255,473,0,450281,0,0,0,121341903,1,bot,0.9413355857894155,0.0010526736578410864,4.810037067501309,66,9,0,0.0,9,2,0
19272244,LILJON,LilJon,SOMEWHERE DRANKIN!!,BOOKING CONTACT sujit1@skamartist.com,953754,4238,5317,1494,1,20460,0,0,0,19272244,0,human,224.99528190610994,0.07306583255950344,0.021453098542078417,37,6,0,0.0,6,1,1
30618215,Aesop Rock,AesopRockWins,,I make songs and contribute to Juxtapoz Magazine.  Sometimes I do other stuff too.,116555,0,1659,34,1,21682,0,0,0,30618215,1,bot,116556.0,0.001614167781211087,0.186030749167782,82,13,0,0.0,10,2,0
83166727,Asking Alexandria,AAofficial,England,"New self-titled album out now! Text us: (623) 439-4862. Watch the new acoustic video for ""Vultures"":",1001946,43,1771,486,1,2915,0,0,0,83166727,0,human,22771.522727272728,0.1670096021947874,0.00291033358051873,100,10,0,0.0,17,2,0
368955430,Felix Agyekum Obeng,alphagotitall,"Uxbridge, London",Cool Guy - Dog Lover - Environmental conscience - 🇬🇭,1166,719,5,601,0,52672,0,0,0,368955430,0,human,1.6208333333333333,0.011429005372771629,45.13538988860326,52,13,0,0.0,19,3,0
64419705,El Colombiano,elcolombiano,Medellín,"Medio de comunicación con 106 años de existencia. Información actual, exclusiva y de análisis. Bienvenidos.",1828366,54121,4692,32544,1,231392,0,0,0,64419705,1,bot,33.78232511732752,0.14064816135319563,0.12655719557397394,107,12,0,0.0,13,2,0
103981160,Demotivateur,Demotivateur,Paris,"Demotivateur est le site média leader en France dans le secteur du divertissement. Facebook : https://t.co/jvYPNzH7YI
https://t.co/TWXddLuegO",106659,477,456,2962,0,12747,0,1,0,103981160,0,human,223.13807531380752,0.23242861625352998,0.11951996999812488,141,12,0,0.0,12,1,1
127977420,Iván Marín,IvanMarinSoyYo,Ciudad Gótica,Comediante y guionista. Un geek que sueña con ser Fit. https://t.co/fAKtdqtgNl,1287440,1562,822,28006,1,45797,0,0,0,127977420,0,human,823.6986564299424,0.6115332547272807,0.035572892272344905,78,14,0,0.0,10,2,0
22411342,Scott Eddy,MrScottEddy,"Miami, FL","Travel media personality. I'm Jamaican-Lebanese-American. Based in Miami. Have lived in Thailand, Spain, UK, Sri Lanka, Portugal & Philippines.",704901,1139155,8059,1734,1,215566,0,0,0,22411342,1,bot,0.6187932118164676,0.008048541752680142,0.3058113042664087,143,11,0,0.0,10,2,0
71319853,Chechu Garcia,chechuugarcia,,Simplemente Talleres. Futura contadora (?),917,902,11,15382,0,30686,0,0,0,71319853,0,human,1.0166112956810631,0.501287190015316,33.428104575163395,42,13,0,0.0,13,2,0
89414175,稲羽,haru178,大阪府緑の少ない土地,こだわりの強ぇーヤツ。  東方(九十九弁々＆八橋)、艦これ(涼風と24駆)、Aqours(鞠莉)、ポケモン(ポケダン中心) 、ぷちぐるラブライブ！ etc。　※こちらが未フォロー状態の方もどうぞお気軽にリプしてやってください。,1023,1025,89,6294,0,127444,0,0,0,89414175,1,bot,0.9980506822612085,0.049393856173251205,124.4580078125,113,7,3,0.42857142857142855,2,1,0
1471207375,karla,chapajkarla,"Texas, USA",phs xc and track,820,449,6,30323,0,13834,0,0,0,1471207375,0,human,1.8244444444444445,2.191832309360318,16.851400730816078,16,11,0,0.0,5,1,0
3011737321,EYAD AL-BASRAWI,ALBASRAWI_EYAD,MBA| ExecDiploma Human Capital,#Engineer by profession|Creative Strategist| Interested in #Energy & #Economy| General Executive Secertary for  @GSMRgulf. Founder @SaudiEngineerCV,155943,1385,36,1771,1,9021,0,1,0,3011737321,0,human,112.51370851370851,0.1964087785413434,0.0578541014723234,147,14,0,0.0,15,2,0
130668812,BH Cosmetics,bhcosmetics,"North Hollywood, CA",Bold. Brilliant. Beautiful. Proudly Cruelty-Free.🐰💗,216833,212,549,41431,1,27430,0,0,0,130668812,1,bot,1018.0,1.510407932630965,0.1265069131224808,51,11,0,0.0,12,2,0
2934423981,ARMY Base,bangtanitl,,An international fanbase for the Korean boy group #BTS | est: 150101 | Please don't repost our translations w/o credit!,654155,570,2231,1564,0,35274,0,0,0,2934423981,1,bot,1145.6322241681262,0.0443656980864635,0.053924446156574275,119,10,0,0.0,9,2,0
162173169,Chechu Bonelli,chubonelli,Argentina,Nacida en san nicolas. Señora de Cvitanich.Madre de Lupe y Carmela.Modelo y Conductora. Sports Center por #espn,1042501,212,1598,576,1,13001,0,0,0,162173169,0,human,4894.37558685446,0.04437778803261037,0.012471918519101162,111,10,0,0.0,14,2,0
95023423,UberFacts,UberFacts,Worldwide!,The most unimportant things you'll never need to know.,14016258,1,18537,1078,1,172133,0,0,0,95023423,1,bot,7008129.5,0.00626837231459212,0.012281023060432886,54,9,0,0.0,9,1,1
1347595525,Jessica [18+],Hot_Girls_247,"London, England","[18+ Only] Adult content promotion account. #ObsceneTeam #HG247Day, Avi is @HollyWould_x. https://t.co/tlI2sLhLQe",1037006,1859,1767,56654,0,60066,0,0,0,1347595525,1,bot,557.5306451612903,0.9431967636139644,0.05792342771070976,113,13,3,0.23076923076923078,13,2,0
105710210,Rishi Kapoor,chintskap,"New York, USA",Brothers with Mother!,3181866,25,913,137,1,3464,0,1,0,105710210,0,human,122379.5,0.03982683982683983,0.0010889832918849216,21,9,0,0.0,12,2,0
897377572669009920,AiANews,AiANews,"Иркутск, Россия",Новости и события Недвижимости всего мира!😂,19,39,2,0,0,16,0,1,0,897377572669009920,0,human,0.5,0.058823529411764705,0.85,43,7,0,0.0,7,1,1
2924946324,KING 🅰️NGER,brodgafing,United States,#LiveMe #hashtagger #asshole #winner,798,812,17,5889,0,3454,0,1,0,2924946324,0,human,0.982779827798278,1.7047756874095514,4.324155193992491,36,10,0,0.0,11,2,0
189560687,アラシゴトカレンダー,arashical,,カレンダー（URL参照）に追加されたアラシゴトをツイートでお知らせ＆様々なアラシゴトの開始直前通知。そのほか情報、トピックなど臨機応変にRT。情報の詳細はリンク先をご参照ください。リンク先を見れば解決するようなご質問には返信しておりませんので、ご了承くださいm(_ _)m　※J事務所非公式です。,94108,200,953,0,0,30865,0,0,0,189560687,1,bot,468.2039800995025,3.2398107950495694e-05,0.32798138328958976,148,9,0,0.0,10,1,0
1579099513,Gabriela Corá,bibis_cora,+56 ,2.1 Directioner - Zquad ♡ Snap bibiscora - Thomas 💙 Gabriel 👦🏼,981,1448,1,940,0,13039,0,0,0,1579099513,0,human,0.6777087646652864,0.07216257668711656,13.279022403258656,62,10,0,0.0,13,2,0
88779721,barba ruiva,andimgama,Palmas-Tocantins/Brasil,"xoxa, capenga, manca, anêmica, frágil e inconsistente",1569,558,24,15310,0,79842,0,0,0,88779721,0,human,2.808586762075134,0.19176383652918852,50.855414012738855,53,9,0,0.0,11,2,0
32856634,Jai Manny,JaiManny,NYC,"Sometimes I just want to give it all up and become a Billionaire.   

I'm own Pacific Ave & N. Carolina Ave. Trying to get Pennsylvania Ave.",131456,75013,774,78385,0,8159,0,0,0,32856634,0,human,1.7524328791958834,9.606127450980392,0.06207352974736986,140,8,0,0.0,9,2,0
235741728,Victor Sweet,callmeMR_TIPPS,"Norfolk,VA",Destined for Greatness. Remain Humble. Stay Loyal.,1007,833,6,3907,0,56477,0,0,0,235741728,0,human,1.20863309352518,0.06919508481178512,56.029761904761905,50,14,0,0.0,12,2,0
554629512,#1DayUMay,amnediel,"Hull, England","https://t.co/bVeRz4uLG5 DJ drops, music promotion, mixtapes, voiceovers. #musicmoney & @marketyourstory https://t.co/Bi7Mbko6yv
Let's network👇",121708,77264,428,35592,0,60768,0,0,0,554629512,0,human,1.575215168575681,0.585709819151212,0.49929750470384276,142,8,0,0.0,9,1,0
580525442,✨,AgossLeal, Villa Celina.,,1122,930,2,16662,0,35266,0,0,0,580525442,0,human,1.2062298603651986,0.4724813565089177,31.40427426536064,0,9,0,0.0,1,1,0
2221432382,Eastasianews,Eastasianewsnet,日本,"以前の日本はのどかでしたが、 最近は嫌なnewsばかり。今や一触即発な 東アジアのnewsを、CNN,F.A.Z,ルモンド,人民網日本語版,NYT,FRB・・から配信。Wordpress→twitterで自動配信するBotの様なものです。みなさんに東アジアの現在を伝えられればという思いです。至らぬ点はご容赦を。でわ。",871,671,50,1,0,292497,0,0,0,2221432382,1,bot,1.2976190476190477,6.8376535907937836e-06,335.4334862385321,159,15,0,0.0,12,1,0
15745674,Columbus Underground,ColsUnderground,"Columbus, OH","Columbus Underground is THE independent voice for those who live in, work in, and love Columbus.",170552,17121,1421,1375,0,42843,0,0,0,15745674,1,bot,9.961044270529143,0.03211651573149099,0.2512063698674312,96,15,0,0.0,20,2,0
64526820,Anna MM Vetticad,annavetticad,"New Delhi, India","Author of “The Adventures of an Intrepid Film Critic”, Journalist, Teacher, World's most committed feminist :)",114432,607,884,6655,1,105281,0,0,0,64526820,0,human,188.2121710526316,0.06322068349765392,0.9200318090061433,110,12,0,0.0,16,3,0
35867792,Brian G. Burns,BriangBurns,Get a FREE PDF Version of Book at,"Host of - ""The Brutal Truth about Sales & Selling"", ""The B2B Revenue Leadership"" PodCast - On iTunes, Google Play and Stitcher apps - #B2B #Leadership #CEO",93336,68946,2198,3123,0,56108,0,1,0,35867792,1,bot,1.3537499818701322,0.055677342315849504,0.60114424076197,155,11,0,0.0,14,3,0
424446461,Quiroga.,Carlos_Quiroga1,,"Ingeniero mecánico 🚗🔧. Orgullo Embajador. https://t.co/nhstjVjeE0 
Snap:carlos_quiroga9",903,515,22,75756,0,21954,0,0,0,424446461,0,human,1.751937984496124,3.450557959462537,24.286504424778762,87,15,1,0.06666666666666667,8,1,0
509582589,Jessica Robertson,JessicaDuckWife,,Wifey-Momof5-Believer-JR Jewelry-Blogger-Beekeeper-WannaBFarmer/Gardener,878807,195,1196,6230,1,6701,0,1,0,509582589,0,human,4483.714285714285,0.9297224709042077,0.007626239178523637,72,15,0,0.0,17,2,0
150746683,Hayashii,HayashiXPG,Brasil,Contato Profissional: contato@hayashii.com - https://t.co/CPuBMBvA4p,134597,302,167,192,1,63417,0,0,0,150746683,0,human,444.2178217821782,0.003043300009461036,0.4711659905793548,68,10,0,0.0,8,1,0
101379497,Amandaree wicks,Amanda_Wicks_,"Nova Scotia, Canada",photographed @timhicks @johnnyreid @starsonice 😁😁,650,2362,12,6835,0,18186,0,0,0,101379497,0,human,0.275497249259416,0.3758728762302744,27.937019969278033,49,13,0,0.0,15,2,0
2345889714,Cris,Crianderia,,,1105,449,2,2431,0,595,0,1,0,2345889714,0,human,2.457777777777778,4.080536912751678,0.538878842676311,0,10,0,0.0,4,1,0
1569837337,Anti #Taliban #ISIS #WWW.ANTITALIBAN.CO.UK,AntiTalibanISIS,WorldWide,"Fighting terrorism : Anti (against) #Daesh #ISIS #AlQaeda #Taliban #BokoHaram #AlShabab etc
 & extreme interpretations (RTs NOT endorsement) @WorldWar2018",66351,137,247,9536,0,92372,0,1,0,1569837337,1,bot,480.81159420289856,0.103244454548407,1.392166023631541,154,15,0,0.0,42,4,0
893663299,✨,AbruSpinellii,"Buenos Aires, Argentina",✈️🗽🍃,1016,568,1,10354,0,29421,0,0,0,893663299,0,human,1.7873462214411249,0.35194752226225273,28.930186823992134,4,13,0,0.0,1,1,0
870508495,2JA5,AlexaaTapia,,1 Jouse capitulo 7 Cristo es mi roca y mi fortaleza,1307,928,6,5588,0,50327,0,0,0,870508495,0,human,1.4079655543595264,0.11105150214592274,38.477064220183486,51,11,0,0.0,4,1,0
26175726,Quina Gonzalez,ANIUSHKA,,A simple girl from new jersey that now lives in paradise summer all year around puerto rico,1199,1777,53,3228,0,199547,0,0,0,26175726,0,human,0.6749156355455568,0.016181570348988716,166.29,91,8,0,0.0,14,2,0
16299627,CBS New York,CBSNewYork,New York City,"http://t.co/XkH9DerQdP: Your source for New York News, Weather, Sports and Traffic",141641,3700,2898,912,1,159201,0,0,0,16299627,1,bot,38.27127803296406,0.005734852577228929,1.1239745273294643,82,10,0,0.0,12,3,0
62100113,Ingrid Coronado 🇲🇽,ingridcoronado,México,Mamá 💕 Conductora 📺 Compositora 🖋 Amante de los Libros 📚 y orgullosamente Mexicana!! 🇲🇽  sdominguez@iconad.mx,2444970,847,3241,9619,1,19402,0,0,0,62100113,0,human,2883.2205188679245,0.495799618615678,0.007935881448082615,109,14,0,0.0,18,3,0
2742932709,L a   B r u j a  🧙🏼‍♀️,Ayparfavar,Mexivenezuela,"Relájense un chingo, solo son tuits. #AyParFavar",140538,382,565,135827,0,5603,0,0,0,2742932709,0,human,366.94255874673627,24.237687366167023,0.03987505247653676,48,10,0,0.0,22,8,0
35287180,Jean Marc Morandini,morandiniblog,Paris (France),Journaliste et Producteur - Global Media - Pescivegetarien - Retweets and follows are not endorsements - @NRJ12lachaine @cnews @NonStopPeople @morandini_live,676229,3047,3292,2133,1,180252,0,0,0,35287180,1,bot,221.86023622047244,0.011838915302380543,0.2665557576564187,157,13,0,0.0,19,3,0
1856350404,Brittany Renner,brittanyrennerr,"Los Angeles, CA",There will never be another,271594,14382,769,2896,1,71338,0,1,0,1856350404,0,human,18.883056386011262,0.04060892359018209,0.2626668384911357,27,15,0,0.0,15,2,0
14114267,Aftenposten,Aftenposten,Norway,"Aftenpostens offisielle Twitter-konto.

Tips oss på telefon 2286 eller på 2286@aftenposten.no.",128620,2817,1207,3066,0,78867,0,0,0,14114267,0,human,45.64265436479773,0.03888776182989299,0.6131813622969811,94,11,0,0.0,11,1,1
2278667285,ابو عبدالله,abuabdullah1970,المملكة العربية السعودية,"وإن دعاك الشوق لاتخجل تعال 
أبرك الساعات واغلى من يجى .",89380,86262,34,265,0,72612,0,0,0,2278667285,1,bot,1.0361452766539536,0.0036632558908184483,0.8123986082053233,55,15,4,0.26666666666666666,11,2,0
1047707161571328000,Cattttttt🥰,CateLaMacchia,06.08🤞,"Nos merecemos bellos milagros, y ocurrirán...
C&C 👭",88,99,0,1626,0,1340,0,1,0,1047707161571328000,0,human,0.89,1.2132736763609246,15.067415730337078,51,13,0,0.0,10,1,0
187982680,Colciencias,Colciencias,Colombia,"Cuenta Oficial del Departamento Administrativo de Ciencia, Tecnología e Innovación.   Contáctenos - PQR's https://t.co/qB0yclHSGk",139101,3013,921,12311,1,29027,0,0,0,187982680,1,bot,46.15195753151958,0.42414220752377013,0.20868139926097395,129,11,0,0.0,11,1,1
74604641,Caio F. Abreu Frases,CaioFAbreuCitou,Brasil,"Página em homenagem ao escritor gaúcho Caio Fernando Abreu, com frases de outros autores e do cotidiano em geral. Então siga-nos e ative as notificações!",1396610,159,3192,406,0,78947,0,0,0,74604641,1,bot,8728.81875,0.005155292090996606,0.05652826735576334,153,15,0,0.0,20,4,0
26902613,Brittany Dailey,brittanydailey,Denver - L.A.,instagram: __BrittanyDailey im an ARIES baby all day. I'm Taylor's mom before anything else . I model and stuff. snapchat: BrittanyHdailey,102141,1415,971,3669,1,6629,0,0,0,26902613,0,human,72.13418079096046,0.5535444947209653,0.06490963560533375,138,14,0,0.0,15,2,0
2730263771,czr,cesarslaysall,"Corcoran, CA","everyday it'll rain
                                                                            2018年10月10日",1142,678,22,42804,0,140439,0,0,0,2730263771,0,human,1.683357879234168,0.3047920820279123,122.86964129483815,107,13,0,0.0,3,1,0
208651278,ADRIAN BARROS 🇦🇷  ✌,AdrianbarrosJP,RAWSON - CHUBUT,"Rawson-Chubut.️
Secretario Gral De Agrupacion Evita Capitana, Político- Vecinalista.
©Perfil Oficial® 🇦🇷🇦🇷

https://t.co/J33jSdylu8",99601,95978,117,29015,0,59326,0,0,0,208651278,0,human,1.0377478406734806,0.48908591366494175,0.5956406497861488,131,14,0,0.0,19,4,0
14591141,Bangladesh News,BDnews,Bangladesh,Latest news on Bangladesh,238701,11,485,21,0,248662,0,0,0,14591141,1,bot,19891.833333333332,8.847315442989105e-05,1.0417298556358974,25,6,0,0.0,15,2,0
184827671,Antena San Luis,AntenaSanLuis,"San Luis Potosí, SLP.","La plataforma informativa digital más potente del centro de #México / Av. Real de Lomas # 1005 4to, Piso Torre 2, Lomas 4ta. Sección, 78216  San Luis, S.L.P.",126262,2642,443,788,0,253744,0,0,0,184827671,1,bot,47.77260688611426,0.003109420875288183,2.009654451422824,157,13,0,0.0,15,3,0
24502450,Joel Madden,JoelMadden,LA X DMV X NYC X SYD,"|MDDN|GC|The Madden Bros| 
New GC music: https://t.co/c0xNnHcxnU",876155,1885,6788,22063,1,24445,0,0,0,24502450,0,human,464.55779427359494,0.9025607461343369,0.02790142394733358,64,10,0,0.0,11,2,0
111439649,.,danebowers,,The official Dane Bowers. Twitter instagram : danebowers Snapchat : thedanebowers,93099,0,270,35,1,16465,0,0,1,111439649,0,human,93100.0,0.0021863233329284587,0.17686358754027928,81,10,0,0.0,1,1,0
623422330,RN:ブルースドライバー,mhf24,宇宙の片隅,実況用サブアカです。,1337,844,0,16900,0,179119,0,1,0,623422330,1,bot,1.5834319526627219,0.094355739169272,133.87144992526157,10,5,2,0.4,12,1,0
111615736,Anupama Chopra,anupamachopra,Mumbai,"Film Critic, journalist, author. Founder and editor of @Filmcompanion. You can find my reviews, interviews and recommendations on https://t.co/KiVbFJzssO",1505629,687,2459,910,1,6008,0,1,0,111615736,0,human,2188.4156976744184,0.15160592444666335,0.0039910203702104765,153,13,0,0.0,14,2,0
1296935270,ًًًٌأبــوعُمــــــــــــر,abo_omar70,"الطائف, المملكة العربية السعودية",اكتب وجهة نظري كما ترضاها عيني .. فبالتأكيد ارى ان عيني محايدة اكيداهلاوي ملكي #الطائف #alahli #الاهلي #جدة_كذا_اهلي_وبحر #الملكي عام ٢٠١٨ اعتزلت التشجيع,82053,2504,82,242,0,56400,0,1,0,1296935270,0,human,32.7560878243513,0.004308434247619723,0.6873644185536354,153,10,2,0.2,25,1,0
3061034134,AhmeD FiGo ,2015figo,Kuwait/Egypt,Civil engineering 👷 #SU ❤️Zamalkawy-Madrid✌️️❤️snap:ahmedsa3id1 ❤️21/10/2016❤️,70873,228,69,103,0,80904,0,0,0,3061034134,1,bot,309.49344978165936,0.0012854582535071998,1.1415328611338431,78,8,4,0.5,12,3,0
20003448,Caitlin Beadles,godsgirl8494,ATL,"Jesus knew about rejection His entire time on earth, but it did not change how He loved. bookingscaitlin@gmail.com insta- Caitlinbeadles snap-hellodollface",802902,1304,12807,11662,0,30761,0,0,0,20003448,0,human,615.2513409961686,0.37913659710031855,0.03831346999575291,155,12,4,0.3333333333333333,15,2,0
22549812,KISS,KISSOnline,,The ONLY Official TWITTER for the rock group KISS • #EndoftheRoad World Tour Info 👇,1492228,171,4453,9857,1,19495,0,0,0,22549812,0,human,8675.75,0.5056421830118999,0.013065018840941973,83,10,0,0.0,4,1,0
283824663,Ashi Labouisse,AshiLabouisse,Over the rainbow,"Fiction writer, ex- investment banker, mama of three.  Scuba diver, mangoholic.  Lived in Budapest (no mangoes) & Burma (epic mangoes).  Repped by Marly Rusoff.",93310,60579,1476,7899,0,35956,0,0,0,283824663,1,bot,1.5402938263453285,0.21970687209722725,0.38534577916858676,160,13,0,0.0,14,2,0
41360559,MEDI1TV,Medi1TV,Maroc,"MEDI1TV,  un nouveau regard sur l'information

مدي 1 تي في، الخبر برؤية جديدة",1516805,218,420,0,0,88343,0,0,0,41360559,1,bot,6926.054794520548,1.1319387847505207e-05,0.05824344049271957,77,7,1,0.14285714285714285,7,1,1
3627483613,الياسمين࿐‎﴾عطر ♛,alamri553,في قلب من أحب,"‏‏‏‏‏‏‏‏‏‏‏‏‏‏‏‏‏‏‏‏على ذكريات الماضي أعزف سيمفونيتي وعلى وقع الحاضر أغني أغنيتي.....
(تغريداتي في المفضلة)",11176,415,10,1998,0,51339,0,1,0,3627483613,1,bot,26.86778846153846,0.03893650175301909,4.593361367093138,107,9,3,0.3333333333333333,17,2,0
60112031,Gregg Olson,GreggOlson30,Newport Beach,"The 1989 AL ROY, Author of ""We Got to Play Baseball"", ESPN color commentator, Technical advisor/ bench coach on @Pitchonfox.",24451,21258,62,1526,0,3370,0,0,0,60112031,0,human,1.1501952114398608,0.45298131118362506,0.1378619335841649,124,12,2,0.16666666666666666,11,2,0
44603356,POWER MABULAH,IamNchaKALIH,"ÜT: -6.7911321,39.2655404","I have NO special TALENTS za kuzaliwa nazo ila I am, bila shaka, PASSIONATELY CURIOUS!!!",162587,989,93,820,0,105010,0,0,0,44603356,0,human,164.23030303030302,0.007818228566531126,0.6458717740546658,88,12,0,0.0,13,2,0
239938617,Arnel Pineda,arnelpineda,Manila and San Francisco,@JourneyOfficial lead singer-songwriter-family man-cook-farmer believer of human spirit & kindness IG: arnelpineda2007 @APFInc Founder https://t.co/luM7nOq5Zk,1832179,408,301,11262,1,10530,0,0,0,239938617,0,human,4479.657701711491,1.0695090684645332,0.005747797705465621,158,11,0,0.0,12,2,0
250920294,vani seht mendez mon,arcamovil,campeche,soy a muy enamorado,1273,0,0,1,0,3736,0,1,1,250920294,1,bot,1274.0,0.0005351886540005352,2.9332810047095763,19,9,0,0.0,20,4,0
504731972,DJ Demosky,demosco4real,Somewhere Around You,I Tweet The Latest Information Ranging From #Music| #News| #Videos| #Entertainment| #Sports| Follow to stay Updated with the world's happening.,808,768,91,64,0,573586,0,0,0,504731972,1,bot,1.0520156046814044,0.00011332195464681034,709.0074165636588,143,12,1,0.08333333333333333,10,2,0
13018112,DVF - Diane von Furstenberg,DVF,"New York, NY","Designing for and empowering women since 1972. 
https://t.co/0PNiyKnsqk",1124164,932,5361,1823,1,12643,0,0,0,13018112,1,bot,1204.89281886388,0.14425814615627966,0.011247459225291662,71,3,0,0.0,27,5,0
115461582,Patrizio Ranieri Carnevale💙,Dayafter2012,📍VENEZIA 🔁 NAPOLI ,"https://t.co/NLIh8JQEhy

#DayAfterART 🎨🎻📚 #VeniceHistory1🕍#SIMBOLInellARTE🗝 #SalviamoVENEZIAinsieme🎭 #NapoliShows🌋 #ElbaShows🐬",138170,64871,1052,84402,0,68217,0,0,0,115461582,0,human,2.1299019607843137,1.2372540971591075,0.49372154793697665,126,12,4,0.3333333333333333,27,3,0
22606901,Betfair Exchange,BetfairExchange,,"All the latest news and market movers from the Betfair Exchange, and tips and insight from our experts. 18+ only. Gamble responsibly. https://t.co/0WiNwt5hky",108503,1893,789,2512,1,127469,0,0,0,22606901,1,bot,57.2882787750792,0.01971444261394838,1.174795399247954,157,15,0,0.0,16,2,0
2173727640,fatimurrrr,A1babez,"Manchester, England",19,2711,1295,28,61749,0,45041,0,0,0,2173727640,0,human,2.0925925925925926,1.370942675724879,16.608407079646017,2,7,1,0.14285714285714285,10,1,0
116325068,PCTEP,OfficialMBMusic,,,892340,52728,6563,2849,1,383,0,0,0,116325068,0,human,16.923154241498985,7.421875,0.0004303287644521545,0,15,0,0.0,5,1,0
2423067464,Butte Tocks,butte_tocks,,,2193,2710,79,30177,0,76182,0,1,0,2423067464,1,bot,0.8092954629288086,0.39612511977737813,34.72333637192343,0,11,0,0.0,11,2,0
804028724987494402,🌹,camrenaah,,,3,49,0,0,0,98,0,1,0,804028724987494402,0,human,0.08,0.010101010101010102,24.75,0,9,0,0.0,1,1,0
14579415,Jonah Lupton 🇺🇸,JonahLupton,jonah@soundguard.io,"Founder|CEO of @GetSoundGuard: we created a soundproofing paint for commercial + residential properties ie hotels, apartments, condos, offices, student housing",511374,364980,3248,43499,0,64157,0,0,0,14579415,0,human,1.4011003312501198,0.6780136537922005,0.125461745294549,159,11,0,0.0,15,3,0
85603854,Jennifer Lopez,JLo,"Bronx, NY","#WorldOfDance, #ShadesOfBlue, #SecondAct, #JLOVegas #AlliHave, #JLOxInglot, #ElAnillo, #JLOxKohls, #Dinero #Limitless #TeGuste",43541522,1689,53037,7620,1,14139,0,0,0,85603854,0,human,25764.21479289941,0.538967468175389,0.0003247474829945659,126,3,0,0.0,14,2,0
16473793,Heather Carlson,Hezzah,Is this Heaven?,"Writer, gamer, musician; civil, human, animal rights advocate. @PETA media maven (opinions mine). From IA to VA to DC & back. Geek. :) #amwriting #YA #SFF #TFB",195169,193452,1076,124094,0,24413,0,0,0,16473793,1,bot,1.0088755408290386,5.082944212337184,0.12509094635446022,159,6,0,0.0,15,2,0
1638058898,Dr. Peter Reinert,PeterReinert1,Köln,"Patentanwalt Dr. Reinert berät und betreut auf allen Gebieten des gewerblichen Rechtsschutzes. 
Impressum: http://t.co/l1bTm9VjrJ",1006,490,128,1,0,324873,0,0,0,1638058898,1,bot,2.05091649694501,6.1562328779773085e-06,322.6156901688183,130,13,1,0.07692307692307693,17,3,0
429385529,Dank Kevin Heart,KevinHert4Real,,Posting dank memes / dank videos / dank pictures with credit (I am NOT Kevin Hart. This is fan account. Not in anyway affiliated with Actor/Comedian Kevin Hart),854131,4206,1092,27,0,4908,0,0,0,429385529,1,bot,203.02638459710008,0.005703809329802404,0.00574735520973339,160,14,1,0.07142857142857142,16,3,0
34927577,CNSNews.com,cnsnews,DC Metro Area,"http://t.co/6UprShcVX6, a division of the Media Research Center, seeks to bring you the news the leftist media won't cover.",116432,28319,2520,18,1,66397,0,0,0,34927577,1,bot,4.111334745762712,0.0002861531973854634,0.5702678793812751,123,7,0,0.0,11,1,0
128852631,Central Park Mall,CentralParkMall,Jakarta,,2310694,1438,272,32,0,33777,0,0,0,128852631,1,bot,1605.7644197359277,0.0009769672567943631,0.014618112732316467,0,15,0,0.0,17,3,0
231709584,Bely y beto,belytrevino,monterrey n.l.,https://t.co/rVSma5rIgv CONTACTO 018117364063 https://t.co/nSOAJTodab https://t.co/EuQcIsb0NB,104064,1048,87,7956,0,19376,0,0,0,231709584,0,human,99.20400381315538,0.4106414821695825,0.1862009321097391,93,11,0,0.0,11,3,0
36984408,iBUYPOWER,iBUYPOWER,"City of Industry, CA","Presenting customized high-performance gaming PCs and the latest news from iBUYPOWER. If you have any customer questions, please contact us at (888) 462-3899.",179279,541,306,5637,1,12107,0,0,0,36984408,1,bot,330.7749077490775,0.4656425503799141,0.0675368139223561,158,9,0,0.0,9,1,1
151173085,Amar Baharin,amarbaharin,KL Malaysia,Instagram: AMARBAHARIN The only thing that will stop you from fulfilling your dreams is you.,124802,412,55,2116,0,70618,0,1,0,151173085,0,human,302.1864406779661,0.029977768022770076,0.5658437697811751,92,11,0,0.0,12,2,0
1461303931,Karmacoma,agustin4peralta,Asteroide B-612,"We overcome in 60 seconds with the strength we have together. But for now, emotional ties they stay severed.",974,568,5,12817,0,43579,0,0,0,1461303931,0,human,1.7135325131810193,0.29412574575493344,44.697435897435895,108,15,1,0.06666666666666667,9,1,0
18862596,Joko Anwar,jokoanwar,Jakarta,"I write, direct, and watch films. Writer director of Satan's Slaves, Modus Anomali, Forbidden Door. I tweet in English only when I'm broke.",1666921,1427,1803,77,1,43161,0,0,0,18862596,1,bot,1167.312324929972,0.0018071451739956443,0.025893233156680396,139,9,0,0.0,10,2,0
2590358492,Antoo,AntoGilla23,Cordoba Capital,Nunca digas nunca todo puede pasar (8 INSTITUTO ATLETICO CENTRAL CORDOBA ♥ \ Soy de gloria desde que nací y de la gloria me voy a morir,1192,1087,2,13199,0,31080,0,1,0,2590358492,0,human,1.0965073529411764,0.42469676007850454,26.052808046940488,135,11,2,0.18181818181818182,5,1,0
745142076,Deeb Al Ahmad,DamasShaam,سوريا,أماه ديني قد دعاني للجهاد وللإباء.. أماه اني ذاهب للخلد لن اترددا أماه لا تبكي علي اذا سقطت ممدا فالموت ليس يضيرني ومنايا أن استشهدا.....,1454,3909,14,12778,0,68698,0,1,0,745142076,1,bot,0.3721227621483376,0.1860143524651014,47.215807560137456,137,10,0,0.0,13,3,0
119572532,chillout,chiIIout,"mcallen, tx",⠀⠀⠀⠀⠀⠀ #LGBTQ|#BLM,83976,25,228,6638,0,2296,0,0,0,119572532,0,human,3229.8846153846152,2.890291684806269,0.02735272753253867,18,8,0,0.0,8,1,0
580089228,Her.ie,Herdotie,,Ireland’s original & biggest platform for Irish women. 3.3 million monthly users. This is Her. //Snapchat: https://t.co/ayUmYnRGzH // https://t.co/oF9JmyCUZk,112618,5055,408,23878,1,208664,0,0,0,580089228,0,human,22.274327531645568,0.114437016270098,1.852840106909136,157,8,0,0.0,6,1,0
131943480,Bertrand Chameroy,bchameroy,Paris,📺 📻 🖋,1114689,1995,881,8581,1,7129,0,0,0,131943480,0,human,558.4619238476954,1.2036465638148668,0.006396397204603971,5,9,0,0.0,17,2,0
2943566101,ガキの使い 動画 まとめ,Gakitsuka_,神奈川,ガキ使いの大ファンです！動画配信しておりますので是非ご覧ください！,714,800,1,0,0,112242,0,0,0,2943566101,1,bot,0.8926342072409488,8.909241556266315e-06,156.9832167832168,33,10,0,0.0,12,3,0
757821654571425792,AnonyMobLife,AnonyMobLife,,FOLLOW: @ANONMESSENGERS,2,2,0,0,0,1,0,1,1,757821654571425792,0,human,1.0,0.5,0.6666666666666666,23,12,0,0.0,12,1,1
1546270652,SMART THINKING,Hilarious_Idiot,Worldwide,SIMPLE LIVING AND HIGH THINKING WILL GIVE YOU SUCCESS IN LIFE...! ⚫️ Dafuqtrolls@gmail.com,1000450,421,2254,84,0,13555,0,0,0,1546270652,0,human,2370.7369668246447,0.00627028622012393,0.013549889000060973,90,15,0,0.0,14,2,0
1882281708,Alex Hamm,Hammapreneur,Always on the move,Striving for greatness - Follow my journey on Snapchat: alexhamm | Add me on Instagram below,91282,78885,830,16586,0,26313,0,1,0,1882281708,1,bot,1.1571508252414877,0.6303488637227331,0.2882683522671253,92,12,0,0.0,9,2,0
2932938109,Dr. Al Blumenberg,LordBlumenberg,USA,"Author, Playwright, screenwriter, Mentor, Clergyman, Philanthropist, Social Justice Activist associate publisher of Chicago Street Journal newspaper.",1403,1396,5,364,0,1722,0,0,0,2932938109,1,bot,1.0050107372942019,0.2118398142774231,1.2272079772079771,149,14,0,0.0,17,3,0
415185577,Mercedes Brock,benzvroom,,"Above all, love each other deeply, because love covers over a multitude of sins ~ 1Peter 4:8 | יהוה | DM[V] |",778,621,7,65198,0,30366,0,0,0,415185577,0,human,1.252411575562701,2.14703460993842,38.982028241335044,109,9,0,0.0,14,2,0
1420308074,赤推し@父娘ノフ,310kazu8,,"IT企業で労働賛歌中のモノノフ。
アクセルべた踏みでチャレンジし続けるももクロを、親子で推し続けて5年目。父赤推し、娘黄推し
ゲームオブスローンズ、SUITS（オリジナルの方！）",949,629,5,6514,0,16664,0,0,0,1420308074,0,human,1.507936507936508,0.39093909390939097,17.542105263157893,89,8,4,0.5,8,1,0
28076891,D66,D66,Nederland,D66 is de partij die werkt aan de toekomst. Voor het allerbeste onderwijs. Voor een schoon klimaat. Voor een sterk Europa. Doe je mee? 👉 https://t.co/Z5SeGDK0ho,207510,6733,1368,2700,1,15517,0,0,0,28076891,0,human,30.815414315414316,0.17405593504317568,0.0747815778440661,160,3,2,0.6666666666666666,3,1,1
963418992,[Kweh] Choco,ChocoTheChocobo,,"Questionable gamer, derpy friend, and Jesus fanboy.  Momoki is the better half.",119857,34,79,1886,0,20210,0,1,0,963418992,0,human,3424.5142857142855,0.0933649992578299,0.16862453903786148,79,15,0,0.0,12,2,0
67134249,Léo Moura,leomoura2,Rio de Janeiro,"Oficial Twitter ! A resposta é que eu vivo de milagres,desta vez vai ser mais um milagre,eu não sei como Deus irá fazer,mas vai ser perfeito✨",1065574,411,4314,85,1,8887,0,0,0,67134249,0,human,2586.347087378641,0.009675967596759675,0.008341036529573236,141,9,1,0.1111111111111111,9,2,0
498459411,Axl,AxelSkte,"Campana, Argentina","19
🐱
axelskte👻",1044,470,4,10358,0,35778,0,0,0,498459411,0,human,2.218683651804671,0.28952737639397413,34.23827751196172,14,8,0,0.0,3,1,0
1694047861,⸀🦅✿ උgɹ̣ ✿ ءٌ ⸀,al_onazi_54,,سأفعل مَ في قدرتي؛ سابتعد عن مَ يرهقني لن أعطي أحداً فوق مَ يستحق لن أنتظر أحداً ليسعدني وسأغيب متى شئت حُريه تخص ذاتي أګتفيت بـ وحٌدِتي ولَن أزّعجِ أحٌدِ 💔,87757,88846,72,2651,0,55042,0,1,0,1694047861,1,bot,0.9877429738764393,0.04818051341678324,0.627213473415529,156,11,2,0.18181818181818182,15,5,0
16257347,"Mark Sinderson, CFP®",MarkSinderson,"Atlanta, GA","Husband, CFP® Professional, Financial Planner/Founder of @PlanWithClarity, Large Format Photographer, Cheap Audiophile, Concept 2 Erg Fan, Craft Beer & BBQ Geek",947,334,77,28,0,6053,0,0,0,16257347,1,bot,2.8298507462686566,0.004790221341261975,6.386075949367089,160,13,0,0.0,20,3,0
70394965,Citizen TV Kenya,citizentvkenya,"Nairobi, Kenya",Kenya's Premier TV Station. Breaking News / Entertainment / Your Favorite Local TV Shows. Follow us on https://t.co/zFxsEropBr,1990696,216,1529,7960,1,434716,0,0,0,70394965,1,bot,9173.718894009216,0.01831306344127329,0.2183742679071702,126,14,0,0.0,16,3,0
272230000,Jade ✨,ClassicJade__,,Blessed ❀ Care Free Black Girl 🦋,937,597,12,3411,0,32658,0,0,0,272230000,0,human,1.568561872909699,0.10447349888239077,34.817697228144986,32,13,0,0.0,6,2,0
282006208,Mahfud MD,mohmahfudmd,Jakarta,"Guru Besar FH-UII Yogya, Ketua Mahkamah Konstitusi (08-13) Presidium KAHMI (12-17), Ketum Asosiasi Dosen HATN-HAN, Ketum PP IKA-UII, Ketua Majelis Pakar PERADI.",2476008,638,1184,98,0,23644,0,0,0,282006208,0,human,3874.8184663536776,0.004186931698033411,0.009549642186276382,160,11,0,0.0,9,2,0
1962402919,ちょこ,Choc_mm,,年パス切れました,1144,119,20,3972,0,35110,0,0,0,1962402919,0,human,9.541666666666666,0.11315542137791575,30.664628820960697,8,7,0,0.0,3,1,0
508662899,في أسبوع MBC,MBCinaWeek,,برنامج أسبوعي يُعرض على قناة @MBC1 ويقدم قضايا اجتماعية سعودية خلال يوميّ الجمعة والسبت من تقديم علي الغفيلي و سها نويلاتي,1112175,6,754,0,1,25072,0,1,0,508662899,1,bot,158882.2857142857,3.988354006301599e-05,0.02254409374055905,122,10,0,0.0,12,3,0
36759246,Beverley Mitchell,beverleymitchel,Los Angeles,A lover of all things positive! Best known as Lucy from 7th Heaven! catch #hometownchristmas on @lifetimetv,99044,733,606,3315,1,12332,0,0,0,36759246,1,bot,134.93869209809264,0.26887213167923457,0.12451915795850371,107,15,0,0.0,17,2,0
2442918091,LOST AND FOUND - 333,1RealRhino,,follow the wolf lead the sheep,16763,6,6,13299,0,51,0,0,0,2442918091,0,human,2394.8571428571427,255.76923076923077,0.003101884991648771,30,10,1,0.1,20,5,0
878447185,بدر بن غلاب,B_ghllab,بيروت,كتاب كل صفحة فيه تخبرك أنني أحب مملكة الغموض لذلك لا تقرأني بفضول وإنما بتمعن ٠#ااالحبر,82557,96674,54,4205,0,21782,0,0,0,878447185,0,human,0.8539746573571244,0.19308635174218428,0.2638508684803411,87,8,0,0.0,11,3,0
844779426260791296,9 News Brisbane,9NewsBrisbane,,We're now @9NewsQueensland; follow us for all the latest from #9News,369,1,7,0,0,1,0,1,0,844779426260791296,1,bot,185.0,0.5,0.005405405405405406,68,13,1,0.07692307692307693,15,3,0
19478383,Sean Gardner,2morrowknight,"Seattle, Zagreb, or 30K feet",World Traveler🌎• Board @WorldCommForum @FreeNPTech • formerly @Apple @Microsoft • #GivingTuesday Ambassador • producing films with @RashaGoel • 🤓#AI #Travel,872895,474,16132,107106,1,131180,0,0,0,19478383,0,human,1837.6757894736843,0.8164825698843583,0.15028250788180952,156,13,1,0.07692307692307693,12,2,0
2287569091,ALAN 💎,alankaique_96,"Pernambuco, Brasil",Desde 1996 Estragando Tudo e Decepcionando Pessoas..😉✌🏻@SantaCruzFC ❤️,1175,1266,0,10769,0,2503,0,0,0,2287569091,0,human,0.9281767955801105,4.30111821086262,2.129251700680272,70,13,2,0.15384615384615385,6,2,0
911951797622902784,The Muse,dailymuse,,"Find us at @TheMuse - Helping people succeed at their careers, and find meaningful jobs at the best companies 🙌",2641,0,33,0,0,1,0,1,0,911951797622902784,1,bot,2642.0,0.5,0.000757002271006813,111,9,0,0.0,8,2,0
295594406,Mario Falcone,Mario_Falcone,Essex,For all enquiries contact Leisa lmaloney@fireprandmanagement.co.uk Instagram mariofalcone,831258,690,630,210,1,33003,0,0,0,295594406,0,human,1202.9797395079595,0.006393164464913344,0.03970363027648422,89,13,0,0.0,13,2,0
185344640,Revista Inspiras,Inspiras_,"New York, NY",Revista de Lifestyle que resalta lo positivo. Todo es posible. Editado por @sores25 press@revistainspiras.com,436971,7741,1194,12034,0,17785,0,0,0,185344640,0,human,56.44174631878068,0.676655796694029,0.04070283679503492,109,9,0,0.0,16,2,0
21418513,Haberdar,Haberdar,Türkiye,Gerçekler Sadece Gerçekler,133284,4,561,3,1,290745,0,0,0,21418513,1,bot,26657.0,1.3757712917804544e-05,2.1813857523352214,26,8,0,0.0,8,1,1
848662740,Agustina,Agus_AguirreOk,,"LANUS 13★ 96☆ 07★ 16★★
Lautaro Acosta❤ 
Leonas❤
Lucha ∞ 
Handbal#16
19-07💘💏

Fb: Agustina Aguirre
Ig: AguirreAgustinaOk",1032,2214,5,4699,0,23384,0,0,0,848662740,0,human,0.46636568848758464,0.2009835364549925,22.637947725072603,119,14,0,0.0,8,1,0
34867057,France Inter,franceinter,Paris,"France Inter : InterVenez Fil officiel de France Inter, la radio publique généraliste de Radio France.",1401998,4507,8738,3051,1,106063,0,0,0,34867057,0,human,311.00244010647737,0.02877507919746568,0.07565197978029942,102,11,0,0.0,12,2,0
2265168248,Brian,BrianAabye,"San Isidro, Bs. As. Argentina.",Club Atlético River Plate // 22 ⚠️ // 09-12-18 🏆,1029,543,6,32973,0,59623,0,0,0,2265168248,0,human,1.8933823529411764,0.5530323359720918,57.887378640776696,48,10,0,0.0,5,1,0
11819862,akita11/JunichiAkita,akita11,主に金沢、時々函館か野々市,本業は集積回路（特にイメージセンサ）。そこから派生して実装手段・可能性から考えるインタラクティブシステム。マイコン次郎、半田付け、視覚情報処理。ライフワークはたぶん知覚。元未来大。数理の翼。NT金沢の中の人。MakeLSI:の人。無駄な抵抗コースターの人。ハルロック表紙「はじめて学ぶ電子回路15講」の人。,2260,571,113,363,0,30210,0,0,0,11819862,0,human,3.952797202797203,0.012048591572606005,13.361786819991154,153,7,2,0.2857142857142857,20,1,0
2369678500,AR👑,ambur__renay,,,1250,447,10,743,0,926,0,1,0,2369678500,0,human,2.7924107142857144,0.8025889967637541,0.7410071942446043,0,12,0,0.0,3,1,0
4459687272,fantaspam 👻,HazelAvellana__,entodoslados,segunda cuenta de spam de @backtolouist91_ @amazinashgr,17,12,0,0,0,105,0,0,0,4459687272,1,bot,1.3846153846153846,0.009433962264150943,5.888888888888889,55,15,0,0.0,11,2,0
38833957,ديما علم فراج,Deema22,"Amman, Jordan ",أنا ديما٢٢ ، زمان كان البيو حلو.   الان انتهى الكلام وما تغير اشي #بس_بقول,370417,6048,418,19406,1,236521,0,1,0,38833957,1,bot,61.23623739461068,0.08205156391371628,0.6385272853910987,74,7,2,0.2857142857142857,13,3,0
69168087,Christian Chavez,christiancha," MEXICO,USA,LATAM","Actor, cantante .",1131906,585,6019,9764,1,8261,0,0,0,69168087,0,human,1931.5819112627987,1.181917211328976,0.0072991862405657,17,12,0,0.0,16,2,0
19923144,NBA,NBA,,"30 teams, 1 goal. #ThisIsWhyWePlay",27577178,1698,49973,341,1,222082,0,0,0,19923144,1,bot,16231.417892878164,0.001539964787939644,0.00805314423204781,34,3,0,0.0,3,1,1
1484162798,Crowdfunding,crowdclan,Global,CrowdClan Covers All Aspects of Crowdfunding #Crowdfunding! Tips and Information on #Equitycrowdfunding #Debtcrowdfunding #nonprofit and much more!,107666,66748,1607,4597,0,63955,0,0,0,1484162798,1,bot,1.6130129290326447,0.07189317655888423,0.5940167367902885,147,9,0,0.0,12,1,0
183346337,o'lavo de carvalho daes' querda.,cilaoucaribde,Brasilíada,"Aqui salta. Onde é Ítaca?
Por que me ludibriaste e me fascinaste esse tempo todo?
Tu és drone para meus ouvidos",946,993,33,19249,0,424494,0,0,0,183346337,1,bot,0.9527162977867203,0.04534800174324786,448.2523759239704,111,13,0,0.0,32,5,0
463777608,♔ #انت_الخير ♔,ant_al5ir,دار الخير,اللّهم إنّك عفًٌّ تُحبُ العفوَ، فاعفُ عنا.. اللهم أصلح لنا شأننا كله.. اللهم ارفع قدرنا بالدارَيْن.. آمين ... سنعرض تحديثات لأسعار أسواق المواسيم .,803185,725052,319,77,0,9291,0,0,0,463777608,0,human,1.1077617774148925,0.008394317692638828,0.011568926749221227,147,9,1,0.1111111111111111,14,3,0
68795677,NCIS,NCIS_CBS,,#NCIS airs Tuesdays at 8/7c on CBS,1083270,77,4095,2704,1,10045,0,0,0,68795677,1,bot,13888.089743589744,0.2692613975711726,0.009273764367365137,34,8,0,0.0,4,1,0
91240835,Andy C,ANDYC_ram,Hornchurch,"@RamRecordsLtd , Drum & Bass.",109280,464,926,5965,1,34738,0,0,0,91240835,0,human,235.01290322580644,0.17173781628717005,0.31788691538327796,29,9,0,0.0,6,2,0
92174767,DZMM TeleRadyo,DZMMTeleRadyo,"ABS-CBN, Diliman, Quezon City","The Official Twitter news feed of DZMM Radyo Patrol 630, DZMM TeleRadyo and http://t.co/dGWvKzLl9n. Like us on Facebook: http://t.co/LyZoBw5CIn",1271036,152,1872,509,0,371594,0,0,0,92174767,1,bot,8307.43137254902,0.0013724619545472895,0.2923557693442441,143,13,0,0.0,14,2,0
32937527,Jamie McGuire,JamieMcGuire,"Steamboat Springs, Colorado",#1 New York Times and internationally bestselling author. Okayest mom to the beautiful and talented @edennmcguire and @haileygrace. Hater of vegetables.,104609,376,653,29414,1,16944,0,0,0,32937527,0,human,277.48010610079575,1.7359102980230157,0.16198260204569354,152,12,0,0.0,13,2,0
403424204,Jeffrey Adam Gutt,JeffreyAdamGutt,"Los Angeles, CA /Detroit, MI","Dad, Lead singer of Stone Temple Pilots. Instagram-jeffreyadamgutt, Facebook - Jeff Gutt",74799,1073,454,9866,1,6223,0,0,0,403424204,1,bot,69.6461824953445,1.585314910025707,0.08320855614973262,88,15,0,0.0,17,3,0
266956478,GottaLoveCelebutards,celebutardz,Texas,"Tweets that support my talented followers. Celebrity news, Stupidity in the media, Funny and interesting stuff & The Walking Dead. All tweets are made by Paul.",91670,91883,635,5240,0,168246,0,0,0,266956478,1,bot,0.9976818597361891,0.03115062972891047,1.8353350568882199,159,11,0,0.0,20,1,0
170965705,Official Gazette PH,govph,"Manila, Philippines",.,1378645,0,2862,4,1,90024,0,0,0,170965705,1,bot,1378646.0,5.554012774229381e-05,0.06529957654104099,1,5,0,0.0,19,3,0
33884545,CNN en Español,CNNEE,En todas partes,CNN en Español es tu principal fuente de información y breaking news. Cubrimos las noticias de América Latina y el resto del mundo. Vive la noticia.,16920599,643,51131,1351,1,177152,0,0,0,33884545,1,bot,26274.22360248447,0.007631821081212286,0.010469664196305095,148,5,0,0.0,14,3,0
53106875,Antonio Rosique,Antonio_Rosique,Mexico City,"Peregrino del Camino de Santiago, y contador de historias. Padre de Bernardita. Azteca Deportes Conferencias, libros y RP: info@antoniorosique.com",1346586,1483,2883,2589,1,49710,0,0,0,53106875,0,human,907.4036388140162,0.05210114461587979,0.03691629282029308,146,15,0,0.0,15,2,0
255504289,CNN TÜRK Ekonomi,CNNTURKEko,,"Türkiye ve dünya ekonomisi, şirket haberleri, piyasalar, hisse senetleri ve daha fazlası için...",295673,544,639,0,1,18283,0,0,0,255504289,1,bot,542.5211009174312,5.469262743382192e-05,0.06183837604929754,96,10,0,0.0,16,3,0
70683270,Boulevard Brewing Co.,Boulevard_Beer,Kansas City,Kansas City's Beer,177302,11879,2175,55617,1,29096,0,0,0,70683270,0,human,14.92449494949495,1.9114685362752173,0.16410889832659345,18,14,0,0.0,21,3,0
952168021,Univaca☁,camillam1raes,na merda,"E você me apareceu em tão pouco tempo , mas foi o único que consiguiu fazer eu esquecer o meu passado",869,1243,1,9872,0,11123,0,0,0,952168021,0,human,0.6993569131832797,0.8875404530744336,12.786206896551723,101,13,1,0.07692307692307693,8,1,0
3019223383,Info SumseL,InfoSumseL_,,Portal Informasi Seputar Kota Palembang | Official Akun Yang Menyajikan Berita dan Kejadian,402,0,40,0,0,158177,0,1,0,3019223383,1,bot,403.0,6.321991680258949e-06,392.5012406947891,91,11,0,0.0,11,2,0
46282259,Andrea Torres,andreaetorres,MNL,,131617,581,106,250,0,31378,0,0,0,46282259,0,human,226.14776632302406,0.007998980209694381,0.2384096400188424,0,13,0,0.0,13,2,0
526677862,Abdulbaqi Jari,Bahaushee,"Abuja, Katsina",President CASREF • Photography  History • Motivation • Journalist • Poet,138284,13247,120,10653,1,40973,0,0,0,526677862,0,human,10.438179347826088,0.2600185483477327,0.2963011172578371,72,9,0,0.0,14,2,0
16537989,FOX,FOXTV,United States,The official Twitter account for #FOX broadcasting company. Watch FOX shows anytime at https://t.co/6uDO89yWdV.,1311012,1646,6361,15326,1,36544,0,0,0,16537989,0,human,796.0006071645416,0.4194007388151594,0.0278753910144293,111,5,0,0.0,3,1,0
20833944,Bree Olson,BreeOlson,"Los Angeles, CA","I love cats, Golden Girls, minimalism, designing houses 300-1200 sq ft, hiking national parks, living in big cities and fucking Kayla.",1214455,191,4967,31834,0,14215,0,0,0,20833944,0,human,6325.291666666667,2.239378165447383,0.011705652572015782,134,9,0,0.0,10,2,0
19796721,Down Goes Brown,DownGoesBrown,Ottawa,"Hockey writer Sean McIndoe of @TheAthleticNHL. Co-host of @pucksouppodcast. ""The Down Goes Brown History of the NHL"" book is out now: https://t.co/GMSObza3AH",144631,132,3588,588,1,70730,0,0,0,19796721,0,human,1087.4586466165413,0.00832732465255687,0.4890411527186238,157,13,0,0.0,15,3,0
509903343,いやーほー,riatomo89,宮城県 仙台市 ,やってられん,837,1071,2,30,0,99699,0,1,0,509903343,1,bot,0.7817164179104478,0.00031093279839518556,118.97374701670644,6,9,2,0.2222222222222222,5,1,0
425528043,GME Agency,GMEAgency,Worldwide,Social Media Agency #Youtuber #Marketer #Promotion #NewMusic #HipHop #UnsignedHipHop #YoutubePromotion #MusicPromotion #VideoPromotion #SEO #IT,422363,44236,882,17057,0,371000,0,0,0,425528043,1,bot,9.547754142459931,0.04597831272691987,0.8783916242861608,143,9,0,0.0,10,2,0
336656753,بركات الشدي,BAlshiddi,,,1335,1225,7,26882,0,138194,0,1,0,336656753,0,human,1.0897226753670473,0.19452946922826442,103.43937125748504,0,9,0,0.0,11,2,0
81048495,Express News,ExpressNewsPK,پاکستان,"Breaking news from Pakistan, including politics, sports, life & style and more - powered by the Express News TV Channel.",2252607,44,1569,2,1,244002,0,0,0,81048495,1,bot,50057.955555555556,1.2294930800031147e-05,0.10832022260419923,120,13,0,0.0,12,2,0
40212757,CCCB,cececebe,Barcelona,Centre de Cultura Contemporània de Barcelona. Altres veus del centre a https://t.co/x8BpqrscwG,154378,1859,2521,7133,1,34433,0,0,0,40212757,1,bot,82.9994623655914,0.20717895103676598,0.22304847161854915,94,8,0,0.0,4,1,0
182646320,فهد المساعد,fahadAlmosaad,,___________ شاعر سعودي - Saudi poet ______________ Business Manager إدارة أعمال                                                     فيصل العُمري 0555417221,1209827,983,2042,474,1,12664,0,0,0,182646320,0,human,1229.5,0.03750493485984998,0.010468430223139157,155,13,0,0.0,11,2,0
1166107502,はちこ,annako910,うどん県,"team℃−ute☆初期〜黄金期の娘。も大好き♡
℃:矢島舞美 中島早貴 鈴木愛理 岡井千聖 萩原舞　娘。:佐藤優樹 加賀楓 ア:竹内朱莉 J:金澤朋子 段原瑠々 カ:森戸知沙希　こ:広瀬彩海　つ:山岸理子　　B:一岡伶奈 山崎夢羽 清野桃々姫　OB:太陽とシスコムーン",966,917,15,6356,0,18177,0,0,0,1166107502,0,human,1.053376906318083,0.34970843877214214,18.798345398138572,135,9,3,0.3333333333333333,3,1,0
18999809,CBC Calgary,CBCCalgary,"Calgary, Alberta","Breaking news, features and local events with an eye on the world around us courtesy of staff at CBC Calgary.",177172,1673,1706,1380,1,85255,0,0,0,18999809,1,bot,105.83811230585424,0.016198273435300743,0.4812019890163851,109,10,0,0.0,11,2,0
201718078,Desorden Público,desordenpublico,"Caracas, Venezuela",La Primera banda Ska de Venezuela / The First Ska band from Venezuela / Die erste Ska Band aus Venezuela / ベネズエラからの最初のskaバンド,98394,314,667,40773,0,23886,0,0,0,201718078,0,human,312.36507936507934,1.7069535730732197,0.2427664007317445,124,15,0,0.0,16,2,0
1092087096,Nice Buzz,nice_buzz,Nice,"#Nice les dernières nouvelles, conseils pratiques , citations de fond .... Twitter [°}. Compte non officiel. Non affilié à @VilledeNice",1210,762,33,0,0,16335,0,0,0,1092087096,1,bot,1.5871559633027523,6.121449559255632e-05,13.489677952105698,135,9,0,0.0,9,2,0
268414482,Miley Ray Cyrus,MileyCyrus,,Nothing Breaks Like a Heart out now! https://t.co/XiiG1wEfUf,41013992,419,59583,359,1,9611,0,0,0,268414482,0,human,97652.36428571428,0.03745318352059925,0.0002343590393649309,60,10,0,0.0,15,3,0
152687658,♛    K'PITAL.   ♛,_andres1398,BUSCANDO AMIGOS.......,"Rapero en progreso 
Dios, familia, Hip Hop y Nacional  27/07/16 Una fecha para no olvidar.",993,1355,11,4961,0,23008,0,0,0,152687658,0,human,0.7330383480825958,0.21565474379590596,23.14788732394366,90,11,4,0.36363636363636365,17,3,0
131472597,Ian Sutherland,iansuth,"London, England",My thrillers will entertain you while scaring you into changing all your passwords! Author of the Brody Taylor Thriller Series. (@ianhsuth for book marketing).,124127,103979,2746,9570,0,265456,0,0,0,131472597,1,bot,1.1937680323139066,0.0360548036028434,2.138574697086878,159,7,0,0.0,14,2,0
230930518,Jen Selter,JenSelter,"New York, NY",,1179298,16859,2641,33524,1,19420,0,0,0,230930518,0,human,69.94655990510083,1.7262241903094588,0.016468257837918967,0,9,0,0.0,10,2,0
33251123,courtneyyy.,CourtCobain_,"MoCo to PG, MD. ",Witty & Pretty 💖 | Towson Alumna 🐯| Naturally Perplexing ♍️ | Somewhere between I want it & I got it.,1182,764,23,19659,0,107969,0,0,0,33251123,0,human,1.54640522875817,0.1820876169306289,91.26796280642435,101,12,0,0.0,11,1,0
2257879993,三代目JSB FAMILY,3JSB_unofficial,,三代目J Soul Brothers from EXILE TRIBEのUnofficial Twitter！！3JSB情報・レポート・セトリなどを発信しています。三代目J Soul Brothersから青の愛を広げて行きましょう！（現在休止中）,109710,13,130,94,0,47396,0,0,0,2257879993,1,bot,7836.5,0.0020043462666413485,0.4320168442544503,123,15,1,0.06666666666666667,13,2,0
14222518,NYLON,NylonMag,everywhere,saying hello to the coolest girls on the planet.,1187167,1323,11572,3319,1,70710,0,0,0,14222518,0,human,896.6525679758308,0.04695167654254642,0.05956275775627375,48,8,0,0.0,5,1,0
1278808938,أستاهلك,_astahelk,Kuwait,ان تركتك مصيبه وان قربتك حرام ::: اشهدنك عقوبه حسبي الله عليك☝️,94105,78,98,47,0,67150,0,1,0,1278808938,1,bot,1191.2151898734178,0.000714806927670474,0.7135676790002763,63,9,0,0.0,7,1,0
1018413906,Ailén🌼,Ailen_gutierrez,San Miguel Buenos Aires,Lionel Giovanni❤,860,0,3,3449,0,34833,0,0,0,1018413906,0,human,861.0,0.09904116667623586,40.45760743321719,16,15,0,0.0,6,1,0
212319985,Hora del Ejercicio,HoraDeEjercicio,,Te mantendré inspirado hasta alcanzar tu meta. #Fitness #Tips #Salud #gym,120131,174,399,0,0,7897,0,0,0,212319985,0,human,686.4685714285714,0.00012661433274246644,0.06574434788399428,73,15,0,0.0,18,3,0
2800469755,Lorena Kloss,brownlee_dr,Florida,#HumanRights  #Autism #ActuallyAutistic #Artist,23450,3578,82,904,0,13835,0,0,0,2800469755,1,bot,6.552388935456832,0.06540907776814107,0.5899961622105667,47,11,0,0.0,12,2,0
2452137170,Allison McEnroe,Allison_McEnroe,,"yes, I am still dating Zach",899,409,2,6728,0,9700,0,0,0,2452137170,0,human,2.1951219512195124,0.6936398309452634,10.778888888888888,27,15,0,0.0,15,2,0
17229503,BUMP OF CHICKEN情報非公式,BUMPOFCHICKEN_s,not official,公式ではありません not-official 私設（一般人が個人で勝手にコツコツやってるアカウントですhttps://t.co/CoXnmgwN0v ）バンプ情報じゃないtweetもします　☆公式に御用の方はhttps://t.co/UM1efHtzo0 またはhttps://t.co/5a25Tfai0A へどうぞ,91639,696,1420,17306,0,15093,0,0,0,17229503,0,human,131.47776183644189,1.1466145488273487,0.16470973374072456,159,15,0,0.0,20,3,0
69183155,detikcom,detikcom,"Jakarta, Indonesia",Official Twitter of https://t.co/oOBkZ1EQMA. redaksi@detik.com | promosi@detik.com | Android: https://t.co/uBAYnisH9r iPhone: https://t.co/36uDqdyxKN,14907809,28,13330,34,1,1426143,0,0,0,69183155,1,bot,514062.4137931034,2.4541701258778918e-05,0.09566421895637253,149,8,0,0.0,8,1,1
242796587,Eva Hache,eva_hache,s_pain,De mayor seré vieja y canto en VINTACHE,1046115,631,4507,1087,1,13356,0,1,0,242796587,0,human,1655.246835443038,0.08145541663547204,0.012768182496013827,39,9,0,0.0,9,2,0
236628153,Jesús es el Señor,CristoeselSr,España,"Jesucristo es el único y verdadero Dios (Juan 1:1), ante el se doblará toda rodilla y toda lengua confesará que El es el Señor, (Filipenses 2:5-11)",140633,16505,290,1061,0,7992,0,0,0,236628153,1,bot,8.520174482006544,0.13286625797572876,0.0568354736407981,147,12,0,0.0,17,4,0
1896807990,Adel Al Alawi,Adel_Alawi,"Dubai,UAE","Founder & Chairman @ Gulfbankers Executive Search,Forum International ,bankersprofiles , forumtrainers ,zandle, Gulfmoda, dudechat,gulfmanagers",25090,331,25,12,0,2388,0,0,0,1896807990,0,human,75.57530120481928,0.0054416073670992045,0.09521342313977123,143,10,0,0.0,13,3,0
300415996,RSS,2l00l5,,RSS用のbotです,843,732,71,0,0,398498,0,1,1,300415996,1,bot,1.1514324693042293,2.5094165857379817e-06,472.15521327014216,10,6,4,0.6666666666666666,3,1,0
2938477910,العموديه🇰🇼,alalkfkf,بقلب أمي♥️,#العموديه،العمرمجردرقم والنضوج(اختيارك)كاتبة خواطر❌https://t.co/KKp5GC0YZsعطني رايك بصراحه,101875,33849,249,1330,0,147363,0,1,0,2938477910,1,bot,3.0096307237813886,0.009032056675985995,1.446503592602772,90,8,0,0.0,10,1,0
2206495150,العاشرة نيوز,al_nouri_1,الكويت,‏أخبار محلية أول بأول .. وأخبار الشرق الأوسط والعالمية بشكل عاجل ..سياسية... إقتصادية...رياضية,92979,101122,74,1069,0,208582,0,1,0,2206495150,1,bot,0.9194743035708988,0.005129852384901933,2.243310389331039,94,10,1,0.1,12,2,0
2916404666,ƅɪʌɲƈʌ,hunthehyun,,"EXO9 • Taeyeon ♡ snsd rv nct | 훈 · 탱 · 귱 · 텐 · 씽 · 니 ♡ #baekyeon

your typo queen",1540,384,19,10985,0,84154,0,0,0,2916404666,1,bot,4.002597402597402,0.13054482799595984,54.61064243997404,81,10,0,0.0,6,1,0
1100927498,Doordarshan News,DDNewsLive,"New Delhi, India","Official Twitter account of DD News, the Public Broadcaster of India.   हिंदी में @DDNewsHindi.

Follow us on- https://t.co/yCp3sSJSJY",2408524,35,2278,51,1,135245,0,0,0,1100927498,1,bot,66903.47222222222,0.0003844845688597075,0.05615303972348221,134,10,0,0.0,16,2,0
2835630150,トクトクホーク,tokutoku_houku,,お得な記事やニュースが好きです。役立つ情報、あるといいなあ,1334,0,4,0,0,5091,0,1,0,2835630150,1,bot,1335.0,0.00019638648860958367,3.8142322097378276,29,14,0,0.0,7,1,0
1956371485,Cristiano Ronaldo ⚪⚫,Cr7Fran4ever,Madrid & Turín,"The best fanpage of @Cristiano Ronaldo. Photo, video & stats. Real Madrid & Juventus. Spanish & English. Not affiliated with Cristiano. He replied us 29/9/14!",218604,140319,397,21616,0,37482,0,0,0,1956371485,1,bot,1.5579033637400228,0.5767147773657392,0.17146451362045698,158,12,2,0.16666666666666666,20,3,0
400750779,JuliaSegura,Juliasegura26,"Sevilla, España","♀️                                             







[no fears, no limits]",978,941,2,4134,0,29845,0,0,0,400750779,1,bot,1.0392781316348196,0.13854452858004423,30.486210418794688,76,13,2,0.15384615384615385,11,1,0
75188460,スイナ,suina_763,ゴム,ふたなりとか人外娘とか丸呑み(vore)とか状態変化とか形状変化とか,1243,924,47,36493,0,260723,0,0,0,75188460,1,bot,1.344864864864865,0.13997177091483715,209.58520900321543,34,9,3,0.3333333333333333,3,1,0
408911226,العنود,aI3noood,,‏‏‏‏حكاية رحيلها إلى السماء هي كتلة حزن لن تذهب من قلبي أبداً  ربي أوصيك بها فـ أملأ قبرها من نسيم جنتك  《 أمي 》,89411,91890,37,2130,0,8011,0,1,0,408911226,0,human,0.9730223852172682,0.2659760359460809,0.08960765892721335,112,8,1,0.125,6,1,0
34570323,Europe 1 📻,Europe1,"Paris, France","Pour réagir en direct et intervenir dans nos émissions : ☎️ 3921 (0,50€/min.) ou #Europe1",1407309,3580,5675,8766,1,306016,0,0,0,34570323,1,bot,392.993577213069,0.028648735200985567,0.21744818128202031,89,7,1,0.14285714285714285,10,3,0
409863961,Female Pains,FemalePains,,Business inquiries: business@deckedmedia.com,909337,23,1455,6993,0,3209,0,0,0,409863961,1,bot,37889.083333333336,2.1788161993769473,0.0035300405349825916,44,11,0,0.0,12,2,0
2697652640,トモぺ,imas25676405,グンマー,"定時退社がキてると思ってたら残業復活したのでやっぱり残業はクソ

冬はスノボに全てを費すメーン",774,647,27,2032,0,40724,0,0,0,2697652640,1,bot,1.1959876543209877,0.04992019643953346,52.54838709677419,47,12,8,0.6666666666666666,3,1,0
80878133,National Autistic Society,Autism,United Kingdom,"The National Autistic Society is here to transform lives, change attitudes and create a society that works for autistic people.",154071,3383,1429,10596,1,22990,0,0,0,80878133,0,human,45.529550827423165,0.4609194902353095,0.14922244145594268,127,6,0,0.0,25,3,0
9269372,Bible Gateway,biblegateway,,"Most used Christian site. Read, search, study, compare, & share the Bible in 200+versions & 70+languages. Free apps. Newsletters. Follow for Bible verses & news",140600,18399,1657,803,1,90131,0,0,0,9269372,0,human,7.6413586956521735,0.008920250299560645,0.6410480722043229,160,12,0,0.0,13,2,0
400334965,HuffPost Québec,HuffPostQuebec,Montréal,"Journal web animé par @cathlvesque, @duperron, @elsavecchi, @philippelepine, @chrisdufresne,@emclavel, @orobichaud",141210,3747,1896,1538,1,261639,0,1,0,400334965,0,human,37.676360725720386,0.005882128114967131,1.8528301619562215,114,14,0,0.0,15,2,0
19622847,Akamai Technologies,Akamai,"Cambridge, MA","Akamai secures and delivers digital experiences for the world’s largest companies, keeping apps and experiences closer to users — and threats far away.",112131,3043,1479,3097,1,20958,0,0,0,19622847,1,bot,36.83705650459921,0.14781239562956247,0.1869136374986623,151,6,0,0.0,19,2,0
28054874,Girth Brooks,_liddoboss,"New York, NY 🗽",*Receives all the ooohs and the ahhhs*,2250,406,30,2946,0,142237,0,0,0,28054874,1,bot,5.530712530712531,0.020718795258650995,63.18880497556641,38,10,0,0.0,12,2,0
2340955790,vavah,AFixe10,"Sintra, Portugal",FS&DBZ | 🇦🇴🇨🇻✨,1017,255,3,35734,0,87351,0,0,0,2340955790,0,human,3.9765625,0.4090919498122539,85.8074656188605,14,7,2,0.2857142857142857,5,1,0
113317910,Genevieve Nnaji MFR,GenevieveNnaji1,Right here and now ,Artist,1553389,1671,2553,608,1,7803,0,1,0,113317910,0,human,929.061004784689,0.07803690415171707,0.00502385106122738,6,15,1,0.06666666666666667,19,3,0
62876558,Cody Longo,codylongo,LA / NY / TN  Artist,"May my neighbors respect me, trouble neglect me, angels protect me, and heaven accept me..✍",83330,524,454,3846,1,11242,0,0,0,62876558,0,human,158.72571428571428,0.34216846037534465,0.13491977775377711,91,9,0,0.0,10,2,0
14669951,DRUDGE REPORT,DRUDGE_REPORT,US,The DRUDGE REPORT is a U.S. based news aggregation website run by Matt Drudge(@DRUDGE).,1405842,2,21589,0,0,237181,0,0,0,14669951,1,bot,468614.3333333333,4.216171547587928e-06,0.16871158443723802,87,13,0,0.0,13,2,0
134547013,♛Raq,500DaysOfRaquel,between psychotic and iconic,I work with kids because adults scare me. 🏹🌙🥀 | 26 | Texas State Alumna | #SSDGM,922,735,6,27749,0,82304,0,0,0,134547013,0,human,1.2540760869565217,0.33716056132677236,89.17118093174432,80,15,3,0.2,4,1,0
47964412,Chicago Bears,ChicagoBears,"Chicago, IL","#BeObsessed, get more from #DaBears by following @BearsLocal, @BearsSTH, @BearsOutreach, @BearsPR & @InsideTheBears Fine print: https://t.co/fyf7HGzUkw",1731717,369,9054,7674,1,41804,0,0,0,47964412,0,human,4680.318918918919,0.18359047960770242,0.024140766568228778,151,12,0,0.0,13,2,0
1917384774,Athlete Homes,AthleteHomes,homesathlete@gmail.com,"Tweets About All Things Athletic | I don't own any media posted, anything taken down at owner's request",81267,8848,104,1,0,498,0,0,0,1917384774,0,human,9.183862583342751,0.004008016032064128,0.006140178175911798,103,12,0,0.0,13,2,0
250169004,Anna 🦋,AnnaLakeee,"Smiths, AL",auburn zeta,1239,1012,3,6841,0,11593,0,0,0,250169004,0,human,1.2240868706811452,0.5901328273244781,9.35,11,10,0,0.0,6,2,0
726969781,عبدالله ع.إلعُتيبي.,6G5,SnapChat: QST 🏴فعل إلتنبّيهات,حط نفسك مظلوم ! وجرب الشعور..,99948,2016,74,402,0,48314,0,1,0,726969781,0,human,49.553296975706495,0.008341094898064783,0.483396532231438,29,3,2,0.6666666666666666,19,2,0
718927286,I_luv_reds™,I_luv_reds,USA,[18+] I'm a Man! AVI is the gorgeous @OohFellatio! Header is the epic @RebeccaLords! Love Redheads & MILF's! Dick pics = blocked! #ObsceneTeam,150402,595,832,227377,0,422292,0,0,0,718927286,0,human,252.35402684563758,0.5384365831306699,2.80774319661177,142,10,0,0.0,11,1,0
259613476,Jed Record,JedRecord,"Chapel Hill, NC",Value Innovation Expert • @Lenovo AI Solutions Engineer • My latest blog post: https://t.co/bnrb7eU0qK,158943,38433,4950,73519,0,53184,0,0,0,259613476,1,bot,4.1355050215954625,1.3823446460468176,0.3346147070666398,102,9,0,0.0,10,2,0
777983107,نايف الصابري,NaifALazemi,,والله لو تعطيهم من الطيب أطنان تبقى النفــوس الرديــه....رديـــه,903534,945,527,963,0,76601,0,0,0,777983107,0,human,955.1109936575053,0.012584527819116995,0.0847803350174592,64,11,0,0.0,12,2,0
1378044421,"Dana Love, PhD",DanaFLove,"Scottsdale, AZ","#BigData, #blockchain, #fintech and #crypto make me happy at work; at home, Billions, GoT, The Newsroom, and ADV bikes. President / CTO / Founder @ Radpay.",21332,828,108,1187,0,1710,0,0,0,1378044421,0,human,25.73341375150784,0.6943308007013442,0.08020437819340927,155,9,0,0.0,14,3,0
21188490,ASHBA,DjASHBA,WORLDWIDE,FOLLOW @PYROMANTICMUSIC,539929,6533,1881,2001,1,10844,0,0,0,21188490,0,human,82.63391490664218,0.18460119870908254,0.02008593706591595,23,7,0,0.0,5,1,0
3185320003,Shakshi Shah,Shakshi_Shah,India,Hardcore book lover. Tech ninja. Avid food buff. Music scholar. Hrithik Roshan Fan.,1242,833,76,4882,0,83705,0,0,0,3185320003,1,bot,1.4904076738609113,0.05833512531957088,67.3419147224457,83,12,0,0.0,12,2,0
89934622,Ananda 👻,ananda_moura,,,1126,837,2,6725,0,43415,0,0,0,89934622,1,bot,1.3448687350835322,0.15491984521835267,38.52351375332742,0,12,0,0.0,8,2,0
2981911481,ai de mim q sou romântica,heygimahone,"São Paulo, Brasil",tentei largar o shitpost mas ele eh parte de mim // i miss my peep // golf wang,1784,1889,13,61423,0,108600,0,1,0,2981911481,1,bot,0.9444444444444444,0.5655933186618908,60.84089635854342,79,11,0,0.0,25,6,0
2383682650,Lorenzo Jared Paggi,JaredPaggi,Roma ,"Actor in training, maybe a singer, and i don't know what....",110891,185,29,1494,0,1807,0,0,0,2383682650,0,human,596.1935483870968,0.8268805309734514,0.016304151787324604,60,10,0,0.0,19,3,0
763419470,Cyrine Abdelnour,CyrineAbdlNour,Lebanon,Instagram: cyrineanour Youtube Channel: https://t.co/ztEKqWHH6I Facebook:https://t.co/MIhiRhJbrI,1841470,106,844,23292,1,16762,0,0,0,763419470,0,human,17210.00934579439,1.389548410189107,0.00910304859538923,96,14,0,0.0,16,2,0
21273590,Bill Doran,chinbeard,"Seattle, WA","Intergalactic Arms Dealer.  I make props and costumes. Let me show you how: https://t.co/x3xNPvHcBO
https://t.co/iHunJtqkK6",98780,1388,786,56,0,55264,0,0,0,21273590,1,bot,71.11663066954644,0.001031394191622184,0.559469938550936,123,9,0,0.0,10,2,0
365814947,Diego.,antigostallker,Cidade da Paranóia.,Os loucos românticos sempre riem por último.,796,868,0,1167,0,20348,0,0,0,365814947,0,human,0.9171461449942463,0.057398397955673496,25.531994981179423,44,14,0,0.0,6,1,0
456124980,AriesAreUs/AriesWe,AriesWeAre,AriesAreUs/AriesWeAre,"Aries ARE US IS YOUR 24/7 ♈ ARIES CHANNEL♈
Made Popular by the #ARIES of Twitter 
#TeamAries (♈)
Email Us: PiscesAreUs@ymail.com",100592,56186,321,2,0,188777,0,0,0,456124980,1,bot,1.790325164183886,1.589168229348759e-05,1.8766514568608155,131,10,0,0.0,18,1,0
418187913,Brittany,brittflynn_,"Buffalo, NY",scooter ❤️🐶,816,692,10,51331,0,49828,0,0,0,418187913,0,human,1.178932178932179,1.0301631580003612,60.99020807833537,11,11,0,0.0,8,1,0
55594587,Catherine B. Roy,catherinebroy,"Los Angeles, CA",#CEO & #Founder of #LHM Academia & LHM Media #Bestselling #Author of Live from Your Heart and Mind |Top 30 Under 30 | #Motivate #Inspire #Love #Success | #MENSA,45033,44461,302,7169,0,11308,0,0,0,55594587,0,human,1.012864918357249,0.6340083119639225,0.25112137496114045,160,13,0,0.0,16,3,0
321125740,محمد المويزري,Almuwaizri,Kuwait,تقني مهتم في عالـم التكنولوجيا وشغف التطبيقات ، هنا ستجدون شروحات للبرامج وطرق تحميك من الاختراقات ومقارنه بين الاجهزة الذكيـة | للإعلان واتساب 50777444-965+,859161,226,855,1084,0,75562,0,1,0,321125740,1,bot,3784.854625550661,0.014358879345711525,0.08794965326678787,157,10,0,0.0,13,2,0
1678786722,卌Lucille está contagiada🌀卌*ESTUDANDO*,Iammoremylrds,"Santa Catarina, Brasil","Se a vida te der limões faça limonada, agora se ela te der ÍDOLOS FAÇA UM EXORCISMO PQ ISSO NÃO É DO BEM!! ✨LS✨5SOS✨HP✨PJO✨SPN✨Zumbi nas horas vagas✨book stan📚",187639,165251,461,180520,0,108193,0,0,0,1678786722,0,human,1.1354779367269383,1.6684936318095274,0.5766041355787679,159,13,0,0.0,37,3,0
36884066,منتدى الهلال الرسمي,alhilalcom,المملكة العربية السعودية,الحساب الرسمي لمنتديات الموقع الرسمي لنادي #الهلال,1272634,42,2071,0,0,43760,0,0,0,36884066,1,bot,29596.162790697676,2.2851397362948744e-05,0.03438613585199213,50,10,0,0.0,19,3,0
472966889,il manifesto,ilmanifesto,"Rome, Italy",official account il manifesto - Italian national newspaper - to serve our followers,145835,3578,1431,5282,0,41819,0,0,0,472966889,0,human,40.7476948868399,0.12632711621233858,0.2867604706656793,83,11,0,0.0,12,2,0
2439526297,liv 🌊,BeausSausage,h & l ,\ ( ^•^ ) /,871,220,1,4043,0,8861,0,0,0,2439526297,0,human,3.9457013574660635,0.45633039945836157,10.162844036697248,11,12,0,0.0,5,2,0
51447989,Guillermo Domaniczky,GuillDomaniczky,Paraguay,Periodista. El Noticiero (https://t.co/7rDvjCoXm0) PeriodísticaMente (https://t.co/KRvzOOpst7) Opinión (https://t.co/UK19dflEOF) Journalist (https://t.co/CQ7hX2XRgq)🇵🇾🇮🇹,148918,752,251,3933,1,30213,0,0,0,51447989,0,human,197.7675962815405,0.1302045409412855,0.2028888187538192,169,15,0,0.0,20,2,0
1238305681,Aku Cuma Tanya,akucumaTANYA,Di Hatimu,Sekedar Bertanya. kirim pertanyaan kamu dengan format: @akucumaTANYA isi pertanyaan kamu (@usernamekm) #act,37989,44,5,0,0,78677,0,0,0,1238305681,1,bot,844.2222222222222,1.2710033300287246e-05,2.071018689128718,107,12,0,0.0,14,3,0
15976697,Michelle Malkin,michellemalkin,USA,Little brown woman. Big mouth. Wife. Mom. Entrepreneur. Geek. #StillAThing #ManitouIncline #freedanielholtzclaw,2143950,16836,15760,25411,1,67457,0,0,0,15976697,0,human,127.33568925580566,0.37670847045569095,0.03146433850400499,111,14,0,0.0,15,2,0
52876623,amandititita,amandititita,"Los Angeles, CA",El invierno son los demás.,94564,1032,952,19559,1,30660,0,0,0,52876623,0,human,91.54404646660213,0.6379439679071133,0.324232009728758,26,12,0,0.0,12,1,1
443263099,Cam,CamiBrocca,"La Plata, Argentina","Believe in love 💜@coldplay                                   
CGE 💙
                        💚✊",1027,398,7,27741,0,78605,0,0,0,443263099,0,human,2.5764411027568923,0.3529247131262245,76.46498054474708,94,10,0,0.0,3,1,0
211557827,nah.,Tonedezzy,,"Y'all some high rollers, and y'all broke. Follow @cyrustherebel1 for vids or whatever.",1079,945,6,2004,0,43812,0,0,0,211557827,1,bot,1.1416490486257929,0.04576267317919339,40.56759259259259,86,9,0,0.0,4,1,0
120150508,Jay der Weiße,JayPietsmiet,,Let's Player von Pietsmiet und fertig studierter Tierarzt. Galileo-Stammgast und begnadeter BvB-Fan :D #PietSmietBerührt,196056,438,181,2126,1,12053,0,1,0,120150508,0,human,446.5990888382688,0.17645594823295171,0.06148211999571553,120,12,0,0.0,13,3,0
25382962,Maria Celeste,MariaCeleste,Citizen of the Universe,Bestselling author.Emmy Award winner/Journalist/Host of @AlRojoVivo Mother of 3! Nature lover! Visit me at https://t.co/MQVb4lQCSC,1156034,12607,4989,166,1,46656,0,0,0,25382962,0,human,91.69059327411168,0.0035793128576633733,0.0403595046862768,130,12,0,0.0,13,2,0
40364991,Bruno,itsflop,Salvador,#EleNão,82272,525,1294,8020,0,82197,0,0,0,40364991,1,bot,156.4125475285171,0.09758144967030828,0.9990884008119311,7,7,0,0.0,5,1,0
814121478,Brian Craig,BrianCraigShow,"Florida, USA",Host of The #BrianCraigShow https://t.co/5EKOaE6fPa co-host of The Steve Kane Radio Show https://t.co/sIrErzhLTD #MAGA,31467,2688,498,28524,0,72557,0,0,0,814121478,0,human,11.702491632577166,0.39313376884699136,2.305770941909241,118,14,0,0.0,11,2,0
2962117111,♡♡,ComeLikeMyPosts,,turn on my notifications please,34564,16070,50,0,0,272,0,0,0,2962117111,0,human,2.1507684649368426,0.003663003663003663,0.007898162881527556,31,15,0,0.0,2,1,0
17028456,Guillermo Catalano,fieritacatalano,,Nerd profesional y Presentador de radio y tv https://t.co/znF2K3qGc6 Contacto: yo@fierita.com,1049963,5167,4351,23811,1,135709,0,0,0,17028456,1,bot,203.16640866873064,0.17546238302262177,0.12925205054649494,93,15,0,0.0,18,2,0
517680491,Laughing,OMGtrolls,,we do not own the content posted / contact - omgtrolls121@gmail.com,782965,81,1552,1095,0,29414,0,0,0,517680491,1,bot,9548.365853658537,0.03725990141084481,0.037568681143242494,67,9,0,0.0,8,1,0
141300574,Chinedu Ikedieze MFR,ChineduIkedieze,Nigeria/ Worldwide,"The Official Twitter Account of CHINEDU IKEDIEZE, MFR. Actor • Comedian • Entrepreneur • IG:@ChineduIkedieze• https://t.co/TxsSvhVAlu",61800,1551,187,2532,1,8512,0,0,0,141300574,0,human,39.82023195876289,0.2975449312815694,0.13774858012006277,133,15,0,0.0,20,3,0
2480448678,geovani,beladona_mortal,,"Every time the rain falls, think of me on a lonely highway. 🖤",2238,1726,4,61776,0,48350,0,0,0,2480448678,0,human,1.2964678633468443,1.2776778143161465,21.594908441268423,61,15,0,0.0,7,1,0
16667447,Inked,Inkedmag,New York City,Style.Culture.Art all in one amazing magazine,101945,205,933,93,1,22212,0,0,0,16667447,1,bot,494.88349514563106,0.004231756178814208,0.21788986326094206,45,8,0,0.0,5,1,0
624818975,Carmela 💫,CarmeAlvarez97,Coronel Dorrego - Bahia Blanca,"Derecho-UNS 
•Coronel Dorrego•
Cabaña《La chingola》🐮",1163,333,0,16920,0,13556,0,0,0,624818975,0,human,3.4850299401197606,1.2481374935457696,11.646907216494846,51,14,2,0.14285714285714285,9,2,0
982400697651093504,Bryce Hall,Ibrycehall,,not @brycehall but he follows,289,74,0,36,0,16,0,1,0,982400697651093504,0,human,3.8666666666666667,2.176470588235294,0.05862068965517241,29,10,0,0.0,10,2,0
16557431,Bouygues Telecom,bouyguestelecom,"Meudon, Ile-de-France",Bouygues Telecom partage votre passion de la technologie. Vivez une expérience numérique plus intense grâce à la #4GBouygues et à nos Bbox. #WeLoveTechnology,160142,73419,857,9210,1,570857,0,0,0,16557431,1,bot,2.181190411332062,0.01613536115811638,3.5646765703152807,157,15,0,0.0,16,2,0
3181259656,K🍑,AlwaysJLover,under the sun,25yo cat lover,10,652,0,70,0,219,0,1,0,3181259656,0,human,0.016845329249617153,0.32272727272727275,20.0,14,12,0,0.0,2,1,0
153810519,Dmitry Medvedev,MedvedevRussiaE,"Moscow, Russia","Prime Minister of Russia. For tweets in Russian, follow @MedvedevRussia",1042130,22,8410,0,1,1276,0,0,0,153810519,0,human,45310.04347826087,0.0007830853563038371,0.0012253737773849928,71,15,0,0.0,15,2,0
1129425277,Piero Ab.,AbreuPiero,"Bogotá, D.C., Colombia",,988,833,6,8031,0,12337,0,0,0,1129425277,0,human,1.185851318944844,0.6509969200842924,12.475227502527806,0,10,0,0.0,9,2,0
18676369,Joe Budden,JoeBudden,IG: JoeBudden,CCD of Spotify | EP for REVOLT TV/Viacom | JoeBuddenPodcast | For all matters pls contact Ian Schwartzman @ CLTNmanagement@gmail.com | Create Without Fear.,1044210,1449,6640,873,1,126857,0,0,0,18676369,1,bot,720.1455172413794,0.006889593088334989,0.12148694085773852,155,9,0,0.0,10,2,0
2285840166,Hippy,HippyGIF,,Life is beautiful 🍇,33884,24,174,150,0,13310,0,0,0,2285840166,1,bot,1355.4,0.011344001202013372,0.39282868525896414,19,8,0,0.0,5,1,0
223450467,山崎まさゆき,YMZKMSYK,,1984年兵庫県生まれの18歳。ストリートライブで活躍後、昨年10月にメジャーデビューを果たす。現在「愛のカタチ」が大ヒット中！ 公式インタビュー動画 http://t.co/DNoTz4X1v8 毎日20時頃『愛のカタチ』の歌詞をつぶやきます。,1336,1791,18,0,0,204354,0,1,0,223450467,1,bot,0.74609375,4.893445230114262e-06,152.84592370979806,123,8,0,0.0,6,1,0
275447294,David DeMaría,DavidDeMaria,,Papa de Leonardo. Otro que canta y compone o descompone...https://t.co/tHlO8KapmU,85052,787,296,27902,1,13874,0,0,0,275447294,0,human,107.93527918781726,2.011027027027027,0.16313357553525448,81,12,0,0.0,13,2,0
515256733,Enrico Thanhoffer,arch_MunicoT,"Lombardia, Italia",MUNICO THAN   #municothan,31841,33,32,165,0,3049,0,0,0,515256733,0,human,936.5294117647059,0.05442622950819672,0.09578544061302682,25,12,0,0.0,17,2,0
183398746,Converse,Converse,,Since 1908,1074529,30,2235,6192,1,9029,0,0,0,183398746,1,bot,34662.25806451613,0.6858250276854928,0.00840367416451844,10,8,0,0.0,8,1,1
4223529927,أحمد بن محمد الفجر,a_alfajr,الغاط,عضو مجلس إدارة جمعية فرسان الطرق.مهتم بالأوقاف والقطاع الثالث...,17966,331,3,82,0,3230,0,1,0,4223529927,1,bot,54.11746987951807,0.02568864128752708,0.17982968776089497,64,8,0,0.0,18,4,0
114484253,藤森慎吾(オリエンタルラジオ),chara317megane,,チャラっとペラペラな内容でつぶやきます！ インスタもやってます→ https://t.co/B9J3Wf4vDB  youtubeチャンネルは以下リンクから,1114561,183,8366,340,1,8370,0,1,0,114484253,0,human,6057.402173913043,0.040735873850197106,0.007510573660325761,78,14,3,0.21428571428571427,15,1,0
21824310,DAZ DILLINGER,DAZDILLINGER,"California, USA",PRODUCERS SEND BEATS TO DAZ AT DPGCBEATZ@GMAIL.COM IF U WANNA BE ON ANY OF MY UPCOMING PROJECTS I WILL GET BACK WITH YALL ASAP SO LET WORK IT OUT THANKS,120384,1414,815,105,1,14600,0,0,0,21824310,0,human,85.07773851590106,0.007259776727621396,0.121285874486024,152,12,0,0.0,13,2,0
16308920,Halifax News & Info,haligonia,Halifax Nova Scotia Canada,"Haligonia.ca. Often imitated, never duplicated. Breaking Halifax Nova Scotia news, weather and lifestyle-type stuff. Hello.",127458,30008,1016,422,0,118955,0,0,0,16308920,1,bot,4.247359125595654,0.0035559366488449513,0.933288351548341,123,9,0,0.0,19,4,0
606522136,Jim Weber,JimMWeber,"New York, NY",,75132,5111,927,26067,0,89846,0,0,0,606522136,0,human,14.697378716744915,0.29013767849789085,1.1958393781693797,0,9,0,0.0,9,2,0
310672436,ChelsTransfer,ChelsTransfer,,Stay up to the minute with the latest Chelsea news & breaking transfer gossip of #CFC & rivals across the globe / Business enquiries - chelstransfer@gmail.com,152786,1211,931,186,0,52324,0,0,0,310672436,0,human,126.06188118811882,0.003573817486860965,0.34247023634209717,158,13,0,0.0,13,1,1
19816812,Ben Hatch Novelist,BenHatch,Brighton,Author of R4 Book Of The Year The P45 Diaries #No1 bestseller Are We Nearly There Yet? Road To Rouen & A Million Dirty Robots. Loves bumbling & cheese. Remoaner,97777,65275,1206,33437,1,89169,0,0,0,19816812,0,human,1.4979165390036153,0.37499158909947294,0.9119638364458262,160,8,0,0.0,18,3,0
252196811,Q.Johnson,Crash_Kiid_Q,Staten Island / Kean U,Kean University Alumnus 👨🏾‍🎓IG:That_Boy_Que  SC:Crashkidq4 ΩΨΦ,868,562,4,153,0,70043,0,0,0,252196811,0,human,1.5435168738898757,0.002198618011535606,80.6029919447641,62,12,0,0.0,9,1,0
3053048142,Bɾaιan 🇺🇸,brrrraian07,New York,"Daɾkıєʟ Gaєʟ Vєɾa 👶🏻💙

 


















































🍁 Wιz Kнalιғa 🍁 💎 †υpac 💎 💫 Eʍineʍ 💫",1496,366,6,2044,0,40171,0,0,0,3053048142,0,human,4.079019073569483,0.05090610375385841,26.83500334001336,111,11,2,0.18181818181818182,9,2,0
15485441,jimmy fallon,jimmyfallon,"New York, New York",astrophysicist,50822404,8666,67777,568,1,11563,0,0,0,15485441,0,human,5863.898119303104,0.04920442753372536,0.0002275374414099451,14,11,0,0.0,12,2,0
97713882,Causing Fitna,CausingFitna,Kansas,"kaffir, I curse more than necessary.... Fitna happens here.",1945,4995,38,8481,0,16590,0,0,0,97713882,0,human,0.38951160928742995,0.5112410342957024,8.525693730729701,59,12,0,0.0,13,2,0
224084191,55smiling,55smiling,東京都渋谷区,"『人柄マッチングの転職支援　おむすびドットコム』を運営中！
●医療・福祉業界
●ITエンジニア
●20代、30代
●エグゼクティブ・経営幹部
などの転職支援を手がけています。
日本を笑顔で元気にすることが目標です♪",84980,81916,200,135,0,151314,0,1,0,224084191,1,bot,1.0374037135148992,0.0008987872980206853,1.7805744813546558,107,9,2,0.2222222222222222,9,1,1
1307913973,ちとせ＠起業系女子,girl_kigyo,,起業系女子。若くても女の子でもビジネスができる！何事も前向きに。元気が出る言葉とおすすめ情報をbotを使用しつつ流していきます♪名言系はディズニーが多いかも＾＾；相互フォロー大歓迎です。,949,1176,3,0,0,90574,0,1,0,1307913973,1,bot,0.8071367884451996,1.1040574109853712e-05,95.34210526315789,93,10,0,0.0,9,1,0
96448406,Gregg Sulkin,greggsulkin,,,1026770,3744,2706,10135,1,24237,0,0,0,96448406,0,human,274.1711615487316,0.41818631900321807,0.02360604263268051,0,11,0,0.0,12,2,0
22258315,GameStop,GameStop,"Grapevine, TX","Power to the Players. #GameStop -- For support, reach out to us at @GameStopHelp",1185864,480,6041,6580,1,36859,0,0,0,22258315,0,human,2465.4158004158003,0.17854042322300598,0.031082796102423125,80,8,0,0.0,8,1,1
100766356,dave lackie,davelackie,Canada,"Editor, Beauty Departure magazine & beauty on-air expert @Cityline with @thetracymoore website: https://t.co/BBnTfLKeV5",152558,5101,558,12834,1,207285,0,0,0,100766356,1,bot,29.901803214425716,0.06191928060746987,1.358726787669033,119,10,0,0.0,11,2,0
27948995,bn,loopx3,"Belo Horizonte, Minas Gerais",galaxy boys. reality is far away. liquid love,2054,526,109,58643,0,195813,0,0,0,27948995,0,human,3.8994307400379506,0.2994882899077696,95.28661800486618,45,6,1,0.16666666666666666,2,1,0
3352286357,BMHathaway,Charlie_Grampa,,"Father,husband,Grandfather to Violet,Marine Corps Veteran,Retired Educator, Liberal,Animal lover.",1026,1399,78,23686,0,25886,0,0,0,3352286357,0,human,0.7335714285714285,0.9150152586240198,25.206426484907496,97,14,0,0.0,10,1,0
27737579,Blog do Torcedor,blogdotorcedor,"Pernambuco, Brasil",Futebol pernambucano em tempo real e informações do esporte no Brasil e no mundo. Blog do @PortalNE10,158859,357,370,481,0,148758,0,0,0,27737579,1,bot,443.74301675977654,0.0032401400923641596,0.9364157119476268,101,14,0,0.0,16,3,0
491090439,﮼وطــن،النـهـــار ♡,mobile_81, #kuwait,❥ اللهم إنگ عفو تحِب العفو فاعفُ عنا,924409,636411,1005,317,0,169981,0,1,0,491090439,1,bot,1.4525338931384073,0.001870786318551376,0.1838816109734858,36,9,2,0.2222222222222222,19,2,0
822903103070601216,Darren Anthony,DJ_Dee,"Solihull, England",enquiries@darrenanthony.co.uk My Twitter is now @DJDarrenAnthony Producer & DJ. I make music & play other people's music.,7,2,0,5,0,1,0,1,0,822903103070601216,0,human,2.6666666666666665,3.0,0.25,121,6,0,0.0,14,2,0
2492489580,【公式】ブレイブ フロンティア,brave_pr,,スマートフォン向け本格RPG『ブレイブ フロンティア』シリーズの公式アカウントです。 サービスやゲーム内容に関するお問い合わせにつきましては、support-brave@a-lim.co.jpまでご連絡をお願いいたします。,99102,35,438,5,1,12109,0,0,0,2492489580,0,human,2752.8611111111113,0.000495458298926507,0.12219609900810269,111,8,0,0.0,15,2,0
71478395,ひなた_sk,hinata_sk,痛みの上に生きていくよ,ゲーム、SHT、WJ(本誌)など。ハルちゃんオタなのでルパパト楽しい！/成人済/放送日・発売日過ぎたらネタバレ可能性あり/実況します/信者:KH、忍殺、ネヴァジスタ、望月淳、九龍皆守、ロンパ2狛枝、TRUMPシリーズ、RL&キンプリ速水ヒロ、ハイロー、EXILE TAKAHIRO,934,926,88,84456,0,211354,0,0,0,71478395,1,bot,1.0086299892125135,0.3995978330297367,226.048128342246,140,9,0,0.0,6,1,0
1453275032,Beer Alien,BeerAlien,"San Diego, Ca","Come join the aliens and check out the beer that planet Earth has to offer, one brewery at a time (Must be 21+ to Follow) https://t.co/cgVM8hyKXZ",1290,1204,107,1016,0,16290,0,0,0,1453275032,1,bot,1.071369294605809,0.06242710699159045,12.618900077459333,145,9,0,0.0,10,2,0
2391232105,Mark Tuan,mtuan93,,,4626858,54,6036,26,1,498,0,1,0,2391232105,0,human,84124.70909090909,0.05410821643286573,0.00010784854260741466,0,7,2,0.2857142857142857,9,2,0
1056580334,lontiaa,Alontiax0_,"Connecticut, USA","thank u, next.",1236,995,2,17200,0,51766,0,0,0,1056580334,0,human,1.2419678714859437,0.3322773195278846,41.84882780921585,14,10,1,0.1,7,1,0
2811559122,CNN Philippines,cnnphilippines,,We tell the story of the Filipino,388806,353,1735,55,1,319355,0,0,0,2811559122,1,bot,1098.3248587570622,0.0001753528977066346,0.8213741007749346,33,14,0,0.0,15,2,0
437512036,Jay,huskymask,Republic of the Philippines,"JANE ❤ MORISSETTE 
👊Du30 🏀LeBron",6476,526,6,10991,0,40632,0,1,0,437512036,1,bot,12.290322580645162,0.27051903625132284,6.273429056662035,32,9,0,0.0,3,1,0
316465945,South Park,funnyquad,,"If they asked me, I would do anything for the 'South Park' guys.",1005,1819,14,0,0,74367,0,0,0,316465945,1,bot,0.5527472527472528,1.3446643717728056e-05,73.92445328031809,64,9,0,0.0,10,2,0
93547054,池乃こいし,369doughnut,隙間,子どもが喜ぶ栄養満点しかけ絵本,1329,398,84,122962,0,63518,0,0,0,93547054,1,bot,3.3333333333333335,1.9358459673483526,47.758646616541355,15,11,3,0.2727272727272727,5,1,0
14230524,Lady Gaga,ladygaga,,,77668147,125584,224105,1989,1,8932,0,0,0,14230524,0,human,618.4508340964287,0.22276950632486286,0.0001150149737058234,0,8,0,0.0,9,2,0
3258575329,ドライマティーニ,1dryhk,,"JK＊世界の素敵な絶景をつぶやきます
よろしくお願いします(∩´∀｀＠)⊃
ＲＴも[＾ェ＾] ｡♥｡･ﾟ♡ﾟ･｡♥｡･ﾟ♡ﾟ･｡♥｡！",14573,4113,1,0,0,2188,0,0,0,3258575329,0,human,3.5425376762275156,0.00045682960255824577,0.15019898449293262,67,6,1,0.16666666666666666,8,1,0
2296602492,Boobs VIP™,BoobsVIP,,Erotic pics. No porn! No dicks! Need promo??? DM @pollaprenadora        https://t.co/UxcmiBA7PZ              https://t.co/Aer7PlerD3,186273,507,552,50,0,99294,0,0,0,2296602492,1,bot,366.68110236220474,0.0005136210282491565,0.5330588273188959,132,8,0,0.0,10,2,0
2990728971,Floraa🌸,barbieriflor1,,Tomatito NiñaBien #5,1216,876,7,11199,0,115009,0,0,0,2990728971,0,human,1.387685290763968,0.09738283627510651,94.50287592440428,20,13,1,0.07692307692307693,7,1,0
1067293951,Andresa,andresarodr,,"“Imprudente ofício este, de viver em voz alta.” (Rubem Braga)",1037,844,1,5932,0,27779,0,0,0,1067293951,0,human,1.2284023668639052,0.21357091432685385,26.76300578034682,61,11,0,0.0,7,1,0
252875977,B Tha One 🎙,BthaOne,ATX✈️CALI✈️,"Music is my life. (Snap, Insta, Soundcloud: Bthaone) “In Love” Official video out now: https://t.co/RIEQZUPAgS #InLove",19852,19219,195,8572,0,2810,0,0,0,252875977,0,human,1.0329344432882415,3.0498043400924937,0.14159069158313606,118,7,0,0.0,11,4,0
2199226404,Britney Ayo✨,BritneyAyo,"NGR, LDN",Nutritionist • Realist • Life Coach,113442,29175,296,209,0,211126,0,0,0,2199226404,1,bot,3.8882300520976143,0.0009946619807035576,1.861084421251201,35,10,0,0.0,12,2,0
49375859,Deepender S Hooda,DeependerSHooda,,"Fighting for Good | Member of Parliament(Rohtak-3rd term) | Special Invitee, CWC | Whip of @INCIndia, Lok Sabha | Spokesperson, INC | Poling Chair @KelleySchool",210140,838,342,6177,1,6470,0,0,0,49375859,0,human,250.46603098927295,0.9547210632050688,0.030793610004711123,160,15,0,0.0,17,3,0
2674885669,CrowdTSpa,CrowdTSpa,Worldwide,Design High Quality Screen Printed #Tees for Your #Spa Zero Risk. Zero Upfront Cost. We Directly Ship to Your Customers. You Keep The Profits,44371,111658,477,14,0,14046,0,1,0,2674885669,0,human,0.39738847741785255,0.0010678436676870506,0.31657351482917157,141,9,0,0.0,9,1,1
343513597,Ariana,ArianaPombal,Quilmes,Club Atlético Independiente.,938,264,5,6131,0,72110,0,0,0,343513597,0,human,3.543396226415094,0.08503557016266589,76.79552715654953,28,12,0,0.0,6,1,0
2787157306,shon,dashonsarratt,,,1096,649,4,27921,0,58357,0,1,0,2787157306,0,human,1.6876923076923076,0.4784605366873436,53.19781221513218,0,13,0,0.0,4,1,0
2186735394,N🧡,aniyaShynte,,sc: itsniyyy,1411,996,0,3355,0,40691,0,1,0,2186735394,0,human,1.416248746238716,0.0824732134080409,28.81869688385269,12,11,0,0.0,2,1,0
38652395,Bea Binene,beabinene,I'm livin' in my own world. ,"Celeb x MNL || A work in progress || 
Always dream, always wander. || INSTAGRAM: @beabinene

work with me: beabineneinquiry@gmail.com :)",1205921,426,1146,13,0,28449,0,0,0,38652395,0,human,2824.1733021077284,0.000492091388400703,0.02359190727095119,136,9,0,0.0,10,2,0
1676542927,alexis,alexxisjewel,"college station, tx",• mark •,1712,508,8,24261,0,33409,0,0,0,1676542927,0,human,3.3654223968565815,0.7261897635438491,19.50379451255108,8,12,0,0.0,6,1,0
1344893804,Barba Roja OG👳🏽🦁,anfernee37,"Milwaukee, Wisconsin",in love with my princess 👸🏾💜🍇/ En mi mesa comerán los que pasaron hambre conmigo / Las Legiones 👹🤘🏽💯 / #LaAsociacionDeLos90Piketes #LosOG,1068,0,21,18571,0,139141,0,1,0,1344893804,0,human,1069.0,0.13347515487775077,130.16089803554723,137,10,2,0.2,16,3,0
167118683,lili vai cantar,calabocaglauber,Recife - Pe,"O mundo é um lugar de destruição, por isso quando achar uma porção de felicidade agarre-se a ela. / Estudante de Nutrição
insta: calabocaglauber",1014,632,16,1316,0,98659,0,0,0,167118683,0,human,1.60347551342812,0.01334887492398135,97.20197044334975,144,15,0,0.0,15,3,0
174214130,iek,iekiek1984,岡山県大阪市,iekと書いて「けい」と読んでください。ツイート内容はサッカーだったり音楽だったり競馬だったり雑多。モットーは「浅く広く」。スタンスは「永遠のぬるサポ」。晴れの国出身。ファジアーノ岡山は我がクラブ。コミュサカ通り名は「岡山のポッポマスター」,1340,1483,57,4112,0,148048,0,1,0,174214130,1,bot,0.9036388140161725,0.0277813426635776,110.40193885160328,120,10,4,0.4,3,1,0
2165381052,Gayl Wright,GaylWright,"Sunset, SC","Christian, wife, mother of 7, grandmother of 14, seeker of truth looking for beauty in the ordinary. Musician, poet, artist, photographer, blogger.",2436,1124,76,8268,0,8603,0,0,0,2165381052,1,bot,2.1662222222222223,0.9610646211064621,3.53057037340993,147,10,0,0.0,11,2,0
2899662597,مسلمة مغربية وافتخر,aicha77maroc,بلدي الحبيب المغرب,اللهم ارزقني حسن الخاتمة,941,690,4,5766,0,121020,0,1,0,2899662597,1,bot,1.3632416787264834,0.047652886689087015,128.4723991507431,24,12,2,0.16666666666666666,19,3,0
387844724,Aimée SAYAH إيميه الصيّاح,AimeeSayah,Lebanon,Actress & TV Host // ممثّلة ومقدّمة برامج                                  https://t.co/kYpYgfq62p,152388,326,148,16597,1,13954,0,1,0,387844724,0,human,466.0214067278287,1.1893944822644213,0.09157485120317083,98,10,0,0.0,25,4,0
587381681,لا اله الا الله,osm20009,KSA,هذا الحساب صدقه جاريه عني وعن شخص عزيز على قلبي,898,2,3,1,0,31837,0,1,0,587381681,1,bot,299.6666666666667,6.281801620704818e-05,35.414905450500555,47,8,5,0.625,15,4,0
114860704,AK Parti Ankara,AkpartiAnkara,Ankara,AK Parti Ankara İl Başkanlığı Resmi Twitter Hesabı.,170457,149,198,3612,1,12698,0,0,0,114860704,0,human,1136.3866666666668,0.28451059138514845,0.07449929014771968,51,13,0,0.0,15,3,0
2610663146,‏عبدالإله بن عباس,a_a_3tb,"الرياض, المملكة العربية السعودية",✨( لا إله إلا أنت سبحانك إني كنت من الظالمين )✨,111037,313,77,271,0,2957,0,1,0,2610663146,0,human,353.62420382165607,0.09195402298850575,0.02663952880995695,47,7,1,0.14285714285714285,17,3,0
4847874809,Boston Deal Finder,BOS_DealFinder,"Boston, MA","Finding and #Tweeting the best #deals, #events and #specials from the #Boston area! (Follow us to learn how to post your own DealFinder deal!) @stojkovic_alex",8582,5410,172,114203,0,75921,0,0,0,4847874809,1,bot,1.5862132692663093,1.5042280234978003,8.845625072818361,158,14,0,0.0,18,3,0
2298803394,吹いたら駄目よ。笑えるもの集めました,ikinuki_warai,,吹いたら負け。笑えるもの集めました。一勝負いかがですか？,984,911,2,0,0,59724,0,1,0,2298803394,1,bot,1.0800438596491229,1.674340728338217e-05,60.63451776649746,28,13,0,0.0,18,1,0
6781802,B Carter,Bcarter,"Green Bay, WI",I am a mom and reseller. In my spare time I hold down a full time job.,879,1147,10,17,0,1006,0,0,0,6781802,1,bot,0.7665505226480837,0.01787487586891758,1.1443181818181818,70,7,0,0.0,8,2,0
5611312,Katuhisa Uramoto,uramoty,,,901,1394,6,4,0,11498,0,0,0,5611312,1,bot,0.646594982078853,0.0004348204191668841,12.748337028824833,0,7,0,0.0,16,2,0
306701131,Marina.,RememberLove_,"Jaén, Andalucía",Appreciating the beauty of another person doesn't imply the absence of your own beauty.   UJ 1/3 💗  Purpose Tour 23/11/2016 💗,809,707,11,5765,0,32989,0,0,0,306701131,1,bot,1.1440677966101696,0.17478023643528343,40.72839506172839,125,13,0,0.0,7,1,0
705936076565815297,🌹همسة ورد🌹,dal3666000,جده اهل الرخاء وشده,"‏‏%‏استغفرالله.واتوب إليه%
عاااالميه.وافتخر%",801,1269,0,2563,0,1191,0,1,0,705936076565815297,0,human,0.631496062992126,2.151006711409396,1.486284289276808,44,10,7,0.7,10,2,0
1031752122,🤷🏽‍♀️,DanielleBroom,,,930,368,11,4444,0,20294,0,1,0,1031752122,0,human,2.5230352303523036,0.21901946292190194,21.799140708915147,0,13,0,0.0,5,1,0
597878828,صدقة جارية اذكر الله,3boooodOn, اللهم صل وسلم على رسول الله ,ل عبدالله وعيسى وجميع المسلمين الأموات منهم و الأحياء نسأل الله القبول والرحمه والمغفرة لهم ولنا,90453,87694,34,387,0,16564,0,1,0,597878828,0,human,1.0314613147841951,0.023422879565348626,0.18313175757843767,96,9,1,0.1111111111111111,20,4,0
456361810,Hertz Nazaire,NazHz,"Bridgeport, CT","artist / painter :: nazaire :: seeking patrons of the arts support to continue to my artistic development.
send a canvas to nazaire http://t.co/j8wRI7MCno",51,192,6,116,0,281,0,1,0,456361810,0,human,0.2694300518134715,0.4148936170212766,5.423076923076923,155,5,0,0.0,13,2,0
2550897515,✿ Jenna ✿,Clifforduslut, ♡・。。・❀・。。・♡,These bands have ruined my life in such a good way,867,1101,0,19192,0,23966,0,1,0,2550897515,0,human,0.7876588021778584,0.8008094463220261,27.611751152073733,50,13,0,0.0,9,3,0
1112088823,Belgrano,Belgrano,"Córdoba, Argentina","Twitter Oficial del Club Atlético Belgrano.
Asociación Civil fundada el 19 de marzo de 1905.
Alberdi, Córdoba, Argentina.",232841,301,366,1410,1,45655,0,0,0,1112088823,0,human,771.0,0.030905028911862625,0.19608146296630333,123,8,0,0.0,8,1,1
481055005,Serein,agusmsunjaya,Bumi اللَّهِ ,"Pengajar Fisika dan Sains. 
Jatuh cinta pada astronomi,  kopi, dan puisi. 
Haiku?  Itu pasti. 
Mau tau apalagi? 
Anda bebas untuk follow atau unfollow saya.",1514,342,7,1094,0,14328,0,0,0,481055005,0,human,4.4169096209912535,0.07641845209016679,9.458085808580858,156,12,0,0.0,6,1,0
244230312,مال وأعمال,MoneyAffairs,المستشار المالي: أحمد المجلي,حساب يهتم بالأخبار الاقتصادية وعالم المال والاعمال والاسهم العالمية والعربيّة وتحليلات أساسية وفنية وتقارير حصرية مالية واقتصادية,959877,0,635,5499,0,41604,0,1,0,244230312,1,bot,959878.0,0.1321956495613508,0.043344049973017405,129,12,0,0.0,10,2,0
54476445,Bangkok Bacon ❄,baconbkk,"Bangkok, Thailand","ᴘᴏʀᴄɪɴᴇ ʀᴇꜰᴜɢᴇᴇ ɪɴ ʙᴀɴɢᴋᴏᴋ ᴡɪᴛʜ ᴢᴇʀᴏ ʀɪɢʜᴛꜱ ɪɴ ᴀ ɴᴏɴ ᴘᴄ ᴄᴏᴜɴᴛʀʏ ᴀɴᴅ ʟᴏᴠɪɴ ɪᴛ. ɪ ᴇᴀᴛ, ᴄʏᴄʟᴇ ᴀɴᴅ ꜱᴜᴘᴘᴏʀᴛ ʙɪᴛᴄᴏɪɴ/ɴᴇᴍ.ʟᴏᴡʙᴏʀɴ ᴀɴᴅ collapsitarian.",45526,32107,327,77649,0,100611,0,0,0,54476445,0,human,1.4179332253643953,0.7717767264342226,2.2099413534825487,142,8,0,0.0,15,3,0
332598424,BurroSutil,BurroSutil,#CDMX | #MéxicoLindo,"#YoSoyVenezolano y #Colombiano 🇻🇪& 🇨🇴#Disidente | #CADSD | Con las Damas, Sutil | Podrás seguirme; pero nunca alcanzarme. Vivo en la #CDMX #México 🇲🇽 NoDM",91113,100258,139,64965,0,182649,0,0,0,332598424,1,bot,0.9087862436290008,0.3556857377497947,2.004631560462717,154,10,0,0.0,10,1,1
189928814,ELİF GÜVENDİK,guvendikelif,İstanbul,İnstagram: elif.guvendik,92782,760,243,3850,0,37714,0,0,0,189928814,0,human,121.92247043363994,0.10210791462282912,0.40648610197988855,24,12,0,0.0,13,2,0
3304160639,Bruno,coebrunin,"Rio de Janeiro, Brasil","@eumesmalayla ❤
Snap: Brunodsilvaa",1118,498,4,6455,0,68390,0,1,0,3304160639,0,human,2.2424849699398797,0.09439838575251129,61.11796246648794,34,9,0,0.0,5,1,0
410805170,Luna🌸,Andreag11_,,,1262,253,3,5191,0,16683,0,0,0,410805170,0,human,4.97244094488189,0.3111963557899784,13.209817893903404,0,10,2,0.2,5,1,0
147146101,てっぺい,figppei,アジムステップ,てっぺいです  最近ハマったの→ザック・エフロン/猫/Bethesda/忍殺/FGO  つぶやくのもやってるのもFF14が9割です,1143,1655,76,421607,0,413119,0,0,0,147146101,1,bot,0.6908212560386473,1.0205460883036406,361.1188811188811,65,7,0,0.0,4,1,0
159084041,珈琲パウエル,coffee_powell,埼玉県久喜市久喜中央４－１－４,提灯祭通の片隅にある喫茶店です。毎日焙煎しています。BGMは５０年代のジャズです。珈琲とジャズがますます好きになりました。 営業時間：１２時～１７時　定休：木、金☆HPとTwitterに営業予定を掲載しています。 電話：0480－21－3224,1302,748,90,4300,0,324844,0,1,0,159084041,0,human,1.739652870493992,0.01324016069202235,249.3054489639294,122,13,0,0.0,6,1,0
2361460850,Marii Santana 💤,BiieberMariii,"Salvador, Bahia",I am Belieber ♡  Libriana♎ Namorando💍,923,2109,0,1239,0,2888,0,0,0,2361460850,0,human,0.437914691943128,0.4292142609899619,3.1266233766233764,37,13,0,0.0,15,3,0
351331309,آمِـيـنُـہٌᴬ .. ♡,Amina_janahi,البحرين ، الرفاع الشرقي ,🇧🇭🇦🇪🇸🇦,967,147,6,1235,0,34733,0,0,0,351331309,0,human,6.54054054054054,0.03558472965969943,35.88223140495868,6,12,0,0.0,17,3,0
534745299,أبو محمد,alnaif1199,الرياض,,1171,172,15,13154,0,111859,0,1,0,534745299,1,bot,6.77456647398844,0.11760236009297335,95.44368600682594,0,10,4,0.4,8,2,0
177581534,Fahri Bozgeyik,fahribozgeyik27,Ankara,"Muhsin Başkan'ın Heddam'ı..• @yavuzagiraliog'nun gardaşı.. •
Müebbed Ülkücü • Güce râm olmayacağız! • #MansurYavaşGelecek • 

Bir Gün Mutlaka..",319136,2164,101,10233,0,8981,0,0,0,177581534,0,human,147.40739030023096,1.139389890892897,0.028144652610007613,143,15,2,0.13333333333333333,14,2,0
747958680386179072,accs in bio.,alltheamourhs,,ffs to 1. @harrysmrvel 2. @buckysalute 3. @fljghtlessbirds and thanks :),31,22,1,81,0,1488,0,1,0,747958680386179072,1,bot,1.391304347826087,0.055070517125587644,46.53125,72,13,0,0.0,12,3,0
23573083,العربية عاجل,AlArabiya_Brk,Dubai,خدمة #العربية للأخبار العاجلة,17764858,37,16113,0,1,98890,0,0,0,23573083,1,bot,467496.2894736842,1.011214367333731e-05,0.005566663940310475,29,13,0,0.0,12,2,0
605805760,Outlook,Outlook,"Redmond, WA",Stay on top of what matters with Microsoft Outlook.,1091522,752,3487,572,1,97593,0,0,0,605805760,1,bot,1449.565737051793,0.005871262577617477,0.08941085071042937,51,7,0,0.0,7,1,1
20812193,CTV Edmonton,ctvedmonton,"Edmonton, Alberta, Canada",Breaking news headlines & weather updates from North central Alberta's most comprehensive local news and information source on-air and online.,181801,1019,1324,176,1,120442,0,0,0,20812193,1,bot,178.2372549019608,0.0014695748196242207,0.6624954620961265,142,11,0,0.0,12,2,0
931174645,درر الكلام,drr_alklaam,,درر الكلام حساب يحاول جمع أفضل الاقوال والحكم والاشعار,1014927,970634,832,557,0,94230,0,1,0,931174645,1,bot,1.0456330134396554,0.005921618151139222,0.09284500969526903,54,11,0,0.0,10,2,0
588630461,Alain Frey,AlainFrey,"Zürich, Schweiz",,47451,103744,36,39783,0,1675,0,0,0,588630461,0,human,0.45739071762494576,23.73747016706444,0.03531990221697716,0,9,0,0.0,10,2,0
768727279673499648,HuaweiDevice,HuaweiDevice,,We Love Technology Innovations!,1083,17,3,4,0,83,0,0,0,768727279673499648,1,bot,60.22222222222222,0.05952380952380952,0.07749077490774908,31,12,0,0.0,12,1,1
346146611,الـجـنـرال مـايـكـل,9F7teee,الكويت,مو فاضي احط بايو,79237,531,55,2593,0,93947,0,1,0,346146611,0,human,148.9436090225564,0.02761101886149785,1.1856432519750624,16,7,2,0.2857142857142857,19,2,0
26327095,Chelsea Briggs,Chelsea_Briggs,"Los Angeles, CA",On-air host @Billboard & you can listen to me on @971AMPRadio every morning (Mon- Fri 6am-10am) + original founder of @Hollywire,98879,2752,566,47673,1,25991,0,0,0,26327095,0,human,35.91718125681075,1.8341797476146506,0.26286407766990294,128,14,0,0.0,14,2,0
21247989,Chilombo,JheneAiko,Los Angeles,,1643422,1,3714,23585,1,435,0,0,0,21247989,0,human,821711.5,54.096330275229356,0.00026529992582554826,0,9,0,0.0,8,1,0
547698997,James Forde,JamesForde96,"England, London.",22. I would rather be hated for who I am than loved for who I am not | 🤷🏼‍♂️ | ☘️ |,91228,1192,169,27743,1,59620,0,0,0,547698997,0,human,76.47024308466052,0.46533939383774175,0.6535312236240669,83,12,2,0.16666666666666666,11,2,0
709807650,ѕнαн∂,305_shahd,,‏أجد أن العفو والمغفرة قوة ، وأن الهزيمة هي القسوة ، أشعر أن اللين سر الثبات ، وأن الانتصار الكبير الذي يجب أن تظفر به من الحياة هو إنسانيتك لا عاداتك,712,1653,3,47,0,54480,0,1,0,709807650,1,bot,0.43107617896009676,0.0008810410968961656,76.4109396914446,150,9,3,0.3333333333333333,5,1,0
3241838887,アニメ・ゲーム総合｜なまけものぽーたる,games_nmp,,フォロワーを増やしたい人へ。@games_nmpをフォロー後、このアカウントの「フォローされている」方をフォローしてください。このアカウントをフォローされた方は、一週間以内にリフォローします。#sougofollow #followme #followback #followall #refollow #相互フォロー,790,1014,58,0,0,428725,0,1,0,3241838887,1,bot,0.7793103448275862,2.3324920811893844e-06,542.0050568900126,159,9,0,0.0,19,1,0
20641995,Mario Lopez,MarioLopezExtra,"Los Angeles, California",Gia & Dominic’s dad...,1398859,360,4837,46351,1,25529,0,1,0,20641995,0,human,3874.9584487534626,1.8155895025460242,0.018250575468595858,22,15,0,0.0,11,2,0
2370095387,Clara,Jetblackxmuke,,"⠀⠀⠀❝We are the kings and the queens, ⠀⠀⠀⠀⠀⠀⠀⠀of the new broken scene❞ ⠀ ⠀",73347,0,187,3610,0,1959,0,1,0,2370095387,0,human,73348.0,1.8423469387755103,0.026721928341604407,73,13,0,0.0,5,1,0
389416968,ashish sarangi,ashishsarangi,"कलिंग, भारत","History/Culture/Traditions/Language/Heritage/SoloTraveller. @kalingadiaries 
Reach me at-: sarangiashish854@gmail.com
Blogger: https://t.co/QlByL5tk1F",2675,588,119,65422,0,37648,0,1,0,389416968,0,human,4.5432937181663835,1.737708836888098,14.069133034379671,150,13,0,0.0,14,2,0
135069164,ときるき,tokiruki_akiru,ハテノ村,関ちゃんなつきちPの主さま騎空士のダイアロス島民（E鯖弓師）✿雑多なアカウントなので時折ゲームで騒がしいです✿支部・Twitter企画用アカウント【@akiru_kkk】,1244,602,95,16239,0,238375,0,0,0,135069164,1,bot,2.0646766169154227,0.06812766385877773,191.46666666666667,85,14,0,0.0,4,1,0
20429858,CDU Deutschlands,CDU,Berlin,Die #CDU ist die Volkspartei der Mitte. Seit 1945. - Redaktion: https://t.co/5uW0YgzHvo Impressum: https://t.co/AoefcbGyX1,273352,1252,1767,4642,1,16064,0,0,0,20429858,1,bot,218.15881883479648,0.2890133831310302,0.05877016165910014,122,3,0,0.0,16,2,0
807219840125726721,زعيم آسيا,mol_ksa,المملكة العربية السعودية,,482,191,0,15,0,377,0,1,0,807219840125726721,1,bot,2.515625,0.042328042328042326,0.782608695652174,0,7,0,0.0,9,2,0
217437781,Ciely Barateiro,CielyBarateiro,João Câmara -RN,"Quando eu me pergunto quem sou eu, sou o que pergunta ou o que não sabe a resposta!",1055,915,0,39,0,6426,0,0,0,217437781,0,human,1.1528384279475983,0.006223743581764431,6.086174242424242,83,14,0,0.0,15,2,0
4185111,Bill Flitter,bflitter,San Francisco Bay Area,Discuss #cars #basketball | Dad | work @carjojocorp | @Packers fan/owner | High school #basketball #coach | Love great #coffee,925,543,306,19,0,8757,0,0,0,4185111,1,bot,1.7022058823529411,0.0022836263987211693,9.457883369330453,126,8,0,0.0,12,2,0
564109899,hope,hopecarlimarie,ksu ‘21,laughing till our ribs get tough,945,595,10,17762,0,21937,0,0,0,564109899,1,bot,1.587248322147651,0.8096909472148783,23.19027484143763,32,14,0,0.0,4,1,0
6776102,Con-Café,concafe,"Caracas, Venezuela","Blog de tecnología móvil, telecomunicaciones y operadores desde Venezuela. Hugo Londoño @huguito",167265,2536,1261,1315,0,30516,0,0,0,6776102,1,bot,65.93062672447773,0.04312350493167742,0.18244592445565747,96,7,0,0.0,8,1,0
254115362,Faryd Mondragon,FarydMondragon,"Cali, Colombia",,1050078,125,1194,3,1,3721,0,0,0,254115362,0,human,8333.960317460318,0.0010746910263299302,0.0035444952236926936,0,14,0,0.0,15,2,0
49727721,Librerías Gandhi,LibreriasGandhi,México,"Horario de atención en nuestras redes sociales, lunes a viernes de 10 a 19 horas. Servicio y atención al cliente, 2625-0606 https://t.co/5OHToEhc55",1655388,32,3256,4743,0,19711,0,0,0,49727721,1,bot,50163.30303030303,0.24066558441558442,0.011907775151339051,147,15,0,0.0,16,2,0
555203372,Magic Fan Zone,Magic_FZ,,Join us in the zone. Follow now if you're a REAL #Magic fan!,1507,2320,30,36,0,13953,0,0,0,555203372,1,bot,0.6497199482981474,0.0026515694424537766,9.253315649867375,60,8,0,0.0,14,3,0
972532340,Amazing Facts 4 You,AFacts4You,,Official Twitter account of http://t.co/1r6HAybmgE,1062,1420,15,4853,0,19210,0,1,0,972532340,1,bot,0.7480647431386348,0.2526677424392275,18.072436500470367,50,10,1,0.1,19,4,0
1424567636,R A F A,iRafaRodriguez,"San Fernando, Argentina",18 | Escéptico | Palo Diaz ❤ | Artes Marciales Mixtas INCA. ☠👊,82617,48477,340,85305,0,60068,0,0,0,1424567636,1,bot,1.704236973472503,1.420133513126571,0.7270691616838946,62,14,0,0.0,7,4,0
490444549,Hell On Heels,HellOnHeelsGirl,The Queen of Boston,"Yeah, but I do it backwards, & in high heels - Ginger Rogers. Boston sports. Esq. Hair flipping & prancing. Vodka soda. Facetiously swaggy. 📸hellonheelsgirl",91693,5335,277,183655,0,45651,0,0,0,490444549,1,bot,17.184032983508246,4.022956277928678,0.49787336139769234,156,15,0,0.0,13,3,0
601341785,Claro Te Ayuda,ClaroTeAyuda,Colombia,Bienvenidos al canal de ayuda y soporte de Claro Colombia. Trabajamos todos los días para llenar sus vidas de todo lo que quieren.😊♥️,126570,54593,220,3246,1,603040,0,0,0,601341785,1,bot,2.31840495292523,0.00538437684999859,4.76444841235354,133,12,0,0.0,14,3,0
2752601,Jay Gatties,jaygatties,"Dowagiac, MI","Owner - J.T. Weedman Consulting. Husband, father, papa, #juggalo, cannabis advocate, sports nut, libertarian Democrat & @Pokegnek citizen. #coyw #vamosboca",46683,34514,144,3695,0,52455,0,0,0,2752601,1,bot,1.3525713457916848,0.07045905139545523,1.1236397909347957,155,10,0,0.0,11,2,0
819685194,Adam (Edge) Copeland,EdgeRatedR,The Mountains,I'm dad to Lyric & Ruby. I used to wear tights on your tv. Now I say words on your tv. I smile a lot. Instagram:edgeratedr FB:EdgeWWE,1152248,547,2939,3543,1,6154,0,0,0,819685194,0,human,2102.644160583942,0.5757920389926888,0.005341727352334434,133,10,0,0.0,20,3,0
4113621027,Voice of LA,DailyQuestionB,,Welcome! This is a fully automated account dedicated to gathering the voices of Los Angeles City. No responsibility taken for accounts followed/tweets tweeted.,737,495,1050,43,0,143657,0,1,0,4113621027,1,bot,1.4879032258064515,0.0003062829776274207,194.65853658536585,159,14,0,0.0,11,3,0
225206811,PINTA-T SPRAY PAINT,PINTATSPRAYP,SAN ANTONIO DE LOS ALTOS,"Spray Pinta T.
VIDEO de Venevisión
http://t.co/y2ZBiPc0kO
 http://t.co/daIhxKG2uJ
 http://t.co/GfLVY5eQJ6.
http://t.co/SHS7iaxaZ4",2228,1756,14,245,0,336513,0,0,0,225206811,1,bot,1.2686397268070575,0.0007310245636139953,150.97083894122926,134,12,0,0.0,19,3,0
240629853,Ashish J. Thakkar,AshishJThakkar,#Africa,"Refugee, School dropout, Entrepreneur, Astronaut, Philanthropist & now Author - I am still work in progress - Founder Mara",311059,948,357,5670,1,6116,0,0,0,240629853,0,human,327.77660695468916,0.9270884420467549,0.019665016395550697,122,14,0,0.0,17,3,0
3405310937,rαвeeα rαмαdαɴ,rrabeea78,"القاهرة, مصر","22 years old, Faculty of Arts Sociology #Cairo_University, 3rd year AlAhly RealMadrid Graphic Designer

 https://t.co/GrutqmlrF6",600,1290,0,2545,0,13512,0,0,0,3405310937,1,bot,0.46553059643687067,0.1884111596240657,22.484193011647253,128,9,2,0.2222222222222222,14,2,0
148759599,Pelacho,AndresPellacini,Guayaquil ,Hincha de River desde siempre. Director y productor Ejecutivo. Contenidos audiovisuales y Marketing,139991,81,159,133,0,18736,0,0,0,148759599,0,human,1707.219512195122,0.0071516251267545496,0.1338433624778559,99,15,0,0.0,7,1,0
2430914192,wayne martin ★*¨`*•♫,AnalogueChurch,Queensland Australia XD,"Taking It To The Top...500000Watts of Pure Martin and Turbo,Cerwin Vega Soundwalls.,. (https://t.co/qX2dSptJHQ)",40341,39979,48,4682,0,18357,0,1,0,2430914192,0,human,1.0090545272636318,0.25509314740167777,0.45505924346834564,111,14,0,0.0,20,3,0
2478183882,İnternet Haberleri,ihajans,Türkiye,Son Dakika İnternet Haberleri,15940,183,10,0,0,85433,0,0,0,2478183882,0,human,86.63586956521739,1.1704941826439122e-05,5.35938774229973,29,7,0,0.0,18,2,0
495433160,ㄊ,_dauzuki,,"Travel well, work less 🇲🇾",2752,660,12,325,0,126569,0,0,0,495433160,0,human,4.164901664145234,0.0025756498380342893,45.97529967308391,25,8,0,0.0,1,1,0
248226004,Ben Torres,BenTorresMusic,"Orlando, FL",Lover of everyone,928,885,19,9845,0,3324,0,0,0,248226004,0,human,1.0485327313769752,2.961203007518797,3.5791173304628634,17,14,0,0.0,10,2,0
464353156,Biα ♐️,Biia_Amaraal1,Artur Nogueira,👻 bia.amarall/ ♐️,912,439,0,1594,0,30501,0,0,0,464353156,0,human,2.075,0.05229165300636024,33.40854326396495,17,13,1,0.07692307692307693,6,2,0
85270883,AlsumariaTV-السومرية,alsumariatv,Baghdad - Iraq,"قناة السومرية منبر لصوت كل مواطن عراقي كما يقول شعارها  - نبث الحياة -  
تواصلوا معنا دائما @Alsumariatv وحملوا تطبيق السومرية http://t.co/iJJuCyEbzA",2855461,562,525,131,1,58850,0,0,0,85270883,1,bot,5071.868561278863,0.002242952541163277,0.0206099748482032,150,11,0,0.0,20,1,0
403357870,Nihat Doğan,NihatDoganVevo,,"Memleketin koyununa aşık Veliler içinde deli, deliler içinde Veli. Biz bir aynayız kim bize Nasıl bakarsa bizde kendisini öyle görür. G.S kongre üyesi",487293,718,752,36628,1,27572,0,0,0,403357870,0,human,677.7385257301808,1.3284372393283284,0.05658391032928786,150,14,0,0.0,11,2,0
624517612,Incredible!ndia,incredibleindia,,Find the incredible you #IncredibleIndia,2150423,84,936,3606,1,10368,0,0,0,624517612,0,human,25299.105882352942,0.3478638248625711,0.004821839786014293,40,15,0,0.0,15,1,0
120538744,AlexTheProducer,Alextheproducer,United States,"Bilingual Director, #freelance producer for #insideedition #designingspaces #insidetheblueprint #militarymakeover",102889,102909,1070,22810,0,35767,0,0,0,120538744,0,human,0.9998056554270722,0.6377488257660479,0.3476333948877442,113,15,0,0.0,15,1,1
262968243,Diamond Lou ®,DiamondLou69,Some Top Tweets in Link Below,"One in ten people live next to a pedophile, not me, I just live next to two hot nine year olds.  https://t.co/1KPzxS9VOH",168036,130604,331,78533,0,77428,0,0,0,262968243,1,bot,1.2866046476015467,1.0142711387206345,0.46078542225819313,120,12,2,0.16666666666666666,13,3,0
884092539418152960,تابعني اتابعك,8S88S,المملكة العربية السعودية,,915,1015,0,92,0,6702,0,1,0,884092539418152960,0,human,0.9015748031496063,0.013874384603908697,7.317685589519651,0,5,3,0.6,13,2,0
471838819,鬼道有人@鬼いちゃん,kido_nr,雷門,鬼道有人の非公式なりきりだ。鬼いちゃんの愛称に因んで弟妹が多いぞ。詳しくは説明書を作成したのでそちらを読んでからフォローを頼む。ポケットから手を出すつもりはない。ヘッダーは卯つきから。感謝する,886,842,16,3033,0,78237,0,0,0,471838819,1,bot,1.0521945432977462,0.03877910989544722,88.20518602029313,96,7,0,0.0,10,1,0
287139302,🍀やよ🍀キチ🍀,warwaywao,スターライト学園(社畜),こじらせ老害新入り駆け出しアイマスおたく,814,1678,50,25432,0,194922,0,0,0,287139302,1,bot,0.4854079809410363,0.1304771627770966,239.16932515337425,20,9,0,0.0,7,1,0
233968474,ตึ่งๆโป๊ะ,amxhp,IG:amxhp,m,1032,479,17,17770,0,333379,0,0,0,233968474,0,human,2.152083333333333,0.05330553722478853,322.729912875121,1,5,0,0.0,9,1,0
194490327,ペンたろう,pentarodayo,ちのはて,幸福実現党：日本の未来を本気で考える★プロジェクト、若者代表ぺんたろうです。こうていペンギンです。『政治のしくみ 超・入門』でモデルとしても活躍してます。　この国を守り抜くなうbotさんもうごいてます。たまに中に人がいます。季節的に体毛がもふもふなう。,1087,1308,20,6,0,42011,0,0,0,194490327,1,bot,0.8311688311688312,0.00016661906122060363,38.6139705882353,126,11,0,0.0,5,1,0
1548750122,Miley Cyrus Fans♥,piketebow,Kiss Kiss ♥ ,Love More Miley Cyrus,854,702,53,0,0,2766520,0,0,0,1548750122,1,bot,1.2162162162162162,3.61464814472762e-07,3235.6970760233917,21,9,0,0.0,17,3,0
105305231,Luis Daniel,AlmeidaDice,,,1089,914,12,2236,0,9562,0,0,0,105305231,0,human,1.1912568306010929,0.23392240928578897,8.773394495412845,0,11,0,0.0,11,2,0
11436952,🇧🇷 Izzy Nobre,izzynobre,Canada (Nascido em Fortaleza),https://t.co/JOsROqCu9V | https://t.co/k1HagLeF0O | izzynobre arroba https://t.co/N8GNSmAmm4,131552,218,1468,2879,1,695557,0,0,0,11436952,1,bot,600.6986301369863,0.004140560528381529,5.287283452296793,92,9,0,0.0,13,3,0
38427754,Gshow,gshow,,"""As histórias das histórias que a gente conta"".
Fique por dentro de todas as novidades do portal Gshow! Tem novelas, reality shows, programas e muito mais!",1617862,685,1632,6886,1,118398,0,0,0,38427754,1,bot,2358.4008746355685,0.05816772101115719,0.0731823399138246,155,5,0,0.0,5,1,1
223831644,Keh Ke Peheno,coolfunnytshirt,coolandfunnytshirts@gmail.com,You came. You saw. You followed. You unfollowed. I never existed.,164954,639,1112,30823,0,260239,0,0,0,223831644,0,human,257.7421875,0.11844451275745466,1.5776423873177534,65,15,0,0.0,13,3,0
479914394,hemali,BieberTwizzlers,toronto,the little things mean the most,91090,5991,406,86059,0,85257,0,0,0,479914394,0,human,15.202102803738319,1.0094067418893242,0.9359651337673316,31,15,0,0.0,6,1,0
16981026,Le Journal du Geek,JournalDuGeek,Paris,"Le Journal du Geek est le magazine de référence sur la high-tech, entertainment, jeux video et la culture geek !",1034842,794,6315,3868,1,119915,0,0,0,16981026,1,bot,1301.6893081761007,0.03226425164281664,0.11587844726204845,112,13,0,0.0,18,4,0
3989896755,LucyBradshawJeweller,LucyBradshaw555,"West Sussex, England",Unique handmade sterling silver jewellery with a twist of colour Winner of @theopaphitis #SBS @Jacqueline_Gold #WOW seen in #Vogue #Tatler #FemaleEntrepreneur,1718,1552,119,3122,0,6214,0,1,0,3989896755,1,bot,1.1068898905344495,0.5024939662107804,3.6154741128563117,158,15,3,0.2,20,1,0
739293,Dr. Alec Couros,courosa,"University of Regina, Canada.","Professor of #edtech & #media, #education researcher, #consultant, #connected educator, keynote #speaker #open scholar, and father of 4 amazing children!",128848,69934,4385,27504,1,121084,0,0,0,739293,0,human,1.8424108100378924,0.2271544782590742,0.9397434205930973,153,7,0,0.0,15,3,0
18091004,ESPN FC,ESPNFC,,"All things football. All the time. 

Watch ESPN FC exclusively on ESPN+.",1770678,518,10527,27,1,130289,0,0,0,18091004,1,bot,3411.712909441233,0.0002149052114513777,0.07358194229445314,72,6,0,0.0,7,2,0
390557283,Cápsula Cinéfila,CapsulaCinefila,,Lo que está en cines 🎟 Los clásicos 📽 Frases 🎬 Lo que no sabías 🤔 Recomendaciones y trivias 👍🏽 ¡Amor por el Séptimo Arte! 🎥 Por @Culturizando,114714,238,927,869,0,35978,0,0,0,390557283,1,bot,479.97907949790795,0.02418077211706829,0.31363814671141527,141,15,0,0.0,16,2,0
112523709,Diario Olé,DiarioOle,Argentina,"Diario deportivo | Desde 1996, el primero y único del país | Compartimos la pasión",2579813,174,6496,619,0,153298,0,0,0,112523709,1,bot,14741.794285714286,0.004044383851166674,0.05942250100201022,82,9,0,0.0,10,2,0
19394186,Charlie Brooker,charltonbrooker,London,Underwhelmist.,1242294,531,11049,0,1,10518,0,0,0,19394186,0,human,2335.1409774436092,9.50660709192889e-05,0.008467393010516825,14,15,0,0.0,15,2,0
70461418,Dede Watson,Dede_Watson,"Dallas, Tx",✭FORBES Top 50 Social Media Power Influencer ✭ Social Media Consultant and Creator of Instagram Growth Hacking and Hashtag Like a Pro.,119368,95324,4896,17815,0,127157,0,0,0,70461418,1,bot,1.2522318384474167,0.14010915553877853,1.0652514471931573,134,11,0,0.0,11,2,0
2612809808,Fearless,Hendd9,,,135698,50656,133,1563,0,12577,0,0,0,2612809808,0,human,2.678780820024873,0.12434409286055016,0.09269043987059596,0,6,1,0.16666666666666666,8,1,0
520250204,ويلز,9lllll,,كان الغياب مرًا يا أخي .,94539,84443,66,152,0,5023,0,0,0,520250204,0,human,1.1195585239922314,0.030453821656050956,0.053141527395811294,24,6,1,0.16666666666666666,4,1,0
480249240,バーレスク東京（公式）,burlesque_rpg,東京都港区六本木,バーレスク東京オフィシャルツイッターです。外部出演、常設劇場のお得な情報を発信していきます。バーレスク東京所属のタレントとの直接仕事依頼は禁止にしてます 仕事依頼はこちらかHPの問い合わせからお願いします。,46996,24235,138,9107,0,11860,0,0,0,480249240,0,human,1.939140122132365,0.7678947812157491,0.25237781134966064,103,13,0,0.0,11,1,0
97893963,Michael Vaughan,MichaelVaughan,"iPhone: 0.000000,0.000000",Manchester born sheffield lad ...,1075256,1251,4333,5344,1,35879,0,1,0,97893963,0,human,858.8314696485623,0.14896878483835005,0.03336876672274628,33,14,0,0.0,15,2,0
223272482,Strecci,AlexXxStrecci,,"Bajista de @LolaClubMx | ""Cocinando"" en @yonosoyunchef | CONTACTO: strecci@wearedw.com",2591014,903,1011,16567,1,20328,0,0,0,223272482,0,human,2866.16703539823,0.8149933592404939,0.007845959980934113,86,13,0,0.0,7,1,0
93365814,Follow @CrisCyborg on IG #CWB,criscyborg, criscyborgmma@gmail.com,"#cyborgnation “[...];pois a batalha é do Senhor, e ele entregará todos vocês em nossas mãos “(1Sm 17.45-47) * Yeshua Hamashia * @CrisCyborgGym",203747,2713,1379,16441,1,49427,0,0,0,93365814,0,human,75.07295504789978,0.33264546410941165,0.24259379233170386,142,10,0,0.0,29,5,0
43229821,Diário da Manhã,diariodamanha,"Goiânia, GO - Brasil",O jornal que o mundo vê e lê 👓 Siga também: 👉 Youtube: DMTV Goiânia 👉 Instagram: @diariodamanha 👉 Facebook: @diariodamanha 👉,193066,247,263,405,0,57587,0,0,0,43229821,0,human,778.4959677419355,0.007050079877752309,0.29827987175436504,124,13,0,0.0,15,3,0
3323335206,アカウント消します@こてツイみてね,BumpHima,BFLY日産を待つ人,〘栃木の高2女子演劇部〙〘リプ喜びます〙 大好き➡BUMP OF CHICKEN/RADWIMPS/［Alexandros］/QOOLAND /androp/米津玄師/MotherMAN/arrivalart/Mrs.GREENAPPLE/BLUE ENCOUNT/amazarashi/井上緑/弾き語りさん好き,592,824,15,2438,0,2132,0,0,0,3323335206,0,human,0.7187878787878788,1.1434599156118144,3.596964586846543,156,8,0,0.0,17,1,0
33602577,Dodgers Nation,DodgersNation,Dodgers Nation,Follow the biggest #Dodgers twitter account for fun play by play of games. More fun b:c we’re inclusive of all Dodger fan perspectives!,150414,446,1210,6096,0,188696,0,0,0,33602577,1,bot,336.49888143176736,0.032311059529298296,1.254509191237576,135,13,0,0.0,14,2,0
2274848604,DMA,TennisMajesty,,Tennis Lover. Roger Federer - The one! The only!,1432,991,40,19799,0,59262,0,0,0,2274848604,1,bot,1.4445564516129032,0.33410390969070075,41.35589672016748,48,13,0,0.0,3,1,0
369597274,Ab. Hamid32,AbHamid32,,,107898,280,14,35,0,4950,0,1,0,369597274,0,human,383.98220640569394,0.007271258331650172,0.04588550403618198,0,9,2,0.2222222222222222,11,2,0
815841475,Co,coquiiiiiiii,,Insta: coquiiiiiiii ❤ | Snap: coqidaneri2905 👻,1614,948,4,8935,0,69640,0,0,0,815841475,0,human,1.701791359325606,0.1283152166109045,43.12136222910217,46,12,0,0.0,2,1,0
432779663,مشيقح المشيقح,msh22222,القصيم,‏‏‏‏‏‏‏‏‏مستشار بفرع الرئاسة العامة بالقصيم . خدمة الدين والوطن شرف لكل مواطن والدعاء لولاة الأمر واجب على الجميع .,261799,168,59,260,0,9345,0,0,0,432779663,0,human,1549.112426035503,0.02792638561951637,0.03569900687547747,115,8,5,0.625,13,2,0
466573221,One Direction Brasil,1DBR,Brazil,Fan account - Sua fonte de informações no Brasil sobre a banda One Direction. Your source of information in Brazil about the band One Direction.,102935,8843,122,1545,0,165766,0,0,0,466573221,1,bot,11.639077340569878,0.009326343602767741,1.610388979560115,144,4,1,0.25,20,3,0
51124892,Mundo ESPN,ESPNagora,Brasil,ESPN – A Vida Precisa de Esporte. Envie sua mensagem para participar das transmissões dos canais ESPN,1534222,819,4505,2073,1,501479,0,0,0,51124892,1,bot,1871.0036585365854,0.004135758155858658,0.32686252259286946,101,9,0,0.0,10,2,0
42741058,عبدالرحمن الشهري,iDhmi,رحم الله أبي,مهندس متخصص بالتقنية شغوف بريادة الأعمال | مؤسس @Experto وفريق #تويتسو @TweetsoTeam إلي استرجع أكثر من 50 ألف حساب | ceo@tweet.so✉️,101084,313,291,1565,1,52786,0,1,0,42741058,0,human,321.9267515923567,0.029666395135165856,0.5222040856704754,131,5,0,0.0,16,2,0
41421105,JosefinaVázquezMota,JosefinaVM,México,Senadora de la República. 🇲🇽,1126806,1474,4203,3586,1,8109,0,0,0,41421105,0,human,763.9369491525424,0.44229346485819976,0.007197328380104135,28,10,0,0.0,19,1,0
253162254,Chelsea Rumours,ChelseaRumours,"Chelsea, London",Chelsea rumours and transfer gossip.,130772,297,615,864,0,46575,0,0,0,253162254,1,bot,438.83557046979865,0.018571796633459293,0.35615914600108584,36,14,0,0.0,15,2,0
298139450,فهد العتيبي 🇸🇦,FhadOtaibi,any where with EPL,,2863017,379,1818,239,1,7707,0,1,0,298139450,0,human,7534.257894736842,0.031136481577581733,0.0026922638977470627,0,10,0,0.0,14,3,0
12513472,Cracked.com,cracked,Cracked.com,America's only humor website,868934,815,10048,2802,1,90558,0,0,0,12513472,1,bot,1064.8713235294117,0.03095219691030157,0.10421838227255203,28,7,0,0.0,11,1,0
14706902,Chalene Johnson,ChaleneJohnson,"California, USA",Get your life in order. https://t.co/OWwOmG73Qo ||NY Times Best Selling Author|| Podcasters||Speaker||Celebrity Trainer || Biz Expert,103800,8841,2717,27527,0,60729,0,0,0,14706902,1,bot,11.739538565935309,0.4532850321093364,0.585061800946041,133,14,0,0.0,15,2,0
222165923,CEMÖZ,cem_oz,,,905,387,0,103,0,5508,0,1,0,222165923,0,human,2.3350515463917527,0.01887819931021964,6.080573951434879,0,6,0,0.0,5,1,0
2716046101,🍑 Big Booty Italy🍒,BigBootyItaly,Italy,"+18. I'M A GUY. bigbootyitaly@libero.it
#BigBootyItaly  #BBI  #AssLovers  #BoobsLovers  #ILikeBigButtsAndICanNotLie",278220,139,1019,56,0,167035,0,0,0,2716046101,1,bot,1987.2928571428572,0.00034124380373093226,0.6003716470000467,115,13,0,0.0,18,4,0
130242231,Deyna Castellanos,deynac18,De Venezuela para el Mundo,Venezolana pateando un balón por el mundo | Current student-athlete @fsusoccer | Future sport journalist | IG: https://t.co/CfRvvz8t84,188711,384,502,1297,1,9539,0,0,0,130242231,0,human,490.16103896103897,0.1360587002096436,0.05055322396032049,134,8,2,0.25,17,2,0
1524730152,ポッド04っしー@新作完結／世界は無意味だと思うか,4Toaru,大洗女子学園,"よっしーです。　
アイコンはコサカが描いてくれた災葉愚憐と瑠奈＝ローリエ、ヘッダーはとあきせが描いてくれたメルトリリス。  AMIC　 一次創作：神ナリシ模倣者ト神門審判↓",887,1006,32,23466,0,74095,0,1,0,1524730152,1,bot,0.8818272095332671,0.3167107536169294,83.44144144144144,86,6,1,0.16666666666666666,25,1,0
2922179132,louis rodriguez,2freshlouis_,,@marism_cruz 💗🤤,908,733,2,8690,0,12071,0,1,0,2922179132,0,human,1.2384196185286103,0.7199304174950298,13.28052805280528,15,12,1,0.08333333333333333,15,2,0
2290164373,Bobby Bones Show,bobbybonesshow,Nashville,@mrbobbybones @radioamy @radiolunchbox @producereddie @bobbybonesray @radiogirlmorgan @mikedeestro @webgirlmorgan @hillaryborden,185884,43,251,100651,1,46755,0,0,0,2290164373,0,human,4224.659090909091,2.152707673881427,0.2515318610969148,128,14,0,0.0,16,3,0
2250901513,Andrea Passarella,arch_passarella,VERONA_ ITALIA,"Architetto. Mi occupo di urbanistica, architettura e design d'interni....amo l'architettura di Frank Lloyd Wright (1867-1959). Consulente energie green.",1602,2252,110,12979,0,24954,0,0,0,2250901513,0,human,0.7114957833999113,0.5201362452414345,15.56768558951965,152,15,0,0.0,17,2,0
1332109614,أنس الهبدان,2se,الرياض,,978286,118,572,9,1,2382,0,1,0,1332109614,0,human,8220.899159663866,0.00419639110365086,0.002435890490214017,0,3,1,0.3333333333333333,11,2,0
1701373465,‏هَہMـسٌ ٱلحنَيينْ,5llw05,كن من المستغفرين و المسبحين,"‏‏حسنه عن كل مسلم 💛 : 
‏أستغفرالله وأتوب إليه لي ولوالدي وللمسلميـن والمسلمات والمؤمنين والمؤمنات الأحيـاء منهم والأمـوات من خلق آدم حتى يبعثون .",133300,154746,108,7480,0,164188,0,1,0,1701373465,1,bot,0.8614124991114529,0.045563344682043254,1.2317161911763603,145,6,3,0.5,18,2,0
2685951655,5REDVELVET,5REDVELVET,Worldwide,"International Fanbase for RED VELVET since July 28, 2014 || RED VELVET Support Account: @SupportRV || RED VELVET Official Twitter Account: @RVsmtown",271660,192,3107,212,0,24130,0,0,0,2685951655,0,human,1407.5699481865286,0.008826820272678297,0.0888276197172211,148,10,1,0.1,10,1,1
234521957,Scott Van Pelt,notthefakeSVP,Midnight Eastern ,"Actor, world renowned connoisseur and professional gentleman of leisure - Mr. Whitefolks. AKA The trendsetter of Muskegon",1942943,508,7870,1667,1,49912,0,0,0,234521957,0,human,3817.1787819253436,0.0334181475767836,0.025689366240097503,121,13,0,0.0,14,3,0
288773752,AmsterdamBaan,AmsterdamBaan,Amsterdam,"Voor een baan in de regio AmsterdamAangesloten op HetVacatureLoket.nl, Een groot netwerk van 40 niche vacaturebanken. Meer info 033-2475510",933,67,58,1,0,63985,0,0,0,288773752,1,bot,13.735294117647058,3.125683743318851e-05,68.50749464668094,139,13,0,0.0,13,1,1
2401374210,Azhar Ali,AzharAli_,,Professional Cricketer for Pakistan cricket team🇵🇰 instagram - Azharali79_ enquiries darren.long@vitaesports.co.uk,1374299,130,265,2286,1,945,0,0,0,2401374210,0,human,10490.839694656488,2.4175475687103596,0.0006883504329476825,114,9,0,0.0,9,2,0
20546522,DTaleDJcity,djdtale,"ÜT: 52.530779,13.36748",Berlin (GER) | @DJcityDE Rep | #DJ | #Remixer | #Entrepreneur https://t.co/GZlVh08Fzf https://t.co/l1odMyRmdR,36154,2290,105,5271,0,17,0,0,0,20546522,0,human,15.781318201658664,292.8888888888889,0.0004978564513898493,109,7,0,0.0,11,1,0
2832528206,OTTAVA,OTTAVAsongs,,,1625,1,63,1203,0,68181,0,1,1,2832528206,1,bot,813.0,0.01765861957701446,41.932349323493234,0,11,0,0.0,6,1,0
403627397,old account,A_uggz,"Orlando, FL",follow my new account 16apratt,965,1376,2,10814,0,30386,0,0,0,403627397,0,human,0.7015250544662309,0.35590877677954386,31.456521739130434,30,6,0,0.0,11,2,0
15308443,Emmerdale,emmerdale,ITV Weekday evenings,Small village. Big Drama.,1253454,13638,695,6906,1,29711,0,0,0,15308443,0,human,91.90226556199134,0.23246499730748518,0.02370408191757981,25,9,0,0.0,9,1,1
150124379,Ina Feleo,ina_feleo,,Follow me on instagram! @ina_feleo ❤,89678,328,140,4841,0,18909,0,0,0,150124379,0,human,272.580547112462,0.2560549973558964,0.21086318982147437,36,9,0,0.0,9,2,0
154633280,Stuart,DiegoAyala12,,Hip hop artist🎤 México 🇲🇽 Toma decisiones y no mires atrás🐼🏄🏼🎩,79795,34979,280,1827,0,8493,0,0,0,154633280,0,human,2.281189251000572,0.21521073699081705,0.10644643841796582,62,12,2,0.16666666666666666,6,1,0
27260086,Justin Bieber,justinbieber,,Let's make the world better.,105043889,299712,606500,3371,1,30505,0,0,0,27260086,0,human,350.4815940583158,0.1105356323346227,0.000290411941141936,28,12,0,0.0,13,2,0
205561923,300lbs of Swag 💞,300REZ,Derb,1/2 of @300LBSOFGUWOP Crystalg@80proofinc.com,76380,261,317,14850,0,86969,0,0,0,205561923,0,human,291.53053435114504,0.17076003219500976,1.1386339534701038,45,6,3,0.5,16,4,0
92985467,１６４,164203,203号室,ギタリスト｜作詞・作曲・編曲｜VOCALOID ｜ niconico→https://t.co/pRQ02rqBzz｜ YouTube→https://t.co/u8ZE9Cnf2w｜ LINE→https://t.co/WFaybY4Ejl｜Mail→164203.com@gmail.com,114508,49820,2010,7524,1,7006,0,0,0,92985467,1,bot,2.298408301720158,1.0739260739260739,0.06119169672252836,147,6,6,1.0,3,1,0
192685104,Luli Fernández,lulifernandezok,www.multitalentagency.com,Modelo y Conductora Argentina. Casada con Cristian Cuneo Libarona❤️Instagram:@lulifernandezok,1091339,168,1017,7453,1,23566,0,0,0,192685104,0,human,6457.633136094674,0.3162897271608605,0.021594553484706874,93,15,0,0.0,14,2,0
2819694403,三浦 夢我🐾69✰ะ@nana民,Hel_loS2,鉄拳衆 ,ダーリン→ @59ty_ サブ垢4つ→ @36126 @87_t @87885 @D9O 大切な零💖→ @0rei_ 敬愛 瑠璃さん→ @ruli__242 りりたん→ @neko_Li2 たまにCASします→https://t.co/lnubHY8Do0 #団地妻倶楽部 #三浦group,106451,404,369,577666,0,119502,0,1,0,2819694403,1,bot,262.84444444444443,4.83391211936102,1.1225998572126403,145,8,1,0.125,16,2,0
51623469,Andrea Trejo,Andrea_Trejo1,insta /Andy-sagitario1000,"Mamá de Javy -#Donante-Masón- Metafísica  #Animalista,  #CarpeDiem 
Asistente Social . 
 No DMS
🚫",120610,124728,249,347,0,32638,0,0,0,51623469,0,human,0.966984422227389,0.010662091363093233,0.27061379144522474,97,13,1,0.07692307692307693,12,2,0
155659213,Cristiano Ronaldo,Cristiano,"Turim, Piemonte",This Privacy Policy addresses the collection and use of personal information - https://t.co/Jp6yh1T58c,76242949,103,88901,0,1,3344,0,0,0,155659213,0,human,733105.2884615385,0.00029895366218236175,4.387290890502007e-05,102,9,0,0.0,17,2,0
26289923,Amigos Invisibles,AmgsInvisibles,"Miami, FL",#ElParadise disponible en todas las plataformas digitales; #link: https://t.co/Pn1pM8QT8A,1028184,532,3033,28465,1,27885,0,0,0,26289923,0,human,1929.0525328330207,1.0207989672236966,0.02712157831518647,89,14,0,0.0,17,2,0
19077044,Houston Rockets,HoustonRockets,"Houston, Texas",The official Twitter account of the Houston Rockets.,2752275,1156,7403,2104,1,44654,0,0,0,19077044,0,human,2378.8038029386344,0.04713917814354496,0.016224753622093132,52,14,0,0.0,15,2,0
401775393,Assaad Razzouk,AssaadRazzouk,Singapore,CEO: @Sindicatum and commentator on #Climate and #CleanEnergy from the front lines,134375,18589,1101,28394,1,11792,0,1,0,401775393,0,human,7.2284023668639055,2.4077842788094634,0.08776120735845687,82,13,0,0.0,14,2,0
222789645,Ahmet Memiş,ahmemis, ahmetmemis@haberdar.com,Haberdar'da Haber Koordinatörü,77256,117,307,0,1,41458,0,0,0,222789645,0,human,654.7203389830509,2.4120215152319158e-05,0.536637456800031,30,7,0,0.0,11,2,0
2445321452,all of letters,allofletters,,lettering & calligraphy,1336,47,43,0,0,836183,0,0,0,2445321452,1,bot,27.854166666666668,1.1959090343752093e-06,625.4181002243829,23,12,0,0.0,14,3,0
14149932,Capital Inicial,capitalinicial,Brasil,Banda de rock brasileira formada em Brasília. Ouça agora o nosso novo disco SONORA: https://t.co/DAfI7B0iwU,1214269,7199,2555,23056,1,16905,0,0,0,14149932,0,human,168.6486111111111,1.3638353247367798,0.0139227684122971,107,14,0,0.0,15,2,0
322951176,12 Numara,12numaraorg,İstanbul,Fenerbahçe Resmi Taraftar Sitesi & 12 Numara Official Twitter Account #1907 #Fenerbahce #12numara #FenerinMaçıVar,1660316,134,1342,3083,0,165610,0,0,0,322951176,1,bot,12298.644444444444,0.018621951440423643,0.0997466146525031,113,11,2,0.18181818181818182,9,2,0
106098830,Al Fabbiano,afabbiano,Chicago & National Mortgages,Al's commitment & integrity has earned a following of past clients & referral partners....Home Mortgages since 1999.....A Servant of God....847-338-3554,96109,90961,792,7,0,132638,0,1,0,106098830,1,bot,1.0565950616741058,6.031408560076599e-05,1.3800749141608573,152,9,0,0.0,11,2,0
550336226,El Guarromántico,Guarromantico_,elguarromantico@gmail.com,500 Days of Guarro #Guarriors Sígueme en: FB: https://t.co/flRWuIGvRG ⚡️⚡️ IG: https://t.co/dwt4J6eNl2 ⚡️⚡️ 📧 elguarromantico@gmail.com,986523,1998,1451,103608,0,36695,0,0,0,550336226,0,human,493.5087543771886,2.823441247002398,0.037197270416127734,135,14,0,0.0,16,2,0
2438954290,amanda,amandajune25,"Louisiana, USA",in love w luke & caroline bryan & country music Philippians 4:4-6,1541,1045,9,38144,0,29476,0,1,0,2438954290,0,human,1.474187380497132,1.2940597754181227,19.11608300907912,65,12,2,0.16666666666666666,6,1,0
705187969,Feeds4U,Feeds4U,International ,"....updates and articles on topics that interest me, and may interest you too.",1094,36,653,2,0,621890,0,1,0,705187969,1,bot,29.594594594594593,4.8239964881305564e-06,567.9369863013699,78,7,1,0.14285714285714285,7,1,1
451623060,Benny,Beno_ldn,Costa Del Croydon,Social Media Personality & Influencer | Host | The Original Goat On Twitter | Instagram - BenoLdn | Enquirers/Bookings - InfoBenoLdn@gmail.com,115838,98041,608,102747,1,84835,0,0,0,451623060,0,human,1.1815242447114502,1.2111367815550003,0.7323612945553742,142,8,0,0.0,5,1,0
2828122811,11.08.18 👼🕊💙,_amourrdiamond,w| Your Nigga ,Long Live Jarvis ❤️😇🕊 09.08.17 💙😇🕊 11.08.18 👵👼🕊,1644,955,7,877,0,43589,0,1,0,2828122811,0,human,1.7207112970711298,0.02014223445744437,26.498480243161094,47,14,0,0.0,12,2,0
378233374,Ana Lidia ❥,anna_pinot,,SC | 21 • Sintonize sua vibração 🌻💛,930,1053,3,1232,0,44322,0,0,0,378233374,0,human,0.8833017077798861,0.02781851408975024,47.60794844253491,35,10,0,0.0,11,3,0
1245496057,Akshay Kumar Mangla,kumarmangla,"Faridabad, Haryana, India","Digital Marketing Executive, @TechsWindow",1056,288,2917,360,0,854542,0,0,0,1245496057,1,bot,3.657439446366782,0.0004224480219251694,808.4607379375591,41,11,0,0.0,19,3,0
16203586,Doug Ulman,dougulman,"ÜT: 30.25975,-97.774105","Cancer survivor, husband/father, CEO @Pelotonia, optimist, fearful flyer, fmr CEO @LIVESTRONG, Advising @OSUCCC_James, Founder @UlmanFoundation, Board @joinroot",928680,38461,3673,50700,1,25716,0,0,0,16203586,0,human,24.14541625500494,1.971497453046623,0.027691963117582895,160,9,0,0.0,10,2,0
75711719,↬ℙᶤᶰᵍ❀ ↬🍁,applea32,,@bornfreeonekiss ❤️// @special1004 💙 // @Jun2daKAY 🖤 // @TaoPhiangphor ❤️@KachaNontanun 💚 // SongJoongki // @Tom_Isara also ROOM39 //YuzuruHanyu❄️//na Jaemin,1148,496,10,12405,0,111225,0,0,0,75711719,0,human,2.3118712273641853,0.11153866901623721,96.8024369016536,157,8,2,0.25,9,2,0
115202789,Aryane (Melly),Aryane_melissa,Mariana -Mg,"Estudante de letras 24 anos, geminiana, louca das séries, apaixonada por sorrisos e olhares... Perigo eu rio na cara do perigo RÁ 🍀❤",786,207,3,372,0,12874,0,0,0,115202789,0,human,3.7836538461538463,0.028970873786407766,16.35959339263024,132,14,0,0.0,14,2,0
3686512757,ANA LA MALA,anaabaaaby,DFW,Isla del Encanto,2164,87,13,17625,0,16929,0,1,0,3686512757,0,human,24.602272727272727,1.0411104548139398,7.819861431870669,16,10,0,0.0,11,3,0
15317676,Dazed,Dazed,London,Where pop culture meets the underground.,1282794,10494,10681,2042,1,66642,0,0,0,15317676,1,bot,122.22915674130539,0.030655882838407634,0.05195140299112485,40,5,0,0.0,5,1,1
177941755,Cocineros Argentinos,cocinerosarg,Argentina,"#CocinerosArgentinos te brinda opciones para que cocines rico, nutritivo y económico. Lunes a viernes 14 hs y domingos 14:30 hs, en vivo, por la @TV_Publica",296547,203,450,12160,1,40198,0,0,0,177941755,0,human,1453.6666666666667,0.30251996318316376,0.1355564697789228,156,12,0,0.0,20,2,0
212302245,Pankaj Bhadouria,BhadouriaPankaj,Earth,"Official Twitter Account of #MasterChef Pankaj Bhadouria,  Practice, Preach & Follow one Religion: #FOOD! #MasterChefIndia",153178,89,102,4405,1,8613,0,0,0,212302245,0,human,1701.9888888888888,0.5114929185047596,0.056234862481149506,122,15,0,0.0,16,2,0
36850898,Katheryn Winnick,KatherynWinnick,ZZ,https://t.co/RGotZcbu4I,488462,206,1342,1137,1,7187,0,0,0,36850898,0,human,2359.7246376811595,0.15831942125765164,0.014715546520411986,23,15,0,0.0,16,2,0
3021896853,Brendinha☀️,Brenda_P25,"Lins de Vasconcelos, Rio de Ja","Vou lembrar de você até meu último suspiro! Eu te amo Irmão #Jonathan😭💔😇 



                              Kevin👑",2108,1517,1,3402,0,41691,0,0,0,3021896853,0,human,1.3893280632411067,0.0816223735968531,19.768610715979136,113,10,2,0.2,11,1,0
953231816810315777,ray,adoringlikeari,,,119,359,0,284,0,2716,0,1,0,953231816810315777,0,human,0.3333333333333333,0.1048951048951049,22.641666666666666,0,14,0,0.0,3,1,0
705846704,Arsène's Son 🎈,hughwizzy,hughwizzy@gmail.com,Wk incl: @youtube @kick @mls @adidas @arsenal @squawka @easportsfifa @skysports @talksport #WembleyCup @AveryDennison,132806,492,875,2244,1,44894,0,0,0,705846704,1,bot,269.38539553752537,0.05000556854883617,0.3380469402968217,117,9,0,0.0,14,3,0
105719173,ค่อนคลุง,iconnnz,ติดต่องาน DM,พัดฝันว่าฝักฝึกฟิตฟาดฟันฟ้าแล้วผัดฟักแฟงให้ควันฟุ้ง ฟลุคดูฝนเป็นฝอยตกใส่ฝักที่ฝึกฟิตฟาดฟันฟ้าจนผัดฟักแฟงควันฟรุ้งฟิ้วโดนฟันฟลุคด่าฝักฟัค,546173,341,154,11870,0,203994,0,0,0,105719173,1,bot,1597.0,0.058192602759871564,0.3734981892217498,136,7,0,0.0,8,1,0
39306847,Jean-Thomas Jobin,JeanThomasJobin,Montreal,"Je fais des boutades ça et là. Pis si vous vous abonnez à ma chaine Youtube ci-dessous, je vous en serai éternellement reconnaissant au moins une demi-heure!",145621,1700,762,10991,1,22008,0,1,0,39306847,1,bot,85.60964138741916,0.49943205052478534,0.15113787751850682,157,15,0,0.0,17,2,0
169696352,عبدالمجيد اليحيى,abdalmaged,"الرياض, المملكة العربية السعودية",أحبك أكبر من مدى الكلمه..!! 0546688515 #اعجاباتي #شعري #خواطري Eتربوي,164129,148010,391,935,0,747069,0,0,0,169696352,1,bot,1.1089040679408964,0.0012528946417337064,4.551696825686956,69,10,0,0.0,16,2,0
16193578,Victoria's Secret,VictoriasSecret,,Confidence is sexy. #WearItDaily,11228810,1241,10373,2504,1,158744,0,0,0,16193578,1,bot,9040.910628019325,0.01578002456770292,0.014137293788273754,32,15,0,0.0,17,2,0
1062384240376057856,S U I C I D A,ASuicideBoy,Activa mis notificaciones 🔔,Escribo porque no sé gritar de otra forma.,276,12,0,22,0,611,0,0,0,1062384240376057856,0,human,21.307692307692307,0.03758169934640523,2.2093862815884475,42,11,0,0.0,13,7,0
3210208413,karol.,AlwaysPaisana,Bucaramanga,quisiera ver series por el resto de mi existencia / dfapv.,1556,290,12,17507,0,106791,0,0,0,3210208413,1,bot,5.350515463917525,0.16394486478387893,68.58831085420681,58,13,0,0.0,6,1,0
381107116,بدر الروقي  ★,Bader_j1,|•  اٍّلّخاٍّصُّ مُّهمُّلَّ •|,اناّ هّنالاّ اّدعّيّ اّلكمالّ وّكلّ مّااّكتبهّ اّواّقتبسهّ أوجّههّ لّنفسّيّ قّبّلّ أنّ اّغرّدبهّ شّاّعرّ وّاّحياّناّاطّرحّ لّكمّ مّ اّكّتبهّ,111341,93201,85,2116,0,35859,0,1,0,381107116,0,human,1.1946310165017917,0.059035136642498605,0.32207073700849637,140,8,1,0.125,13,3,0
119573510,Primer Impacto,PrimerImpacto,,Las noticias e imágenes más impactantes del momento las presentamos de lunes a viernes 5/4c @Univision,1069597,1024,2864,725,1,145895,0,0,0,119573510,1,bot,1043.510243902439,0.004976147392663267,0.1364026484716688,102,13,0,0.0,14,2,0
457590482,俺九番,orekyuu,,絵を書いたりエンジニアしたりします github:https://t.co/iW363wfROy,1475,821,102,46081,0,76053,0,0,0,457590482,1,bot,1.7956204379562044,0.6059115891340363,51.52710027100271,48,7,0,0.0,3,1,0
362909565,Seminario Ⓤ,_MerengUeSoy,"Lima, Per Ⓤ",Comunicador Social especializado en RRPP y Publicidad - 1924Ⓤ,1714,648,9,26749,0,95756,0,1,0,362909565,1,bot,2.642526964560863,0.2793529454765709,55.83498542274052,61,12,0,0.0,11,2,0
14569869,Channel 4 News,Channel4News,United Kingdom,"Stories that reveal and inspire, challenging expectations.

Subscribe to us on YouTube for documentaries, long interview and explainers
https://t.co/elRqd9f2mG",2126971,4561,9724,467,1,93209,0,0,0,14569869,1,bot,466.23673827268743,0.00502092050209205,0.043822861796018,159,12,1,0.08333333333333333,14,3,0
4532891,MUCH,Much,Canada,Canadian home of #Corporate & #DrunkHistory Tuesdays / #BroadCity returns Thursday / Stream “@MikeOnMuch in Conversation With...” now: https://t.co/UDsZPWFGcN,979562,7999,3264,11201,1,61721,0,0,0,4532891,0,human,122.445375,0.1814912024885778,0.06300972984892243,158,4,0,0.0,4,1,1
975139939,ちゃんもも◎a.k.a.大桃子サンライズ🌞,chanmomochan10,アセンションプリーズ💁💫,宇宙アイドル🕊🌌 @bandjanaimon @Lola_wed @mmf_2019 @BLUEGUMCLUB,128940,2156,2661,78007,1,36407,0,0,0,975139939,0,human,59.77793231339824,2.142606020654801,0.28236170031254604,55,14,2,0.14285714285714285,21,1,0
160131637,Jess,jessyannlouise,"Melbourne, Victoria",20. Living my best life.,80840,21761,225,788,0,86854,0,0,0,160131637,0,human,3.714778053487731,0.009084105693397041,1.074392944174367,24,14,0,0.0,4,1,0
2883841,E! News,enews,"Hollywood, CA",Entertainment news from https://t.co/G81dlZzugA—watch weeknights at 7p for the latest!,11523961,118148,35778,30093,1,228805,0,0,0,2883841,1,bot,97.537533114965,0.13152627116421772,0.0198548034087582,86,5,0,0.0,7,2,0
313981047,Ruby Hill Denver,RubyHillDenver,"Ruby Hill, Denver, CO","@GibsonChrisR tweeting about all that's good in the Platte River South area: from & about the Ruby Hill Neighborhood in #Denver, Colorado.",1027,1331,41,54,0,3402,0,0,0,313981047,1,bot,0.7717717717717718,0.01616220981486923,3.3103112840466924,138,14,0,0.0,16,3,0
261066475,Alexandra Pounders,alexxx_POUNDers," Memphis, TN","Journalist. U of M Alumn 👩‍🎓 ✨ Crohn’s Warrior. OH. And, 🐻⬇️🧡",1686,602,14,6245,0,34360,0,0,0,261066475,0,human,2.7976782752902154,0.18177585052821513,20.36810906935388,61,15,0,0.0,18,2,0
913792196779708416,.,HAPPYKIDNARRY,,I'm nice,3,0,1,0,0,1,0,1,0,913792196779708416,0,human,4.0,0.5,0.5,8,13,0,0.0,1,1,0
2319314323,Fútbol Internacional,14Mundial,,Toda la información del fútbol internacional ¡Síguenos! Contacto: tuitfutbol@gmail.com,103989,37953,233,42,0,167496,0,0,0,2319314323,1,bot,2.739895663171207,0.0002567210158987922,1.610702952206943,86,9,2,0.2222222222222222,20,2,0
227942485,Above.Millions®,ABOVEMILLIONS_,Where Dreams Come True.,The World Is A Place For Dreams.®️,133024,139796,226,1963,0,69278,0,0,0,227942485,0,human,0.9515583310085338,0.028349138988726742,0.5207968426987408,34,14,0,0.0,15,1,0
17866745,Jo Elvin,jo_elvin,,"Editor of You Mag. Ex-Editor of Glamour. Writer, broadcaster. Co-host of podcast, Is It Just Me? on Acast and iTunes. Instagram @jo_elvin",101872,1281,861,9462,1,27664,0,0,0,17866745,0,human,79.46411856474259,0.342056750406651,0.271563613518793,137,8,0,0.0,8,2,0
3016924923,ちか,hunterhuzuki,舐めたい触りたい野村アール,"彼氏 ❥ 野村あーる      LJK                                                  ピタの腐向けはアルアト以外ほぼ興味無し               
呼びタメ大歓迎です


※定期反応しないで下さい",482,450,43,32510,0,43951,0,1,0,3016924923,1,bot,1.0709534368070954,0.7396933017837641,90.99792960662526,128,12,0,0.0,2,1,0
54280694,Marcos & Belutti,MarcoseBelutti,São Paulo - SP,Perfil oficial da dupla Marcos e Belutti! Música nova: https://t.co/LYklW94fPd,1324578,289,516,30838,1,19058,0,0,0,54280694,1,bot,4567.513793103448,1.6180806967836718,0.014388722756438084,78,14,0,0.0,16,3,0
17833574,Hal Sparks,HalSparks,Turn off Notifications! Boom!,"Facebook- https://t.co/itRxCBzaq2 …
Youtube: https://t.co/sPpfbC20Yx 
Twitter, instagram - @halsparks
Snapchat: Halsparks 
Spread the word :)",99103,2438,3189,26976,1,64217,0,0,0,17833574,0,human,40.6330463304633,0.4200847114516179,0.6479859541491766,141,9,0,0.0,10,2,0
245823708,Banco24Horas,banco24horas,,Bem-vindo ao nosso perfil oficial. Somos o caixa eletrônico do seu Banco e agora você não paga nada a mais para usar.,167588,56,42,688,0,7498,0,0,0,245823708,1,bot,2940.157894736842,0.09187891718895853,0.04474637356867098,117,12,2,0.16666666666666666,12,1,1
1769551,NYT Health,NYTHealth,"New York, NY",Health news from the Science desk of The New York Times,1167189,124,13682,1159,0,48062,0,0,0,1769551,1,bot,9337.52,0.02413498949295716,0.04117838569555942,55,9,0,0.0,10,2,0
1652526218,Anil Kapoor,AnilKapoor,"Mumbai, India","Actor, Producer, Husband & a Father ...https://t.co/1SMv0xBgDd",4344989,31,1000,1514,1,6552,0,0,0,1652526218,0,human,135780.9375,0.2311918205402106,0.0015081737817578406,62,10,0,0.0,11,2,0
123309278,Burt's Bees,BurtsBees,"Durham, NC","Natural tweets inspired by bees. We believe in the wisdom, power and beauty of Nature.",104598,3576,1034,2383,1,115062,0,0,0,123309278,1,bot,29.24210232038021,0.02071908432771612,1.100039197315462,86,9,0,0.0,11,2,0
419328316,السعودية للكهرباء,ALKAHRABA,Saudi Arabia,أكبر شركة لإنتاج الطاقة الكهربائية في الشرق الأوسط وشمال أفريقيا. الكهرباء للعناية بالمشتركين | @AlkahrabaCare,439388,7,571,416,1,11801,0,0,0,419328316,0,human,54923.625,0.035332994407727504,0.026860026081672504,110,9,0,0.0,17,2,0
172542995,Santino Marella,milanmiracle,Instagram @themilanmiracle,"Former WWE Star Anthony Carelli is a proud Canadian w Italian & Metis roots, born & raised in Mississauga Ontario #MrSauga works @SportsNet, & I do JUDO",1101406,770,3854,3451,1,3348,0,0,0,172542995,0,human,1428.5434500648507,1.030755449387877,0.0030406561788693916,152,12,0,0.0,15,2,0
191695567,Chip Casto,ChipRunsForFun,Ripley...West Lib...Morgantown,"not affiliated with the financial advisor, Caleb Casto",1368,987,15,10095,0,26327,0,0,0,191695567,0,human,1.3856275303643724,0.38347006988757215,19.231555880204528,54,14,0,0.0,10,2,0
242943844,"LLP,Kentrell&Mike",CoolAss_AshCash,DaBank ,S/O to God im triple blessed,953,957,0,4215,0,80027,0,0,0,242943844,0,human,0.9958246346555324,0.05268156145349128,83.88679245283019,28,15,0,0.0,17,1,0
14521427,Dana Brunetti,DanaBrunetti,☼ Los Angeles ,"Life moves pretty fast. If you don't stop and look around once in a while, you could miss it. - Ferris Bueller https://t.co/v1MTKlkPf8",61312,684,914,7867,1,34819,0,0,0,14521427,0,human,89.50802919708029,0.2259620907524411,0.5679056643778644,134,12,0,0.0,13,2,0
18938807,DIY,diymagazine,UK,"Set Music Free.
https://t.co/a2l2eNeiD1 / https://t.co/vYGGBm04YJ / https://t.co/P68wV5b0No",149501,2609,1623,3841,1,99099,0,0,0,18938807,0,human,57.280459770114945,0.03876892028254288,0.6628673863894797,91,11,0,0.0,3,1,0
80094297,Deion Sanders,DeionSanders,FISHING,Let's make a difference in someone's life today. #Truth #Standtghtr #Prime5 #InmyPrime @welloffforever #CoachPrime,1045545,1703,6637,653,1,61757,0,0,0,80094297,0,human,613.5833333333334,0.010589721169727,0.05906770242533566,114,12,0,0.0,13,2,0
59055175,Directory of Lampung,bandarlampung,Jl.Pulau Damar No.10 Sukarame,"• The Biggest Online Directory Of Lampung • Kerjasama, Media Partner, Iklan & Pertanyaan ☎ 0818279297 • ✉ mail.bdlcorp@gmail.com • Part of @BDLcorp •",120380,1936,183,1346,0,96875,0,0,0,59055175,1,bot,62.148167268972635,0.013904372600024775,0.8047449348319087,149,13,0,0.0,20,3,0
551538594,CRAVE,craveedee,"Lafayette, LA",IG: craveeedee,927,555,5,805,0,25072,0,1,0,551538594,0,human,1.669064748201439,0.03214613329079089,27.018318965517242,14,9,0,0.0,5,1,0
31285982,Google Earth,googleearth,,"Google Earth, #EarthEngine, and Earth Outreach. The whole world in your browser. #EarthEveryday",1008808,206,5724,2440,1,2939,0,0,0,31285982,0,human,4873.47342995169,0.8302721088435374,0.0029143276874016785,95,11,0,0.0,12,2,0
378325163,Apryl Jones,APRYLSJONES,LA,Bookapryljones@gmail.com SC:Aprylsjones @aprylwines on instagram @aprylsjones on instagram,183922,74,203,33,1,14945,0,0,0,378325163,0,human,2452.306666666667,0.002274856148802355,0.08126226736188513,90,11,0,0.0,11,2,0
3246552765,Calvin 🍻,braianlopez2000,Bahia Blanca. Barrio Noroeste,"Dejame que me quede en este dia 
suspendido en el aire de tu aroma 
Que la vida me huele a hoja seca.//
Alfonso Alejandro Guittlein//
(Q.E.P.D)Siempre Presente.",1164,737,0,2541,0,14213,0,0,0,3246552765,0,human,1.5785907859078592,0.1788377655832278,12.200858369098713,160,15,4,0.26666666666666666,8,2,0
47302521,Diario HOY,hoyextremadura,Extremadura,Diario HOY de Extremadura. Toda la actualidad. Sigue a nuestros periodistas http://t.co/2dE04XWtQA…,127736,163,866,63,1,164305,0,0,0,47302521,1,bot,778.8841463414634,0.00038951712049468674,1.2862835357022633,99,14,0,0.0,10,2,0
2901953015,‏رحمةُ اللهِ واسعةْ,14ca3911ca384a1,,‏‏‏‏‏‏‏نتعاطي الخيالٰ # عندمأااااااْ ٰ .. يؤووولمنا الووواقعْ ..♡,919,862,1,297,0,20861,0,1,0,2901953015,1,bot,1.0660486674391656,0.014284344741635509,22.67608695652174,65,15,10,0.6666666666666666,19,3,0
620999064,はまなす,bunkyokucom,魚雷バスケ,"Railsim/Simutrans/模型/撮影/相模原産札幌育ち/ミリ(雪歩、恵美、琴葉、美奈子)/デレ(楓さん、美嘉、留美さん)/シャニ(恋鐘、咲耶、樹里、千雪さん)
#酒クズ戦隊アルコールファイブ
ブルー担当
TC期間中は恵美アピール中",1112,839,68,111179,0,596720,0,0,0,620999064,1,bot,1.325,0.18631822912215257,536.1374663072776,120,11,0,0.0,4,1,0
14276189,Herb Greenberg,herbgreenberg,"San Diego, CA","Pacific Square Research, CNBC contributor, hype-buster, as right and wrong as the next guy, creator/proprietor of the ORIGINAL Hostile React-o-Meter.",388096,803,1973,6766,1,30681,0,0,0,14276189,1,bot,482.7077114427861,0.22055276709471353,0.07905755519882916,149,13,0,0.0,14,2,0
28019068,Big Scott,bigscottcamden,East Coast,"Big Scott Entertainment has been instrumental in the hottest corporate, sports and entertainment events for over 30 years. Founded by Scott “Big Scott” Shepherd",1092,1519,6,339,0,2439,0,0,0,28019068,0,human,0.719078947368421,0.13934426229508196,2.232387923147301,160,14,0,0.0,9,2,0
146710910,Belen Francese,belufrancese,actriz,"Actriz ! CREATIVA 👨‍🎨 MULTIFACETICA,Alma de POETA  y Pensadora Cotidiana.Sensible,Popular y Nacional. GRACIAS A TODOS LOS QUIERO❤️Mi App https://t.co/usHDdpu9k3",965192,706,1662,3615,1,33973,0,0,0,146710910,0,human,1365.195190947666,0.10643433213633956,0.035199177781024105,160,12,0,0.0,14,2,0
488512845,Bay Hazar,bayhazar,Malatya Ankara İstanbul,"Bay Hazar Yönetim Kurulu Başkanı. Malatyalı, İş Adamı.",252228,211,56,60983,0,15206,0,0,0,488512845,0,human,1189.7594339622642,4.010258433616098,0.060290450344726416,54,8,0,0.0,9,2,0
701250750,Herkese Nasip Olmaz,Besiktaslilik,"İstanbul, Türkiye","Siyahın Zindan Olsun Beyaz Aydınlık, Herkese Nasip Olmaz Beşiktaşlılık!",74585,137,72,53,0,22208,0,0,0,701250750,0,human,540.4782608695652,0.002431446710792922,0.29776365537768484,71,13,0,0.0,19,3,0
147966474,Dina Pugliese,DinaPugliese,"Toronto, Canada","Co-Host, Breakfast Television (@BTtoronto). Follow BT: @BTtoronto Instagram: dina.pugliese",147767,1039,869,64007,1,196756,0,0,0,147966474,0,human,142.08461538461538,0.32531498244026896,1.3315264468626495,90,12,0,0.0,13,2,0
501918282,Heartless💔,DaReal_DT,2 high 2 kno,I’m still heartless 💔luckily you gotta be loyal to fuck wit me💯💯,1130,839,6,1871,0,38540,0,1,0,501918282,0,human,1.3464285714285715,0.048571650969097845,34.07692307692308,64,9,0,0.0,10,1,0
542270778,K.,_BlackMigooo,,YsL Shorty,673,0,0,4172,0,10295,0,0,0,542270778,0,human,674.0,0.4053030303030303,15.275964391691394,10,12,0,0.0,2,1,0
33512799,104.2 Nile FM,NileFM,"Cairo, Egypt","Egypt's #1 Hit Music Station! Bringing you the world's biggest artists and songs, the hottest DJs, and all the entertainment news since 2003!",2838319,1042,389,1374,1,65496,0,0,0,33512799,1,bot,2721.3039309683604,0.020993327938684213,0.023075974520138674,141,6,0,0.0,13,3,0
18512945,Anthony DiMoro,AnthonyDiMoro,"Miami, FL",CEO @EliteRankMedia | CEO @DiMoroMedia | SEO Expert | Writer |Podcaster | Formerly Forbes & Huff Post | Views are my own,79293,441,685,671,1,34047,0,0,0,18512945,0,human,179.39819004524887,0.019736842105263157,0.42938936111181175,120,13,0,0.0,14,2,0
616400256,HeyKroni,HeyKroni,,https://t.co/1BuKRAjXG8,114833,378,62,1976,1,38089,0,0,0,616400256,0,human,302.99208443271766,0.051903386715673405,0.3316961875402755,23,8,0,0.0,8,1,1
102069605,2NE1 TV,2NE1tv,Seoul,We tweet about 2NE1's video and photo. It’s 2NE1 TV.,89051,743,307,154,0,47479,0,0,0,102069605,1,bot,119.69354838709677,0.003264532434709351,0.533171630058842,52,6,2,0.3333333333333333,7,2,0
313481830,María M. y Vladimir,divangessen,EEUU,"Este y @undiosuniversal son los únicos sitios en Twitter de María Mercedes y Vladimir Gessen, psicólogos reconocidos por publicaciones de salud y psicología.",53511,9434,292,33944,0,192455,0,0,0,313481830,1,bot,5.671648118706942,0.17637797730390323,3.596501719240544,157,11,0,0.0,19,4,0
1661404440,きーくん@フライ返し,0578K,地球上のどこか,,865,958,45,41302,0,156013,0,0,0,1661404440,1,bot,0.9030239833159541,0.26473906187906215,180.15473441108546,0,5,4,0.8,10,1,0
2741137937,B,Brijadexo_,,19,1066,943,6,62364,0,38178,0,0,0,2741137937,0,human,1.1302966101694916,1.6334896147096571,35.781630740393624,2,10,0,0.0,1,1,0
21866534,The Climate Group,ClimateGroup,International,We're accelerating climate action to combat global warming and achieve a clean economy #RE100 #EP100 #EV100 #Under2Coalition #ZEVChallenge #ClimateWeekNYC,135316,3198,3948,4296,1,50707,0,0,0,21866534,1,bot,42.29978118161926,0.08474008046067681,0.37473488179607883,154,12,0,0.0,17,3,0
235138018,Banco Galicia,BancoGalicia,"Buenos Aires, Argentina",Perfil oficial de Banco Galicia. Seguinos para conocer todas nuestras novedades y beneficios. http://t.co/HebqpSvpdp,111647,10152,296,7631,1,22758,0,0,0,235138018,1,bot,10.996552743031616,0.3353398655476954,0.20384601605044425,116,12,0,0.0,13,2,0
228186337,Still Winning,CemberWinning,"Atlanta, GA",Boss Lady named after a Month I wasn't Born in ☃ 🤘🏼📍Master Cosmetologist |Female Waver 🌊 | The Life of the Party 😜,1256,1059,12,2935,0,45302,0,0,0,228186337,0,human,1.1858490566037736,0.06480807010573252,36.04057279236277,114,13,0,0.0,13,2,0
34946543,Priceless Trouble,temptingtrouble,Rodney's heart. ,I'm his baby. since when. all then.,946,1955,11,722,0,457343,0,0,0,34946543,1,bot,0.4841513292433538,0.0015808669185558353,482.9398099260824,35,15,0,0.0,17,2,0
965314974548709376,𝒉𝒂𝒓𝒖𝒕𝒐 𝒈𝒐 𝒕𝒐 𝒅𝒆𝒃𝒖𝒕,chimbaee,aRMy ; STAY and stan TXT,step out! we are stray kids.,232,1754,1,21082,0,51461,0,1,0,965314974548709376,1,bot,0.13276353276353275,0.40968092961797054,220.86695278969958,28,8,0,0.0,18,4,0
2385700009,Todo Ingeniería,todo_ingenieria,,,2150,446,117,114,0,109493,0,1,0,2385700009,1,bot,4.8120805369127515,0.0010502858604124427,50.90376569037657,0,15,0,0.0,15,2,0
96198639,Diana,About_Di,I❤️Sampa,"Sou a favor da VIDA, da Educação, da Ética. Amo incondicionalmente os Animais.Tenho sérias restrições aos seres humanos cruéis,desonestos e espertos",17218,616,101,15317,0,205751,0,0,0,96198639,1,bot,27.907617504051863,0.07444885104397526,11.949125965503223,148,8,0,0.0,5,1,0
19468466,aimee❄️,AimeeStern,NYC,Last seen in Jessica Phillips’ stage door Instagram story highlight,1859,633,37,10738,0,89500,0,0,0,19468466,0,human,2.9337539432176656,0.11998748617333885,48.118817204301074,67,10,0,0.0,7,1,0
2425816217,Bertolati,Chupamelaconc,"Buenos Aires, Argentina",NINFOMANA,1004,824,1,3270,0,17799,0,0,0,2425816217,0,human,1.2181818181818183,0.18376404494382023,17.71144278606965,9,13,0,0.0,9,1,0
598813483,#AllTheLove 🎗,1DAngels0nEarth,,"1D & Zayn!
12/1/15 saw 1D at Jingleball
Gemma liked a tweet on 3/8/2017",929,1618,12,38644,0,35439,0,0,0,598813483,0,human,0.5744286596664607,1.0904345372460496,38.10752688172043,71,15,2,0.13333333333333333,13,2,0
185218294,ありん,A___sakush07,ෆ̈ リア恋爆モテキャッチャー ෆ̈,,1070,341,18,8120,0,170841,0,1,0,185218294,1,bot,3.1315789473684212,0.047535149436321276,159.51633986928104,0,12,2,0.16666666666666666,3,1,0
257479711,Corpoelec Aragua,CorpoelecPrensa,,"Cuenta Oficial Corpoelec Aragua. Noticias del sector eléctrico, trabajando en la mejora del servicio",182651,309,345,2616,0,104918,0,0,0,257479711,1,bot,589.2,0.02494305130624577,0.5744202089218843,100,15,0,0.0,16,2,0
217749896,Marine Le Pen,MLP_officiel,France,Présidente du @RNational_off | Député,2167105,3938,5236,436,1,18576,0,0,0,217749896,0,human,550.1665397308961,0.02352371211713409,0.008572261809067023,37,12,0,0.0,13,3,0
2401624056,BuzzFeed Quiz,BuzzFeedQuiz,,Which BuzzFeed Quiz Twitter Account Are You?,100508,3,281,28,1,29403,0,0,0,2401624056,1,bot,25127.25,0.000986260372738403,0.2925509158383826,44,12,0,0.0,13,2,0
413403853,ThePandaMcLovin,CortlandChien,"Montclair, VA","DM(V) MT '20 Montclair, Va. - San Diego, Ca. BMW's Relocation Intelligence Specialist",856,569,6,7674,0,30818,0,0,0,413403853,0,human,1.5035087719298246,0.24903468639475648,35.961493582263714,85,13,0,0.0,15,1,0
1618254163,B,HoranHeart_x,england,niall’s crotch grab is better than words,79363,23750,136,189,0,26044,0,1,0,1618254163,1,bot,3.3415014104669276,0.007295066231522365,0.3281714631318986,40,12,0,0.0,1,1,0
63070483,Berita Harian,bharianmy,Malaysia,Merentas generasi. Ikuti kami juga di https://t.co/4L42T7AdB1,1217720,292,1824,183,0,357974,0,0,0,63070483,1,bot,4156.044368600683,0.0005140023744674907,0.29397127913536847,61,9,0,0.0,13,2,0
22503279,Dream Team,dreamteamfc,Follow us on Instagram - https://www.instagram.com/dreamteamfc/,⚽️ The official Dream Team FC Twitter page - Our brand new 18/19 @PremierLeague game has arrived. PLAY NOW ⏩ https://t.co/ZlU8tLYhCM,124284,922,505,6464,1,44856,0,0,0,22503279,0,human,134.65330444203684,0.1441246628173975,0.360920465060144,132,11,0,0.0,10,2,0
341375420,News In SG,NewsInSG,Singapore,Comprehensive & Consolidated News on Singapore. Follow us for the latest news and happenings in Singapore!,1182,8,46,0,0,59904,0,1,0,341375420,1,bot,131.44444444444446,1.6693097404223353e-05,50.638207945900255,106,8,0,0.0,10,3,0
294573801,Baianinha,iaeFer,"Salvador, Bahia",Rihanna ❤,137836,20003,374,73690,0,50157,0,0,0,294573801,0,human,6.890471905618877,1.4691773994178396,0.3638935844511996,9,6,0,0.0,9,1,0
3108351,The Wall Street Journal,WSJ,"New York, NY",Breaking news and features from the WSJ.,16334620,1124,111578,1242,1,265680,0,0,0,3108351,1,bot,14519.663111111111,0.004678543064803279,0.016264901401752754,40,3,0,0.0,23,4,0
2173033080,Anggun History,AnggunHistory,"Los Angeles, CA",We flashback your memory of @Anggun_Cipta's journey!,25198,19,10,2149,0,3017,0,0,0,2173033080,0,human,1259.95,0.7123923127899271,0.11976665740703996,52,13,0,0.0,14,2,0
226061405,BollywoodLife,bollywood_life,Global,The official Twitter account for https://t.co/tkDi6SCrj5,608303,581,359,331,1,93562,0,0,0,226061405,1,bot,1045.1958762886597,0.0035484112309353056,0.15380960835371787,56,14,0,0.0,13,1,0
1117002967,Efuru,JheeneAiko,Jhené of Los Angeles,TRIP '17 🎒📖🗺... 1/2 of TWENTY88 || Parody of the beautiful @JheneAiko,18770,1,198,16348,0,208,0,1,0,1117002967,0,human,9385.5,78.22488038277513,0.011134196366735922,69,10,0,0.0,5,1,0
31641658,Kristin Chenoweth,KChenoweth,Los Angeles/New York,"We sing because we can't speak anymore. #LifeHacks, cooking & more: https://t.co/oZXnFeYrwS",1195739,2418,12348,20400,1,39984,0,0,0,31641658,0,human,494.31169904919386,0.5102163311241715,0.03343954371351632,91,10,0,0.0,17,2,0
128329717,Daniel,creamosdgm,cali,,921,1169,0,4866,0,20153,0,1,0,128329717,0,human,0.788034188034188,0.24149052297310708,21.859002169197396,0,10,0,0.0,6,1,0
18750157,Kaskade,kaskade,West Coast,Let the Music Speak,1161250,767,5418,1734,1,35273,0,0,0,18750157,1,bot,1512.0455729166667,0.049186369563984804,0.030375861893768015,19,7,0,0.0,7,1,1
30973,Starbucks Coffee,Starbucks,"Seattle, WA","Inspiring and nurturing the human spirit—one person, one cup, one neighborhood at a time.",11426282,96424,28442,17340,1,166790,0,0,0,30973,1,bot,118.49917552501944,0.10396843954410011,0.014597135393898435,89,9,0,0.0,16,2,0
67647998,Jefe,capostatus85,,"No, I'm not @Fivefifths or @DeitrickHaddon",1249,460,65,5080,0,212256,0,0,0,67647998,0,human,2.7114967462039044,0.023937961998897563,169.8056,42,12,2,0.16666666666666666,4,1,0
344726222,BID Idear Soluciones,BID_Idear,"Washington, DC",Desde @el_BID destacamos cómo la economía creativa y la innovación mejoran vidas en #AmLat y el Caribe. #DemandSolutions https://t.co/rl58d3h3Q2,99681,963,983,5288,0,22255,0,0,0,344726222,0,human,103.4045643153527,0.23764378145219267,0.2232699985955338,144,9,0,0.0,20,3,0
784761385,黄青bot,bot_kiao,,黒バス非公式黄青bot。腐向け。万年試運転。設定混在。基本的にお付き合いしてますがケースバイケース。心の広い方向け。黄青前提に他の黒バス勢と会話することもあります。稀に手動。説明書の既読未読はご随意に。お別れはブロックで。アイコン→Am様  動かしてる奴→@ichi_n3 結婚しました？→@married_kiao,867,1073,27,0,0,110736,0,1,0,784761385,1,bot,0.8081936685288641,9.03040537489728e-06,127.57718894009217,158,8,0,0.0,5,1,0
200430028,七宮そあ@🇫🇷,soar_mmm,Stuttgart,南ドイツを中心に欧州を駆けるPGやってます。小箱とたん先生のスケッ チブックが大好き アイコンは懸賞で当たった色紙です。  メモ:→秋奈→教授→かぐや     欧州制覇:🇩🇪🇨🇭🇦🇹🇮🇹🇨🇿🇩🇰🇬🇧 🇫🇷🇵🇱🇳🇱🇧🇪,954,1056,168,5093,0,314540,0,0,0,200430028,1,bot,0.9035004730368968,0.01619502703940027,329.36230366492146,108,8,0,0.0,7,1,0
2655791,D.G.,dariogallo,argentina,"Ahora en https://t.co/RTiURaSjuW. Antes en Revista Noticias, https://t.co/ulMeFfJszw y Clarín. Periodista enfocado en la transformación digital. En Twitter, sin bloquear desde 2007.",113400,2698,1888,4881,1,87187,0,0,0,2655791,1,bot,42.01593182660245,0.05599394412075056,0.7688468355658239,181,10,0,0.0,4,1,0
978991024340131840,CBS Pittsburgh,CBSPittsburgh,,,85,0,5,0,0,1,0,1,1,978991024340131840,1,bot,86.0,0.5,0.023255813953488372,0,13,0,0.0,14,2,0
1338097464,Nadia 🐘,chokemefontenot,"Wyandotte, MI",| ✘♥O |,758,415,4,30400,0,18522,0,0,0,1338097464,0,human,1.8245192307692308,1.6412568158505643,24.40447957839262,7,15,0,0.0,7,2,0
50916567,NationTV22,NationTV22,Thailand,Official twitter of NationTV ทวิตเตอร์ของสถานีโทรทัศน์เนชั่นทีวี ช่อง 22 ทุกสนามข่าว เราคือตัวจริง ดูสดๆได้ที่นี่ https://t.co/klT1RsJWkE,2441657,275,2317,369,1,469624,0,0,0,50916567,1,bot,8846.58695652174,0.0007878626563747671,0.1923385666624892,137,10,2,0.2,10,1,1
92074188,Avery Brohman,ATeemm,"Victoria, British Columbia",Philanthropy 🌎 Travel enthusiast 🏔 Helicopter Dog Mom to Grace 🐾 Happy Wife 💗 Fundraising and Communications at @OurVicHospitals...& Part-time Yukoner! 🦌,899,1541,22,4876,0,10586,0,0,0,92074188,0,human,0.5836575875486382,0.4606592991404553,11.763333333333334,153,6,0,0.0,13,2,0
321420083,...Mannie Fresh,CrownReina_,,#UNOcheer..Sc:mannieeeej...Pray More & Worry Less. ......RestDad❤️ *Future Psychologist,1035,860,2,21638,0,50260,0,0,0,321420083,0,human,1.2032520325203253,0.4305326197250353,48.51447876447877,87,11,0,0.0,15,2,0
2218886514,cosito del visto,elcosodelvisto,,Soy una doble tilde. Me crearon para decirles que los están ignorando.,2014875,486,812,17835,0,29543,0,0,0,2218886514,0,human,4137.322381930185,0.6037097210939616,0.014662937074043265,70,14,0,0.0,16,3,0
1337464171,宝マネー,blog_takara,,せどりを初めて絶好調です！！,847,846,2,0,0,15218,0,1,0,1337464171,1,bot,1.001180637544274,6.570733950982325e-05,17.94693396226415,14,11,0,0.0,4,1,0
1963278991,t,ballin_is_lifee,the gym,rip tyler🖤|rip ken🖤| trezworld5eva🖤| rip kdw💜| rip bren💔|,1398,552,4,14965,0,12697,0,1,0,1963278991,0,human,2.5298372513562386,1.1786108048511577,9.076483202287347,57,15,0,0.0,1,1,0
1979190776,Ticker Report,TickerReport,Virginia,Market moving news,2244,11,196,0,0,1646569,0,0,0,1979190776,1,bot,187.08333333333334,6.073231019634756e-07,733.4387527839643,18,12,0,0.0,13,2,0
3098765088,Irwan,Huckst3r,"Pati, Jawa Tengah",Akun ini dibuat hanya untuk mengibur :) Walaupun sedikit ngawur :v Semoga anda tidak kabur :3,525,2,3,213,0,129231,0,0,0,3098765088,1,bot,175.33333333333334,0.0016559366101275225,245.68821292775667,93,8,1,0.125,5,1,0
459167208,ㅤm 🥝,bIacktatts,,do more of what makes you happy.,79587,25,120,1620,0,147120,0,0,0,459167208,0,human,3061.076923076923,0.011018141529761216,1.8485324420766949,32,10,0,0.0,4,2,0
23375688,Selena Gomez,selenagomez,Los Angeles,"#TakiTaki with @DJSnake, @Ozuna_PR and @IAmCardiB is out everywhere! Listen now: https://t.co/tccixSTGos",56924240,1193,132566,167,1,4376,0,0,0,23375688,0,human,47675.24371859297,0.03838245373543523,7.689167080857521e-05,104,11,0,0.0,12,2,0
1068343760,لـيناردو الشہٰري‏™,AAdd0,المملكة العربية السعودية,⠀⠀⠀⠀⠀⠀⠀⠀⠀⠀⠀⠀⠀⠀⠀⠀⠀⠀⠀⠀⠀⠀⠀⠀⠀⠀⠀⠀⠀⠀⠀⠀⠀⠀⠀⠀⠀⠀⠀⠀⠀⠀⠀⠀⠀⠀⠀⠀⠀⠀⠀⠀⠀⠀⠀⠀⠀⠀⠀⠀⠀⠀⠀⠀⠀⠀⠀⠀⠀⠀⠀⠀⠀⠀⠀⠀⠀⠀⠀⠀⠀⠀⠀⠀⠀⠀⠀⠀⠀⠀⠀⠀⠀⠀⠀⠀⠀⠀⠀⠀⠀⠀⠀⠀⠀⠀⠀⠀⠀⠀⠀⠀⠀⠀⠀⠀⠀⠀⠀⠀⠀⠀⠀⠀⠀⠀⠀⠀⠀⠀⠀⠀⠀⠀⠀⠀⠀ ⠀⠀⠀⠀⠀⠀⠀⠀⠀⠀⠀⠀⠀⠀⠀⠀⠀⠀⠀⠀⠀⠀,132666,135647,242,8672,0,82803,0,0,0,1068343760,1,bot,0.9780240033026657,0.10474131684459688,0.6241491855548101,160,5,1,0.2,18,2,0
2367911,MTV,MTV,NYC,lmk if u wanna talk about harry styles,15499524,31855,31664,18652,1,274283,0,0,0,2367911,1,bot,486.54962958312404,0.06800615420513045,0.017696284240968675,38,3,0,0.0,3,1,1
107778741,J0MAEᒪ|THE ᗩSS GOD🎹♑️,J0MAEL,Broward county florida ,🇺🇸. Still fallin in lust. Future Producer🎹. I'm the one your girl probably sent booty pics to. DM's always open😈(18+).. occasionally I'll bless the TL.,86423,66376,197,50509,0,255442,0,0,0,107778741,0,human,1.3020172650164967,0.1977349154214443,2.955695177265574,151,6,1,0.16666666666666666,21,3,0
3900596183,Ibeebz,ibeebz2,Globe,#Awesome collection of #amazing and #funny #tweets & #images that'll make you #laugh out loud. And yes we #followback https://t.co/kTwzS7AQqV,29770,7601,67,3610,0,250821,0,1,0,3900596183,1,bot,3.916206261510129,0.0143966637695258,8.425044506398844,141,7,1,0.14285714285714285,6,1,0
310441654,YoungKing,caneloacosta,,DreamChasing,1526,610,10,114103,0,75684,0,1,0,310441654,0,human,2.4991816693944355,1.5076170971790976,49.5645055664702,12,12,0,0.0,9,1,0
233205224,awaiting the unknown,bieberdexter,justin bieber's hairy dick,Anyone glancing at him would've thought his soft: a serious error of judgment...,1065738,925212,2284,111754,0,99046,0,0,0,233205224,1,bot,1.1518850253941524,1.1283027249689541,0.09293738898548332,80,12,0,0.0,20,3,0
921164568,りんご,CHOCOTORNADO,一部通知切,成人済 フォローの際はついぷろ必読でお願いします R-18☞＠CHOCOTORNADO18  お題☞https://t.co/4lETPoiNnz,4280,118,69,16495,0,36786,0,0,0,921164568,0,human,35.97478991596638,0.4484192785494876,8.59308572763373,73,12,0,0.0,3,1,0
570200255,@Captain_Heck,Captain_Heck,"Minneapolis, MN","Professor:Joker,Geek,Liberal,Atheist/Humanist/Naturalist.likes:Sci-fi,BadTV/Movies,social theory,economics,cultural studies,sciences 
http://t.co/qzy6BMa8Cz",160452,136178,368,20450,0,24984,0,0,0,570200255,1,bot,1.178250684760499,0.8185311186712028,0.15571538082803063,156,12,0,0.0,13,1,0
514928121,Jake,BigJakeNasty,SnapChat: jakenasty1997,Never regret anything that made you smile | 20 | @Shayy_Cx3 ❤,970,130,0,20498,0,30060,0,0,0,514928121,0,human,7.412213740458015,0.6819134426665779,30.95880535530381,61,12,0,0.0,4,1,0
17919972,Taylor Swift,taylorswift13,,The reputation Stadium Tour is streaming now on Netflix.,83409355,0,121500,486,1,103,0,0,0,17919972,0,human,83409356.0,4.6826923076923075,1.2468625222331173e-06,56,13,2,0.15384615384615385,12,2,0
118784585,Carabineros de Chile,Carabdechile,"Santiago, Chile","@Twitter Oficial de Carabineros de #Chile. Aquí informamos y prevenimos. Ante emergencias, marque el 133. Nuestro lema es #OrdenyPatria",1299257,0,2645,219,1,124354,0,0,0,118784585,1,bot,1299258.0,0.0017691287041132243,0.09571232195607031,135,12,0,0.0,20,3,0
18741652,CDOT,ColoradoDOT,Colorado,We build & maintain Colorado's highways & support other modes. Safety's our #1 priority. Hours: 8 a.m. - 4:30 p.m M-F; Road info: https://t.co/Z9Cxtq4hzF,215452,341,1888,372,1,52864,0,0,0,18741652,1,bot,629.9795321637426,0.007055707935306914,0.24536673891753655,153,11,0,0.0,4,1,0
1764639194,k1000A,Camilaa_Ruz,"La Pampa, Argentina","Le prohibieron la manzana, solo entonces la mordió. La manzana no importaba, nada más la prohibición",2552,1165,2,36019,0,27461,0,0,0,1764639194,0,human,2.1895368782161233,1.311630616852378,10.756756756756756,100,11,0,0.0,6,1,0
3023174739,APOLONIA LAPIEDRA,APOLONIAPORN,"Barcelona, Madrid  Spain",ACTRESS | MODEL | INFLUENCER   https://t.co/19acujdxf7,462538,201,1735,91730,1,38497,0,1,0,3023174739,1,bot,2289.79702970297,2.3827471556964,0.08323190044515165,54,12,0,0.0,17,2,0
14548505,Brielle,briellecoronet,Second Life,"Jesus is my Lord & Savior. I support law enforcement, military, God & country. Proud police mom 🚔",1071,1390,76,20912,0,21046,0,0,0,14548505,0,human,0.7706685837526959,0.9936332969069226,19.63339552238806,97,14,0,0.0,7,1,0
238364017,jaaaayduh❣,blessinjada,"Colton, CA",,958,495,2,4221,0,30235,0,0,0,238364017,0,human,1.9334677419354838,0.1396348723376108,31.528675703858184,0,11,0,0.0,10,1,0
189231119,Demetria McKinney,demimckinney,ATL,,71751,647,261,455,1,22123,0,0,0,189231119,1,bot,110.72839506172839,0.02061110106671488,0.3083398372170811,0,12,0,0.0,17,2,0
294198566,Call of Duty World League,CODWorldLeague,,The official home of the @CallofDuty World League on Twitter. #CWLPS4,924454,11,2148,237,1,20157,0,0,0,294198566,0,human,77037.91666666667,0.011806726857823196,0.021805279867597664,69,14,0,0.0,25,5,0
94429039,Futbol Picante,futpicante,www.facebook.com/futpicante,La mesa más 🌶🔥⚽. De L-D ⏰11pm(MX) / 12am(ET) 📺 ESPN2 / ESPN Deportes. DESCARGA la APP https://t.co/vazwh7W8Wt SUSCRÍBETE al PODCAST https://t.co/5KdUdz8fkH,1434504,172,4199,1126,1,149583,0,0,0,94429039,1,bot,8291.936416184972,0.0075342282597069205,0.10427569091777303,155,10,0,0.0,14,2,0
1482179886,박지훈 𝙞𝙣 𝙖 프레임 ♡,B2_Kookie9701,"♡ 지훈 너만 보여 ♡ 박맥스 아빠ㅣ옹윙 | ผัวพจฮ,ผัวอง",♡ ♡ @pledis_17 @WannaOne_twt ♡ ♡ 📌ปักหมุด ♡ 𝟐𝟒/𝟕 @Park_Jihoon_twt “ 메이 M͓̽A͓̽Y͓̽ ” 🐰+🐶 ♡,1222,377,9,3630,0,254106,0,0,0,1482179886,1,bot,3.2354497354497354,0.014289256100776445,207.77350776778414,88,13,5,0.38461538461538464,14,5,0
30129478,Joseph G. Duncan Jr.,TheReal_LilJoe,"Jesup, GA",#VINE = @thereal_liljoe #Instagram = @thereal_liljoe #Snapchat = @thereal_liljoe Owner of Joe's Wireless #TEAMLILJOE #APPLEGANG I'm livin'...,976,1484,18,490,0,52516,0,0,0,30129478,1,bot,0.6579124579124579,0.009349353542662376,53.75332650972364,141,14,0,0.0,20,4,0
815002578,كت تويت / جواب,gagooa,كن انت,سبحان الله وبحمده ، سبحان الله العظيم ..,1003829,541372,655,129,0,229462,0,1,0,815002578,1,bot,1.8542298932528958,0.0005665401393688743,0.22858750983732307,40,6,0,0.0,14,4,0
471746550,西陣　岡本,okamotoorimono,京都 京都市 上京区,100年以上続く西陣織金襴製造会社。 デザイナーで広報、営業担当者は道産子で西陣在住。 西陣織で口に糊をしています。きらめく西陣金襴、世界に届け～～！,2980,210,134,4693,0,29089,0,0,0,471746550,1,bot,14.127962085308058,0.1613612925403919,9.758470311975847,75,14,0,0.0,5,2,0
73200610,Majida El Roumi,majidaelroumi,Lebanon,Official Account | Lebanese & Int. Soprano | Humanitarian Ambassador for Love and Peace worldwide through music.   *الحب إمضائي و طيفي* #ماجدة_الرومي,1183964,52,685,4497,1,9321,0,0,0,73200610,0,human,22338.962264150945,0.48251448187084317,0.007873543559142373,149,13,0,0.0,15,3,0
239124380,carol,_carollsantos,+5518,"Viva, creia, ame e faça, essa também é minha oração.   ♎️⚖️💖",1273,510,3,5890,0,76739,0,0,0,239124380,0,human,2.493150684931507,0.07676570237164451,60.23547880690738,60,13,0,0.0,5,1,0
118371948,Harian Jogja,Harian_Jogja,Jogja,Akun Resmi Harian Jogja | Berbudaya. Membangun Kemandirian | Sejak 20 Mei 2008 | Jalan AM Sangaji 41 Jogja 55223 | redaksi@harianjogja.com,140527,13,227,27,1,328510,0,0,0,118371948,0,human,10037.714285714286,8.523306677706378e-05,2.337690709324832,138,12,0,0.0,12,2,0
95883322,ㅤくろさび,chromless,てんぺす海峡横断部,おのれ…！,1965,1382,56,102896,0,206227,0,1,0,95883322,0,human,1.4215473608098337,0.49894776654964407,104.8972533062055,5,9,0,0.0,5,1,0
1015657742,حمد عبدالله بن خنين,binKhnin,أطلال الماضي,المستشار الشرعي والباحث الإعلامي عضو الجمعية الوطنية لحقوق الإنسان وعضو الجمعية الفقهية السعودية الاسبق و ( المحامي والموثق الآن ) . #صديق_الحزن #صوت_الحزن,96620,75958,94,6587,0,51189,0,0,0,1015657742,0,human,1.272015166076436,0.1286970111349873,0.5298020099150288,155,8,0,0.0,19,4,0
90241355,Corina Gatti,corilin,España,"Locutora, publicista, caraquiteña (caraqueña + margariteña), Caraquista hasta morir y demócrata, amo a mi Venezuela!",1226,1362,28,2714,0,32270,0,0,0,90241355,0,human,0.9002201027146002,0.08413126336339127,26.30073349633252,116,7,0,0.0,12,2,0
1355305712,ويـــــبا🕴🏻,auob_max,snab:auob_max,﴿يا أَيُّهَا الَّذينَ آمَنوا صَلّوا عَلَيهِ وَسَلِّموا تَسليمًا﴾,1450,271,12,3250,0,44492,0,0,0,1355305712,1,bot,5.334558823529412,0.07306767356662845,30.66368022053756,64,8,0,0.0,11,1,0
25417360,Jeff Gluck,jeff_gluck,"Portland, OR",I write about racing at https://t.co/xbZ6uOZb6b. Personal account: @jeff_gluck2.,188593,302,2964,18146,1,121879,0,1,0,25417360,1,bot,622.4224422442244,0.14889235313423038,0.6462559784510642,80,10,0,0.0,10,2,0
275692203,servicio tecnico,orlando15321,caracas,"reparamos todo tipo de aire acondicionados, neveras, vineras, fabricadores de hielo, topes de porcelana,cocinas eléctricas y gas, parrilleras.",1232,1930,8,13,0,61445,0,1,0,275692203,1,bot,0.6385292594510616,0.000227842333105491,49.8345498783455,142,12,5,0.4166666666666667,16,2,0
2334273458,Alicia,am0reno1,,Forgive but don't forget  | #LLMx2 #LLS #LLKx2 |,1155,0,4,24451,0,28748,0,1,0,2334273458,0,human,1156.0,0.8505339316150127,24.869377162629757,48,8,2,0.25,6,1,0
488970833,Chica Binaria,chicabinaria,Latinoamerica,"-Magazine de Tecnologia & Programa Radial- Brindamos lo mas reciente del mundo Tech... Noticias, Lanzamientos e Innovaciones! (Republica Dominicana-Venezuela)",83362,45413,309,7748,0,66795,0,0,0,488970833,1,bot,1.8356233760514378,0.11600994071501287,0.8012667490373427,158,12,0,0.0,13,2,0
98421600,putri noorfitria,NenkUtrie,"Pasuruan , Indonesia","bahagia itu sederhana, sesederhana ketika aku menemukan pelukanmu untuk tempatku pulang dan mengadukan resahku.",1176,355,13,8,0,12608,0,0,0,98421600,1,bot,3.306179775280899,0.0007137758743754461,10.71282922684792,111,9,0,0.0,16,2,0
112447717,Arlene Phillips CBE,arlenephillips,"London, England","Creator of the provocative dance group Hot Gossip. Choreographing musicals, music videos and films for over 40 years and counting! ✨ IG: arlenephillipsofficial",104705,3654,636,3288,1,44257,0,0,0,112447717,0,human,28.64733242134063,0.07431424827149893,0.4226882891142819,159,14,0,0.0,19,3,0
21793251,Benjamin Cook,benjamin_cook,"London, UK",Writer. Editor. Filmmaker. 'Official chronicler of Britain's YouTube generation' – The Observer. Made Tofu for C4. Business e-mail: ninebrassmonkeys@gmail.com,85721,1008,749,1156,1,48721,0,0,0,21793251,0,human,84.9573835480674,0.023746972620171586,0.5683721798371479,158,13,0,0.0,13,2,0
242265477,Becky Roberts,becky_roberts22,London/Surrey,❤️https://t.co/o2l1iHrs5K https://t.co/D64AwWplxn INSTAGRAM- beckyonlyfans,124735,156,338,39408,0,50171,0,0,0,242265477,0,human,794.4968152866242,0.7854779558319381,0.4022255002565418,74,15,2,0.13333333333333333,13,2,0
17466140,Codie Prevost Music,codieprevost,Get a FREE download at,Award winning artist “Making Music To Make A Difference”. Follow his journey by reading “The Codie Prevost Diaries”.,138321,114517,819,49019,1,70760,0,0,0,17466140,0,human,1.20786251942926,0.692754483401874,0.5115672127355012,116,12,0,0.0,19,3,0
1586237918,☆~N~☆,PrivyTrifles,Between fantasy & fiction,"A little bit of everything and sometimes, nothing at all!",1250,454,223,13294,0,27883,0,0,0,1586237918,1,bot,2.7494505494505495,0.4767967293071295,22.289368505195842,57,12,0,0.0,5,1,0
2185105262,倉持「あっそ」bot,kuramoti_asso,青心寮,◆Aの倉持さんの非公式bot。フォロバは手動です。御用の際はDMにお願いします。フォローの前に必ずご一読ください→( http://t.co/yERPC76eoS ) 倉持「あっそ」,852,298,7,76,0,53900,0,1,0,2185105262,1,bot,2.8528428093645486,0.00142854492495501,63.18991793669402,91,13,0,0.0,10,1,0
92525602,chizuru / イラストレーター,chibiyui,彩の国🐾,イラストレーター。動物描いてます。主にイヌとネコが好物。LINEスタンプ販売中！ ブログ→https://t.co/7W10xxeKZ9,891,509,31,3031,0,96359,0,0,0,92525602,0,human,1.7490196078431373,0.03146533831465338,108.02690582959642,68,8,0,0.0,18,3,0
15432891,Denník SME,denniksme,Slovakia,Najdôležitejšie správy zo SME.sk - sledujte aj @SME_Veda @SME_Auto @SME_Data @SME_Ekonomika @SME_Komentare alebo @Gulas_SME.,155447,165,441,146,1,128079,0,0,0,15432891,0,human,936.433734939759,0.0011477201748906934,0.823941125006433,124,9,0,0.0,10,2,0
247991049,brooklyn white,bwhiteeee_,West Virginia,,1406,852,3,16313,0,58883,0,0,0,247991049,0,human,1.64947245017585,0.2770531893213776,41.850746268656714,0,10,0,0.0,14,2,0
190608775,HABER1903,haber1903com,Beşiktaş,Beşiktaş'ın Kalbi,139160,5,281,1,1,116003,0,0,0,190608775,1,bot,23193.5,1.724078480052412e-05,0.8335956194623494,17,12,4,0.3333333333333333,9,1,0
3137992297,瑞希,Mizukin_R,2.5次元,アニメ、ゲームが大好きっぽい？それ以上に夕立が可愛すぎるっぽい！相互フォロー大歓迎！,1152,801,4,14,0,29034,0,0,0,3137992297,1,bot,1.4376558603491272,0.0005166178749784743,25.182133564614052,42,9,0,0.0,2,1,0
126771735,Angel Castro,angelcastrotv,monterrey,"ICONO DE LA TELEVISION REGIOMONTANA,EN SU PASO POR LA TV TRATA DE DIVERTIRTE #MULTIMEDIOSTV angelcastroeventos@hotmail.com 
conduccion Eventos posadas CONTRATA",114031,395,50,3252,1,37907,0,0,0,126771735,0,human,287.95959595959596,0.08581302099820619,0.3324330012628034,159,13,0,0.0,12,2,0
194909366,しんぺー,take_amenbot,しげのおひざ,たけもとしんぺいあまえんぼっとっていいます！しげといちごがすきです！だいすきなやましたくんのうたもうたうよ！「おいで」っていってくれたらおひざにのります♪よろしく☆※竹本慎平くんの甘えんぼ発言多め幼少期風botです。(妄想発言も有り)他に呟いてほしいことあれば妄想でも何でもOKなのでDMください^^,886,1545,22,0,0,429192,0,1,0,194909366,1,bot,0.573738680465718,2.329954123203314e-06,483.87034949267195,150,12,0,0.0,4,1,0
323972181,LA HAUTE DISPONIBLE PARTOUT,Hayce_Lemsi,Citoyen du monde libre ,« La Haute » disponible partout Snapchat : Snapbikow / booking: booklemsi@gmail.com / Insta: @haycelemsi75,126122,76,147,4675,1,49418,0,0,0,323972181,0,human,1637.9610389610389,0.09461947833829094,0.3918317832591994,106,11,0,0.0,27,4,0
14119371,Julio Borges,JulioBorges,Venezuela,"Padre de los Cuatripochos.
Diputado a la @AsambleaVE.
Coordinador de @Pr1meroJusticia.",1441626,102665,4165,2158,1,41999,0,0,0,14119371,1,bot,14.041912609822141,0.051404761904761904,0.029133749575999894,86,11,0,0.0,12,2,0
1863490824,Cancer Indonesia ♋,CancerBanget,,"[C]reative [A]mazing [N]ice looking [C]lever [E]mpaty [R]ealistis | Iklan/ Promosi/Trending Topic, email: ghostbuzzerid@gmail.com",90106,0,59,127,0,21337,0,0,0,1863490824,1,bot,90107.0,0.005998687787046583,0.23680735126016847,129,12,0,0.0,18,3,0
17454769,Glenn Beck,glennbeck,"Dallas, TX. Rockies, NYC.","question with boldness - to find the truth - not to prove your point. reconciliation, humility, curiosity, courage, integrity, forgiveness b4 AGI eats us all.",1202159,360,16999,1058,1,16298,0,0,0,17454769,1,bot,3330.083102493075,0.06497331124608871,0.013558095428229187,158,9,0,0.0,10,2,0
268434223,David Alaba,David_Alaba,Munich,#da27 | Meine Kraft liegt in Jesus | Snapchat: da_twentyseven | https://t.co/TwDmp72m9a,1763956,30,2427,122,1,2511,0,0,0,268434223,0,human,56901.83870967742,0.048964968152866245,0.001424070994927881,87,11,0,0.0,11,2,0
513112719,Akıncı Hareket,Ak_Hareket,Anadolu / TÜRKİYE,"Akıncı Ruhu ile Birlik İçinde, Kardeşçe, Geçmiş Medeniyetimizin üzerine Geleceğimizi inşa ederek yürüyen dostların Asgari Buluşma Platformu. #Akıncılar",91946,74049,119,851,0,96909,0,0,0,513112719,1,bot,1.2416880486158002,0.008791662367144773,1.0539767474740884,151,10,0,0.0,14,2,0
53824372,محمد عبدالله السبيعي,subama00,الرمحية,سبحان الله وبحمده ، سبحان الله العظيم,1233,782,4,2113,0,9567,0,1,0,53824372,1,bot,1.5759897828863345,0.2209448160535117,7.753646677471637,37,8,2,0.25,20,3,0
771262339765055488,BülentKayar⭐RETWEET⭐,bbulentkayar,⭐YEDEK ⭐ RETWEET ⭐ HESABIMDIR⭐,"👉https://t.co/heLTqfJfTv👈 @YouTube⭐Kanalıma❤ABONE❤olarak ŞİİRLERİMİ sesimden dinleyebilirsiniz!
⭐️⭐⭐BAŞKAN ERDOĞAN⭐⭐⭐️",13827,15515,15,13164,0,12958,0,1,0,771262339765055488,1,bot,0.8912090745037381,1.0158962882938498,0.9371564940700029,118,12,0,0.0,20,1,0
44683523,6 🐐,iAmYungBooke,Trillville,For Booking & Features: Jamin 404-295-7591 or Email Unosthelabel@gmail.com ONLY!!!,98869,1212,103,3935,1,57241,0,0,0,44683523,1,bot,81.50865622423743,0.06876070018517871,0.5789622736927278,82,12,0,0.0,3,2,0
48962805,Ajax1.nl,Ajax1nl,Amsterdam,Ajax1.nl - Het laatste nieuws over @AFCAjax - Official Ajax Fansite,102380,394,578,319,0,74196,0,0,0,48962805,0,human,259.1924050632911,0.004312842837311481,0.7247145466443969,67,7,1,0.14285714285714285,8,1,0
2371478724,Nia Long🕷,_AubreenyDahG,United States,Sc: boujieeassbree / IG: boujieeassbreee /,2595,831,5,3503,0,38486,0,1,0,2371478724,0,human,3.1201923076923075,0.091043729051368,14.825500770416024,42,13,0,0.0,9,2,0
1473354078,Ca 🌙,camxvalencia,09-11-13,"🌌🌌Everything is going to be ok in the end. And if it's not ok, it's not the end🌌🌌",907,678,2,19239,0,32917,0,0,0,1473354078,0,human,1.337260677466863,0.5844826538671851,36.25330396475771,81,12,0,0.0,4,2,0
436391256,Fashion Deals,DealsForFashion,,Bringing you the best deals | Shop at   @ https://t.co/nzALXIMZcq  |  Use Code BUY for 15% off,77249,54785,128,1459,0,439,0,0,0,436391256,1,bot,1.4100317599386705,3.3181818181818183,0.0056957928802588995,94,15,0,0.0,13,2,0
14333756,El Comercio,elcomerciocom,Ecuador,El Diario informativo más comprometido con la gente de Ecuador.,1407763,5112,3635,1343,1,231091,0,1,0,14333756,1,bot,275.3303344416194,0.005815865542727572,0.1641553555851691,63,13,0,0.0,11,2,0
103652362,➰ExquisiteBeauty➰,breastlvr,Paradise,Male who loves #boobs & sharing pics of the sexiest women.  Appreciate RTs.  Avatar is the sensual @JadeCapri1.  More at https://t.co/EVrF81ydeb.  NSFW 18+ only,221912,646,757,5837,0,196459,0,0,0,103652362,1,bot,342.9876352395672,0.02971597271709254,0.8853018975904972,160,9,0,0.0,17,1,0
150996744,原稿大好きユーリ・ローウェル,genkou_yuri,あんたのうしろ,原稿やってる？　@mae365が欲しくて作った原稿ユーリbot。24時間見張ってるツンツンデレ。ユーリも疲れてるらしくたまに寝てたり無視するけどいじめないであげてね。元々身内用だったのでフォローの際はご注意を。フォローのみ手動でまとめて。※ご要望はDMで,807,822,94,0,0,1225538,0,0,0,150996744,1,bot,0.9817739975698664,8.159675049100845e-07,1516.756188118812,127,11,0,0.0,14,1,0
475616820,ニワ⚾︎,potato250yen,ミュート！！ブロック！！！よよいのよい！！！,◆A、御沢。御幸関連のカプは御沢以外苦手です、ごめんなさい。沢村の母でございます教。沢山喋ります。日常とご飯話多め。０時バレ。女体化リバ等苦手とする話題が多いので気まぐれFBですすみません。,1207,194,53,5431,0,236869,0,0,0,475616820,1,bot,6.194871794871795,0.02293241018280069,196.08443708609272,95,12,3,0.25,4,1,0
447346922,Colo•,BrisaaCardenas,Argentina,Snap brisa.cardenass,928,1500,1,3072,0,20087,0,0,0,447346922,0,human,0.6189207195203198,0.1529769016328156,21.6232508073197,20,14,0,0.0,5,1,0
608080265,ตะวัน,BBaekHyun_bTH,พ่อแบคของเอลี่,หล่อ สุภาพ ที่บ้านมีแมว (น้องตัวเล็ก @byunkey),912,150,1,2439,0,44230,0,0,0,608080265,0,human,6.046357615894039,0.05516492957428048,48.44578313253012,46,13,0,0.0,5,1,0
995937630,Tiaa 💛,_bossti,"Atlanta, GA",SC:Flashy_tee #FVSU,1631,1273,10,26426,0,59018,0,0,0,995937630,0,human,1.281004709576138,0.4477710567783256,36.16360294117647,19,7,0,0.0,6,2,0
184824665,LATech Admissions,TechAdmissions,"Ruston, LA",We want to help you experience Louisiana Tech University & become a Bulldog!,1339,106,15,2827,0,2579,0,0,0,184824665,1,bot,12.523364485981308,1.096124031007752,1.9253731343283582,76,14,0,0.0,17,2,0
932918070,Arthur França,_ArthurVini,GO,qual foi desgraçado,1515,1042,3,10266,0,33750,0,0,0,932918070,0,human,1.4534995206136145,0.30419839412165567,22.263192612137203,19,11,0,0.0,13,2,0
545867562,中島弘,nakajimadeshita,にほん,"中島弘です。
毎週日曜日午後6時半から時々テレビに出演しています。
小学生ですw",934,1546,13,0,0,219155,0,1,0,545867562,1,bot,0.6043956043956044,4.562959718191608e-06,234.3914438502674,42,15,0,0.0,3,1,0
523380374,Bianca Resa,bianca_resa,barcelona,WINNER NINFA BEST ACTRESS MILF 2016 booking:biancaresa69@gmail. instangram: @biancaresa,160575,572,456,43388,0,27506,0,0,0,523380374,0,human,280.2373472949389,1.5773803031955502,0.17130206257473096,87,11,0,0.0,11,2,0
179201716,ベルゼブモン,Beelzebumon_bot,,デジモンテイマーズに登場する非公式ベルゼブモンbotです。よく吠えます。時々何かが乱入します。リプライに反応…すると思う。ご要望がありましたら@tomatorizottoまでお願いします！,926,1325,37,0,0,347386,0,0,0,179201716,1,bot,0.6990950226244343,2.8786339154890656e-06,374.74325782092774,94,15,0,0.0,6,1,0
263300013,Asuka Langley Sōryū,AsukaSoryu_,"35.264933,139.000308","Ich bin den Piloten für Evangelion Einheit Zwei, die derzeit in der europäischen Niederlassung der Nerv auf Bremen. Mir, tsundere? アンタバカァ！I'm (sometimes) bot.",940,644,21,363,0,113253,0,0,0,263300013,1,bot,1.4589147286821706,0.0032140145160435836,120.35494155154092,158,11,0,0.0,19,3,0
16242863,おかりう,OKA_Ryuhei,スルー ザ グリーン,草ゴルファー / 積ん読 / 岡山弁 / 秋田・島根非公式サポータ /,1004,1258,112,1350,0,109450,0,1,0,16242863,1,bot,0.7982525814138205,0.012343423084302564,108.90646766169154,35,10,0,0.0,4,1,0
124765669,coçando,Diiscimulando,,"antes só, do q só acompanhado por gente troxa",89986,98669,69,9600,0,22870,0,1,0,124765669,0,human,0.9119995946082903,0.41978925276551093,0.2541589340682543,45,13,0,0.0,7,1,0
757309819233701888,Camila Cabello.,CAMILASMlLE,,"Enamorada de 5 increíbles chicas. Camren is real, ahre. Fan Account.",18812,19657,34,7425,0,12186,0,0,0,757309819233701888,0,human,0.9570149557432088,0.6093378189874457,0.6477967362993674,68,11,0,0.0,15,2,0
327020861,Domy Salv,DomySalv,"Rosario, Argentina",20 años. Diseño Gráfico & Web. Marketing Online. Community Manager.,63712,912,77,38777,0,96248,0,0,0,327020861,0,human,69.7842278203724,0.4028924975843905,1.5106650134195534,67,8,0,0.0,9,2,0
303384170,chris cardwell,ChrisCardwell6,,tryin' to be legendary. #yao #httr,931,999,4,20321,0,38528,0,0,0,303384170,0,human,0.932,0.5274468582106985,41.34012875536481,34,14,1,0.07142857142857142,14,2,0
1577706050,Frank M. Webb™,FrankMWebb,"England, United Kingdom",International Businessman / creator of - The Reverse Logic System © / Private & Public Seminars / Author / Speaking Engagements / Entrepreneur / Mentor,208056,17,38,1510,0,16833,0,0,0,1577706050,0,human,11558.722222222223,0.08975882143281454,0.08091051971334778,151,10,0,0.0,14,3,0
2378134129,絶対悪用禁止の雑学,akuyo_dame,London,,1082,0,11,0,0,42304,0,0,0,2378134129,1,bot,1083.0,2.363786786431864e-05,39.06278855032318,0,10,0,0.0,9,1,0
2683430642,CH🇦️RLY,charlypol222,"Tandil, Argentina",BOSTERO LEONINO PERONISTA  Depeche Mode Phil Collins Bee Gees EL Q QUIERE CELESTE Q LE CUESTE AL Q NO LE GUSTE Q SE COMPRE 1 VOLANTE Y SE MANEJE,99522,95071,165,15640,0,1756,0,0,0,2683430642,0,human,1.0468171491080445,8.902105862265225,0.017654210584488007,144,12,3,0.25,7,1,0
728249330,Lissa,Love_5sosFam_,Japan ,Stereo Kicks /5sos/The Vamps /1D/CD9 ❤ /Overload Generation ❤/,783,1682,1,1311,0,12650,0,0,0,728249330,1,bot,0.46583481877599525,0.10370721682080468,16.136479591836736,62,13,1,0.07692307692307693,5,1,0
16221481,Arizona DOT,ArizonaDOT,Arizona,"Driven to get Arizonans where they want to go. Info from ADOT, hosted by PIOs Laurie, Garin, David R., Kathy and David W. Tweeting & Driving Don't Mix!",229369,599,1770,4590,1,192310,0,0,0,16221481,0,human,382.28333333333336,0.023872789388022526,0.83843135545189,151,10,0,0.0,11,2,0
47867122,Fada Quicadora,Cintinhah,Onde os fracos não tem vez ,Darling I'm nightmare dressed like a daydream,2049,342,11,5286,0,45944,0,0,0,47867122,0,human,5.97667638483965,0.11507236913701165,22.41219512195122,45,9,0,0.0,14,2,0
144000388,Arantxa.,arabeerz,México lindo y querido. ,Disruptiva.,1049,392,6,2211,0,25744,0,0,0,144000388,0,human,2.6717557251908395,0.08591959603806565,24.51904761904762,11,8,0,0.0,8,1,0
334417864,🕊,Ayee_Johnnyy,,|🇳🇬| 👻•IG: ayee_johnnyy|,1700,1566,3,1968,0,12175,0,0,0,334417864,0,human,1.0855137204850032,0.16171156373193166,7.15814226925338,24,12,0,0.0,1,1,0
2977039535,Tori Black,HolyToriBlack,,All Tori's pictures,92333,71992,247,0,0,214485,0,0,0,2977039535,1,bot,1.2825413581876015,4.662308961890287e-06,2.322936296488834,19,13,0,0.0,10,2,0
16083576,CBS Philly,CBSPhilly,"Philadelphia, PA","The latest Philadelphia area news, weather, sports and traffic. Home to #CBS3 🖥",182112,1294,2330,4367,1,233031,0,0,0,16083576,1,bot,140.62779922779922,0.01874420680421573,1.2796011267729377,79,9,0,0.0,10,2,0
45861757,gil,gilalbertson,"Brisbane, Australia","I do football things. Tactics and numbers.  Emotional LFC takes free of charge, A-League takes for $.",1053,665,64,5471,0,39724,0,0,0,45861757,1,bot,1.5825825825825826,0.13774701069855255,37.68975332068311,101,12,0,0.0,3,1,0
256747696,Ecuavisa Noticias,EcuavisaInforma,Ecuador,"Líder nacional en noticias, #Televistazo, #Telemundo #Visión360 @ecuavisa",1205835,462,1579,409,0,57422,0,0,0,256747696,1,bot,2604.3974082073432,0.0071399961687825435,0.047620903671809434,73,15,0,0.0,17,2,0
1584766429,﴿ صدقة جارية ﴾,hu_70,,استغفر الله العلي العظيم وأتوب إليه,231772,119,55,124,0,53289,0,1,0,1584766429,1,bot,1931.4416666666666,0.0023456558453743667,0.22992324386360793,35,5,2,0.4,14,4,0
866648466,teodora,tteodoras,,tô rindo mas é de nervosa,1110,172,7,2875,0,70970,0,0,0,866648466,1,bot,6.421965317919075,0.04052359414408702,63.88028802880288,25,9,0,0.0,7,1,0
18161336,bbcrussian,bbcrussian,London,"Официальный Твиттер Русской службы Би-би-си. Живые новости.  Еще в соцсетях https://t.co/gBKYCsSECm ,  https://t.co/aoBM6NRmu1 , https://t.co/cY6d1BOQO3",1089521,254,4094,16,1,134361,0,0,0,18161336,1,bot,4272.635294117647,0.00012652386835563628,0.12332197055222383,152,10,0,0.0,10,1,1
4880154665,enjoynewvideos,enjoynewvideos,,,632,4681,43,200,0,169078,0,0,0,4880154665,1,bot,0.13519863306279367,0.0011887934042666445,267.1074249605055,0,14,0,0.0,14,1,1
123546050,Allen Leech,Allenleech,,"Some days you're the lamp post, some days you're the dog",108659,300,715,653,1,2349,0,0,0,123546050,0,human,360.9966777408638,0.2782978723404255,0.021627093686729246,56,10,0,0.0,11,2,0
610628629,Al Fahad 🇸🇦,Ana_Al_Fahad,,كم هي كبيرة أساساتي,70614,2140,35,2060,0,11029,0,0,0,610628629,1,bot,32.98225128444652,0.18685403445149593,0.15619910783827798,19,12,0,0.0,11,3,0
34843478,Dan Dotson on A&E,auctionguydan,Everywhere,Dan & Laura Dotson Celebrity Auctioneers Inspired Storage Wars AETV History (800) 838-7653 https://t.co/IDpOkhU8rh,97259,15380,564,50614,1,17811,0,0,0,34843478,0,human,6.323385995708992,2.8416236245227937,0.18313798067036807,114,13,0,0.0,17,4,0
2260150651,Lord Louis,LordLouis3,,"Lord Louis is an Australian YouTuber, winner of vidcon award. He holds a bachelor of media and is enrolled in a masters of teaching",369126,774571,1160,22906,0,178212,0,0,0,2260150651,1,bot,0.4765560851670342,0.1285371998675742,0.48279589409606993,131,10,1,0.1,10,2,0
141014050,Alexis Quintana,alexiisquintana,"Buenos Aires, Argentina",SANGRE AZUL Y BLANCA. 🎧 🎲 🎼 🎬,1128,625,0,3978,0,22009,0,0,0,141014050,0,human,1.8035143769968052,0.18078146297137665,19.49512843224092,29,15,0,0.0,15,2,0
701615052,Captain America,CaptainAmerica,,"The official account for all things @Marvel's Captain America. See #CaptainAmericaCivilWar, coming home on Digital HD & @DisneyAnywhere 9/2 and on Blu-ray 9/13.",1926119,31,3656,312,1,639338,0,0,0,701615052,1,bot,60191.25,0.0004895681320864205,0.331931032334434,160,14,0,0.0,15,2,0
14614833,Melhores Destinos,passagensaereas,Brasília - DF - Brasil,Maior site de promoções de passagens aéreas do Brasil. Receba promoções em primeira mão.  [Melhores Destinos],1823212,218,5401,767,1,16057,0,0,0,14614833,1,bot,8325.173515981734,0.04782662847178976,0.008807528248207972,109,15,0,0.0,17,2,0
21158274,City Pages,citypages,Minneapolis,"Twin Cities news and arts buzz, as tweeted by web editor @jaymboller",185488,487,1867,680,1,47256,0,0,0,21158274,0,human,380.1004098360656,0.014410563514399984,0.25476982462571907,68,9,0,0.0,10,2,0
3097948927,レヴィン(仮),A_sReViN,,抹茶が大好き,34743,45828,135,22677,0,12405,0,1,0,3097948927,0,human,0.7581225861354164,1.8279864581654037,0.3570688464195257,6,8,0,0.0,7,1,0
63677189,Miguel,Miguel,"Los Angeles, CA",#WILDHEART,1035857,699,2976,1526,1,25044,0,0,0,63677189,0,human,1479.797142857143,0.06097025354362148,0.02417802440102794,10,6,0,0.0,6,1,1
217017451,La Chocita del Loro,chocitadelloro,Madrid,"Productora de comedia, desarrolla su actividad en teatros y salas. Hacemos producciones propias de ambito nacional e internacional. Estamos para haceros reir",134422,721,248,8361,0,16279,0,0,0,217017451,0,human,186.1814404432133,0.5136363636363637,0.12111022667251883,157,14,0,0.0,19,4,0
717313,Ars Technica,arstechnica,NYC - Boston - Chicago - SF,"Original news, reviews, analysis of tech trends, and expert advice on the most fundamental aspects of tech.",1170497,1113,29281,6185,1,97313,0,0,0,717313,1,bot,1050.7163375224416,0.06356742092607436,0.08313897161720908,107,11,0,0.0,12,2,0
508783596,ahmad,algazwany1,المملكة العربية السعودية,‏‏‏‏‏‏سبحان الله الحمدلله الله أكبر لا اله الا الله أستغفرالله العظيم وأتوب إليه,982,2207,4,875,0,83685,0,0,0,508783596,1,bot,0.44519927536231885,0.010467700690677055,85.13326551373346,80,10,1,0.1,5,1,0
2722092348,II. Kadın,ikinciikadin,,kadınlar matinesi,75621,88846,93,119322,0,4032,0,0,0,2722092348,0,human,0.851148603779531,29.586660054549963,0.05333104123138769,17,12,0,0.0,9,2,0
17936793,G-Eazy,G_Eazy,The Bay Area,REWIND feat. Anthony Russo out now: https://t.co/xLbswSE5VY,3671597,953,2108,8047,1,31712,0,0,0,17936793,0,human,3848.635220125786,0.2537760539841705,0.00863738350440326,59,6,0,0.0,6,1,0
40589808,Benji Brown,benjibrown1,Saturn ☄️,"Official Twitter Of Comedian Benji Brown

For Booking Contact: William Rodriguez              wrodriguez@gersh.com 
(310) 205-5885",95341,175,488,393,1,54321,0,0,0,40589808,1,bot,541.7159090909091,0.007253046647767019,0.5697593925027795,130,11,1,0.09090909090909091,11,2,0
1219758966,♛,anagcm7,,I was serious but I was also on drugs,1668,496,23,1896,0,75207,0,0,0,1219758966,0,human,3.358148893360161,0.025223380491437082,45.061713600958655,37,7,1,0.14285714285714285,1,1,0
42208855,Sarah Brewer,BrewerVASocial,"Melbourne, Australia",SocialMedia Management services | #SocialMedia | #Marketing | #futureofwork | #coaching | #smm | #Influencer | LinkedIn - https://t.co/wmaPrtnvKL,128160,55296,2286,15295,1,19508,0,0,0,42208855,1,bot,2.3176845036801272,0.7840483879235225,0.15222259501720492,145,14,0,0.0,12,2,0
2303406624,Haas F1 Team,HaasF1Team,"Kannapolis, NC",America's #F1 team. Online Store: https://t.co/t9BOEG3Aba.,265092,264,3691,3866,1,14456,0,0,0,2303406624,0,human,1000.3509433962264,0.2674828802656153,0.05453557808014546,58,10,1,0.1,12,3,0
96322637,Cristina Cordula,cristinacordula,Paris,J'ai mon agence de conseil en style 💋 Animatrice (M6) 👑 Pensionnaire Les Grosses Têtes (RTL) 🙈 Mannequin & auteur 📚,1292244,225,683,3108,1,7496,0,0,0,96322637,0,human,5717.898230088495,0.41469921301854074,0.005801531443340852,115,15,0,0.0,16,2,0
54311364,Brookings FP,BrookingsFP,"Washington, D.C.","Helping policymakers and the public engage the challenges facing the U.S. and international community in the 21st century.

Newsletter: https://t.co/5yKfZ7O9ZK",151835,1037,3595,464,0,43566,0,0,0,54311364,0,human,146.27745664739885,0.01067321596621296,0.2869345873178956,159,11,0,0.0,12,2,0
150242555,Guillermo Salatino,GuilleSalatino,,periodista de Radio La Red y Fox Sports.Casado hace 49 años con la misma(orgulloso).3 hijas y 9 nietos Hincha de  lacadeeeee y queeee,101561,3346,1262,221,0,36883,0,0,0,150242555,0,human,30.34418882581416,0.006018869970719011,0.3631673263622221,133,14,0,0.0,18,2,0
71023251,BBVIP,BBVIPForum,,"International forum for YG Entertainment's group Big Bang. Follow to get the most recent news, pictures and subbed videos.",99098,443,891,282,0,44607,0,0,0,71023251,0,human,223.19594594594594,0.006344153515064562,0.4501357228629956,122,10,0,0.0,5,1,0
83804335,الإسلام سؤال وجواب,IslamQAcom,Saudi Arabia,#الإسلام_سؤال_وجواب موقع بــ 16 لغة، بإشراف الشيخ محمد صالح المنجد، #الإسلام #islamqa,1115600,8,1979,772,1,35280,0,0,0,83804335,1,bot,123955.66666666667,0.021909809812647035,0.03162510610872525,85,10,0,0.0,18,3,0
254603350,☁ spiderdan ☁,DildoBaggins_16,5 years with BTS 💜,"'She drinks whiskey, she's from the Wild Wild West' -Taylor Henson",1009,438,16,16262,0,134546,0,0,0,254603350,1,bot,2.3006833712984056,0.12087226025106468,133.21485148514853,66,15,2,0.13333333333333333,13,3,0
355303278,U.T.B™,CheckkMyFrenchh,,PVAMU .™ F.E.A.R,1489,1368,4,8206,0,28275,0,0,0,355303278,0,human,1.0883856829802776,0.2902461451407554,18.97718120805369,16,15,0,0.0,6,1,0
105786154,漫画の中の佐藤直也,satonaoya,茨城県水戸市,音楽を聴くこと・美味しい物を食べることに人生の大半を捧げてます。納豆とスタミナラーメンの國、茨城県においでませ。,1086,462,59,548,0,57395,0,0,0,105786154,1,bot,2.347732181425486,0.009565126489650846,52.80220791168353,56,9,0,0.0,9,1,0
55747577,El George,ElGeorgeRiveraR,Puerto Rico,"Podcastero en @SiempreesLunes_, #BuscandoProblemas y @LegalmenteNerd; Comediante-wannabe, tambien escribo de Cine en @QiiBO.",2264,632,44,11340,0,76070,0,0,0,55747577,1,bot,3.5781990521327014,0.14908440798727504,33.58543046357616,124,15,0,0.0,9,2,0
359767085,AbbaDabba🖤,abba_dabbaDooo,,,1035,732,3,5384,0,40371,0,1,0,359767085,0,human,1.4133697135061392,0.1333845239274745,38.96911196911197,0,14,0,0.0,10,1,0
1623145514,Britannia PR,Britanniacomms,"London, UK and Worldwide",Britannia Digital Communications Agency Influence Ranking 7/500 UK Agencies 2019,75158,99361,3926,216624,0,302374,0,0,0,1623145514,1,bot,0.75641593365673,0.7164117403885903,4.02313761492303,80,14,0,0.0,12,2,0
608171108,L'1FO.ma,L1FOma,"Casablanca, Maroc",1er site d'information marocain regroupant toute l'info qu'il vous faut! http://t.co/vH9iThJToi,1002,1126,26,1,0,27601,0,0,0,608171108,1,bot,0.8899733806566105,7.245851749873198e-05,27.519441674975074,95,6,1,0.16666666666666666,8,1,0
2617776990,LA LUNA🌙,_ameenaheissa,,"UJ-Science student 👩🏽‍🔬 - Aquarium 🌹-☕️📚- living the life 🦋. "" قلبها هوا سرها ، واكيد الملائكة بتغير منها""🕊🇸🇦🇲🇦",1066,272,16,50717,0,86136,0,0,0,2617776990,0,human,3.9084249084249083,0.5888062040702602,80.72820993439551,111,13,0,0.0,8,2,0
9609372,The Courier-Mail,couriermail,"Queensland, Australia",Queensland's number one news source. Proudly Maroon. Subscribe https://t.co/t3KgkplPEi; Newsletter https://t.co/9504YQzp6L,146204,1149,1413,1120,1,133744,0,0,0,9609372,1,bot,127.13478260869566,0.008381621742868892,0.9147771964023118,122,11,0,0.0,16,2,0
128181887,HP España,HPEspana,España,"Twitter oficial con toda la actualidad de HP España, información de nuestros productos y noticias de tecnología. Para soporte técnico contacta con @HPSupportESP",115632,692,662,4437,1,14865,0,0,0,128181887,0,human,166.85858585858585,0.29853356652764695,0.12856191571610182,160,8,0,0.0,9,2,0
1276730142,Dalma †,Dalmaa__,"Tostado, Santa Fe.",Bostera / Marge no voy a mentirte,1425,943,0,2696,0,11482,0,0,0,1276730142,0,human,1.5105932203389831,0.23486893668901854,8.052594670406732,33,8,0,0.0,7,2,0
181510940,平米屋平兵衞,160heibei,アトリエジンギスカン,"ミキシング模型大好きの帰りたいbot。
46歳　趣味は猫モフ　　　　　　　　　　",1868,996,83,48786,0,89479,0,0,0,181510940,0,human,1.8746238716148445,0.5452279839070183,47.87586944890316,40,9,3,0.3333333333333333,6,1,0
106929904,℮ﭐՀՀﭐᎠ,danababy97,east coast,Yes i'm a hologram.... please stop asking,130441,655,470,71580,1,41552,0,0,0,106929904,0,human,198.84451219512195,1.7226433711164055,0.31855537326934574,41,10,2,0.2,6,1,0
19923515,ABC.es,abc_es,España,Diario ABC.  También en  https://t.co/8XvlveA4Xv https://t.co/eMYhB26cws https://t.co/SygOv6qIBl https://t.co/NrLBoiGChf,1625852,15494,17219,208,1,325777,0,0,0,19923515,1,bot,104.92758954501453,0.0006415411722092959,0.20037358851015435,120,6,0,0.0,6,1,0
708014748,الإنساني,alensany,تحت أقدام أمي,مختلف داخلي روح حنونة تتعب تاره عندما تضيق بها الحياة وتفرح تارة فاقداً أبي وحبيباً لأمي وصديق للكل سنابي مشكل وأتشرف بكم بحسابي التوعوي @s2fo2002,91584,62846,70,390,0,13508,0,1,0,708014748,0,human,1.4572692411730075,0.028943667184839737,0.14750232024894908,146,8,0,0.0,8,1,0
14154272,BBC_HaveYourSay,BBC_HaveYourSay,The Twitterverse,"What's happening where you are? DM or @ us, WhatsApp +44 7555 173285, text +44 7624 800 100, email yourpics@bbc.co.uk. See our terms - https://t.co/VAEFamok2y",122756,15929,1775,2901,1,29193,0,0,0,14154272,1,bot,7.706026365348399,0.09940398712064123,0.23781943188575805,158,15,0,0.0,15,1,1
3333338062,هند🇵🇸,sCgmY5XesbyoLUg,,#JFT20 ربك ثم الزمالك 🇦🇹 فلسطين ❤️,1635,415,9,18278,0,24105,0,0,0,3333338062,1,bot,3.9326923076923075,0.7582759478967892,14.734718826405867,34,15,1,0.06666666666666667,5,1,0
2405972748,こうさく＠相互フォロー,kosaku776,,田んぼを守れば海に行けるんだよ。相互フォローしてね。,1094,1481,4,0,0,150625,0,1,0,2405972748,1,bot,0.7388663967611336,6.638960073294119e-06,137.55799086757992,26,9,3,0.3333333333333333,11,1,0
14287474,Adorama 📸,adorama,"42 W 18 St, NY and on the web","We are so much more than just a camera store…. anything you can imagine to help you capture, enjoy and share life’s moments. 
This page is not monitored 24/7.",114070,1295,2374,7191,1,22906,0,0,0,14287474,0,human,88.01774691358025,0.31396516348714365,0.2008135284165125,158,7,0,0.0,9,2,0
67324742,Eyshila Santos,Eyshila1,"São Paulo, Brasil",Deus fiel!,1178219,552,2241,659,1,19661,0,0,0,67324742,0,human,2130.5967450271246,0.033567287152883735,0.016687885114834242,10,8,1,0.125,14,2,0
1038700573,Miriam Lines,MiriamLines,PHILIPPINES,The reigning Queen of sarcasm. | Not in any way affiliated to Sen. Miriam Santiago | Parody Account • #StupidIsForeverMORE • ✉️contactmiriamlines@gmail.com,1390124,45,488,1284,0,24726,0,0,0,1038700573,0,human,30220.108695652172,0.05196748493549561,0.017787609027965112,155,11,0,0.0,12,2,0
1576583414,Axel.,AxelVieira_,"Río Cuarto, Argentina",👻: vieiraax,1028,430,0,6274,0,27998,0,0,0,1576583414,0,human,2.3874709976798143,0.22411514696953463,27.20991253644315,11,11,0,0.0,5,1,0
2472738966,ARMYBASESUBS,BTS_ABS,,👋🏼,336356,9,1260,355,0,6655,0,0,0,2472738966,0,human,33635.7,0.05348557692307692,0.019788498529835857,2,7,0,0.0,12,1,0
15245376,Gus Silber,gussilber,Johannesburg South Africa,"I play with words, and sometimes work with them too, as a Journalist/Author/Scriptwriter/Speechwriter/TweetWriter.  http://t.co/8I8DJw0XeW",126551,54673,615,135,1,53275,0,1,0,15245376,0,human,2.314665105900428,0.0025527442000150163,0.42098109867880396,138,9,0,0.0,10,2,0
762126629866971136,salvando,choramila,,,3,1,0,2,0,1,0,1,1,762126629866971136,0,human,2.0,1.5,0.5,0,9,0,0.0,8,1,0
2199641576,Taleik Wood 😈,CoriyonW300,,"""I wanted to know what it means to be strong , so I pulled myself up with my own strength.""",1061,1049,3,6379,0,18283,0,1,0,2199641576,0,human,1.0114285714285713,0.3489389630277839,17.216572504708097,91,11,3,0.2727272727272727,13,3,0
308287890,Azrul Irfan,ipansu,"Tawau, Sabah",mieeeeeeezzzzaannnnnn’s,101489,79430,49,12304,0,104442,0,0,0,308287890,1,bot,1.2777127318049628,0.11781545914996697,1.0290964627056853,23,6,0,0.0,11,2,0
1401272485,harunwijayanto,harunwijayanto,,I'mPossible,849,102,0,132,0,68864,0,0,0,1401272485,1,bot,8.25242718446602,0.0019313148914542947,81.01764705882353,11,14,0,0.0,14,1,1
151595281,247Sports,247Sports,Your team. All the time.,http://t.co/IiGW3GK2Ds IG: http://t.co/joG0fCZWaz,182570,604,1033,1275,1,45383,0,0,0,151595281,0,human,301.7702479338843,0.02811563546624361,0.24858274315197923,49,9,3,0.3333333333333333,9,1,1
92686016,茂木健一郎,kenichiromogi,東京,脳科学者、作家、ブロードキャスター。クオリアを研究。『脳とクオリア』『生きて死ぬ私』『脳と仮想』『今、ここからすべての場所へ』『東京藝大物語』『ペンチメント』kenmogi2005qualia@gmail.com    研究 https://t.co/xJxmj9pFUF,1441200,3955,22653,18,1,101563,0,1,0,92686016,1,bot,364.30763397371084,0.00018707416013548107,0.07047178013337488,136,13,0,0.0,5,1,0
264555876,B,BraydenSilvers,"Georgia, USA",Braylynn Amara Silvers💖,656,363,3,3197,0,23238,0,0,0,264555876,0,human,1.804945054945055,0.1376134945565644,35.371385083713854,23,14,0,0.0,1,1,0
1655904638,Savage Queen❤️,3andyourout,510,Live life like a 3-1 count☀️Yay Area ~ California Why You Lurkin❤️,780,189,15,103061,0,63729,0,0,0,1655904638,0,human,4.110526315789474,1.617166169778754,81.60051216389245,66,11,1,0.09090909090909091,14,2,0
149448967,MAURICIO MANCERA,MAU_MANCERA,lo que era el defectuoso,Facebook https://t.co/v6vxil2Jdg instagram @maumancera Youtube https://t.co/vcPdzYvvjX,1253740,854,3895,6493,0,40268,0,0,0,149448967,0,human,1466.3637426900584,0.1612654895825573,0.032119074035227374,86,11,0,0.0,16,2,0
137116526,مناسباتكم,Dinar_Owns,بينكم,لجميع مناسباتكم العامه والخاصه,83355,75,68,3807,0,201000,0,1,0,137116526,0,human,1096.7894736842106,0.018945179377217028,2.4113561111377706,30,10,0,0.0,9,1,0
130681675,Love Like Jesus,LovLikeJesus,,"Christian Insights,Godly Affirmations, and Quotes from the Bible",1741315,90091,6275,5587,0,83029,0,0,0,130681675,1,bot,19.328197842205746,0.06730097555100566,0.04768232761888135,64,12,0,0.0,15,3,0
2785323572,とろ助,coaxu,,圧倒的可愛さ俺,28542,5311,60,10741,0,49609,0,0,0,2785323572,0,human,5.373305722891566,0.21652892561983472,1.7380793889920472,7,5,0,0.0,3,1,0
991384984995991553,Diann,dallasftsebas,,@diansroro,0,1,0,0,0,1,0,1,0,991384984995991553,0,human,0.5,0.5,2.0,10,13,0,0.0,5,1,0
3262743192,،،،,ameen_akrm,,,1623,2013,1,2725,0,8957,0,1,0,3262743192,0,human,0.8063555114200596,0.3043089975440947,5.516009852216749,0,10,0,0.0,3,1,0
1592851670,坂口安吾ボット,angomeigen,,坂口安吾の名言をつぶやくボットです。,1703,4,67,8,0,17022,0,1,0,1592851670,1,bot,340.8,0.0005286964694824649,9.990023474178404,18,10,0,0.0,7,1,0
85233317,David Gevis,hidirgevis,"New York, NY",*Sosyal Medya hesap yönetimi konusunda danışmanlık hizmeti sunar. Teklif için: davidhgevis@postingyou.com,34750,4507,222,10046,0,38842,0,0,0,85233317,0,human,7.708740017746229,0.25865664341065314,1.1177520071364853,105,10,0,0.0,11,2,0
572195697,Abraham Mateo España,AbrahamMateoESP,España,Club de fans oficial de @AbrahamMateo en España. Hazte socio en nuestra web. FACEBOOK CLUB DE FAN @AbrahamMateoEsp INSTAGRAM CLUB FANS Abraham_mateo_esp,112644,3777,133,19105,0,99029,0,0,0,572195697,0,human,29.816040232927474,0.1929314349187115,0.8791335611878024,152,15,0,0.0,20,3,0
148360487,Antonio Diaz Piña,adiazpi,"México, D. F. ","Doctor en Derecho UNAM, Lic. en Derecho UJED, Periodista, Escritor, Académico Investigador SCES, Abogado, Expresidente Rotario. Sigo a quien me siga (no trolls)",93270,102655,425,135291,0,357043,0,0,0,148360487,1,bot,0.9085781639650873,0.37892248574405396,3.8280280044172357,160,7,0,0.0,17,3,0
105821431,グレッグル,Gureggru_bot,だいしつげん,グレッグルの非公式Botです。ポケモンのグレッグルというより自分のイメージしたグレッグルです。どんどんポケモンのグレッグルから離れていってます。ちょっと毒舌なのでフォローは慎重にお願いします。＊リムーブの際はブロックをお願いします。,856,1021,68,461,0,231250,0,0,0,105821431,1,bot,0.8385518590998043,0.0019978291985764387,269.8378063010502,116,12,0,0.0,5,1,0
15843059,HealthRanger,HealthRanger,"Tucson, AZ",Consumer health advocate and editor of https://t.co/Esaj5fU58j. Get a free eBook (25 Facts About Food) at https://t.co/IkZzndSaNt,138517,43,3726,12,0,55607,0,1,0,15843059,0,human,3148.1363636363635,0.00023377931232916127,0.40144963109487575,129,12,0,0.0,12,1,1
111695736,Carla Rodrigues 🌻,carlabastosr,"Rio de Janeiro, Brasil",,1075,203,0,9172,0,15499,0,0,0,111695736,0,human,5.2745098039215685,0.5918064516129032,14.405204460966543,0,12,0,0.0,17,3,0
1668972426,Ai(diota)len,AilenPohOk,,"Dieciséis años siendo una idiota.        
Aguante el rock, la pizza y el fernet.",1539,1747,1,84980,0,24612,0,0,0,1668972426,0,human,0.8810068649885584,3.4526876041116483,15.982467532467533,80,10,0,0.0,12,1,0
262749118,J.D.,iownjd,"Ohio, United States","A @nerdinajock's body and perpetual optimist. Inform, inspire, engage, and learn from your network. Be cute, but real in this ugly world. Ask J.D. @letterstoJD.",991086,493069,2377,265754,0,52783,0,0,0,262749118,0,human,2.0100330581864645,5.034764322521976,0.05325869474627354,160,6,0,0.0,4,1,0
2267737617,tierra..🦋,_aaarreiT,somewhere loaded .. ,MLK Alumnae Cheerleader🐆C/O '17🎓amosc:aaaarreiT✨ #futureRN #soontobeMA #futureNursePractitioner,1127,1538,7,17173,0,44781,0,1,0,2267737617,0,human,0.732943469785575,0.38350230003126257,39.70035460992908,95,9,0,0.0,9,1,0
254535789,tata,almeidathaix,,eu te escolhi e te escolheria outras mil vezes @Cruzeiro,1493,557,7,10809,0,82882,0,0,0,254535789,0,human,2.6774193548387095,0.13042481570406478,55.47724230254351,56,12,0,0.0,4,1,0
1388299412,Martina💄,22DEAGOSTOOO,"Montevideo, Uruguay",James💜💜💜💜,961,1551,3,1038,0,16051,0,0,0,1388299412,0,human,0.6198453608247423,0.0647271368053825,16.686070686070686,9,12,2,0.16666666666666666,8,1,0
1195257565,Anita Caspar,AnitaCaspar1,,snap anitacaspar instagram: anitacaspar,1296,442,2,6535,0,8754,0,0,0,1195257565,0,human,2.927765237020316,0.746544831524843,6.750192752505782,39,12,1,0.08333333333333333,12,2,0
115141256,ktn,KTNKenya,"Nairobi, Kenya",Bringing you breaking news and stories across the country |  http://t.co/1T2bqyK0I4  | https://t.co/YWcUy8fs5h,1755239,137,1494,1254,1,423373,0,0,0,115141256,1,bot,12719.130434782608,0.002964282171318976,0.2412057610355279,110,8,0,0.0,3,1,0
7259302,Joe Trippi,JoeTrippi,Maryland,"Author of The Revolution Will Not Be Televised. Board member @VanguardAfrica. Democratic Strategist. CNN Contributor.  I try to be civil, you should too.",826295,4252,4347,996,1,56331,0,0,0,7259302,0,human,194.28544556783447,0.01769864375488177,0.06817411678139552,153,9,0,0.0,10,2,0
260673756,北大 輝@忌中,honda_sado,北国鎮護神の御膝下,（普段は #箴言 bot制御）日々是好日 売られた喧嘩は買って死ぬほど後悔させるのが得意 https://t.co/ZZT4Mzqun0 作品朴られた時は本当に落ち込んだ 著作権法調べた https://t.co/Co6vbH6IMe このアカからの通知がウザいフォロワーさんは『 #箴言 』を禁止ワードに入れるが吉,1014,718,63,90712,0,330678,0,0,0,260673756,1,bot,1.411682892906815,0.27432343753307586,325.79211822660096,158,10,0,0.0,7,2,0
121657291,徳川昇（仮名）,BlueSkyBlue67,長野→千葉→茨城→東京→水戸 そんな感じで今は茨城県民です｡,,1073,515,63,2678,0,92068,0,1,0,121657291,1,bot,2.0813953488372094,0.029097741910958087,85.72532588454376,0,13,2,0.15384615384615385,7,1,0
25963876,E’Stevon P. Chulo ,Dimperachi,"Boston, MA",I got a heart like David but I'm built like Goliath 🇭🇹Aspiring Streamer|YouTuber|Vlogger|Twitch Affiliate (#Dimperachi),122248,64520,650,1239,0,148616,0,0,0,25963876,1,bot,1.8947164489081074,0.00834359460896129,1.2156909258971444,119,10,0,0.0,19,4,0
16348549,ONE,ONECampaign,,"ONE is a campaigning and advocacy organisation of more than 9 million people taking action to end extreme poverty & preventable disease, particularly in Africa.",1599526,2914,9873,15909,1,37192,0,0,0,16348549,1,bot,548.7228130360206,0.4277686661468556,0.023252499020022795,160,11,0,0.0,3,1,0
44440275,Gary Braden,bradengw,#Longboarding ordinaire,"From living in a rented trailer/grunt uneducated mechanic to Software Engineer.   Joined @USArmy at 17.  24L, #Veteran, Ft Bragg M60 Gunner/M16/AK47 Expert",1631,3729,310,9641,0,50717,0,0,0,44440275,0,human,0.43753351206434316,0.19011002011120312,31.077205882352942,155,8,0,0.0,11,2,0
328045907,brgsjks,brgsjks,"Boston, England","I didnt choose the ipoh life, the ipoh life choose me. (brgsjksjob@gmail.com) #aimanarmy #kucaiyang",351905,8092,379,5666,0,26940,0,0,0,328045907,0,human,43.48276288150253,0.2103485394009131,0.07655737611748592,99,7,0,0.0,7,1,1
43310150,꾹꾸까까~❤,abipluse,,"One in a million.
그대를 아프고 지치게 하는 것들
다 나에게로 가져와 내게 맡겨봐요 ",913,1081,58,47943,0,254956,0,0,0,43310150,1,bot,0.844731977818854,0.18804739622759917,278.9463894967177,55,8,0,0.0,6,1,0
724659744,Javi ⏳,Beautifuldaniu,,"No puedes detener el viento, pero puedes volar en el...",972,224,3,271,0,25489,0,0,0,724659744,0,human,4.3244444444444445,0.010670851314240878,26.19732785200411,55,14,0,0.0,6,2,0
1448217636,MBC.Net,MBCNetTweets,,"حساب الموقع الرسمي لمجموعة 
@MBC_Group",1520940,17,399,1,1,42441,0,0,0,1448217636,1,bot,84496.72222222222,4.712313274586494e-05,0.02790509296547335,39,12,0,0.0,7,1,0
130934881,Cynthia Urias,cynthia_uriastv,México México ra ra ra,"Mi frase: NUNCA tengas como prioridad a quien solo te ve como una opcion! Feliz, enamorada de mi familia y de Dios tvhost @cuentameloyaof y cuéntameloyaAlfin",1074073,1025,1964,3035,1,43003,0,0,0,130934881,0,human,1046.8557504873295,0.07059808389917217,0.040038209657807564,157,15,0,0.0,13,2,0
912113748,Berita dan Kata,BeritaDanKata,"DKI Jakarta, Indonesia","Manusia lebih banyak belajar dan menyerap dari pengulangan suatu hal yg baik,Follow: @BeritaDanKata - hubungi kami di : rian.andriatman214171@gmail.com",30040,69,29,117,0,534139,0,0,0,912113748,1,bot,429.15714285714284,0.00022091586475455873,17.78036683199627,151,13,0,0.0,15,3,0
219056769,B,0Hhbreezy,"Portland, OR",♍️,1098,346,4,29256,0,64620,0,0,0,219056769,0,human,3.1671469740634004,0.45274755884310053,58.799818016378524,2,9,1,0.1111111111111111,1,1,0
537524220,卂Ꮆㄩ丂ㄒ丨几卂,AgussFavot,Argentina ,Ҝ乇ㄚ千尺卂爪乇💚💖,1247,777,6,20885,0,21551,0,0,0,537524220,0,human,1.6041131105398458,0.969097995545657,17.26923076923077,10,10,0,0.0,8,1,0
427288938,Bernard Cazeneuve,BCazeneuve,,,211626,619,1710,30,1,2779,0,0,0,427288938,0,human,341.3338709677419,0.011151079136690648,0.013136320034778172,0,10,0,0.0,17,2,0
236158107,Diana D'Agostino,diana_dagostino,Venezuela,"Soy Diana, mamá de Rodrigo, Ricardo y Reinaldo. Esposa de Henry, abogada. Dirijo la labor humanitaria @soysolidariove",128833,843,450,200,1,47879,0,0,0,236158107,0,human,152.64691943127963,0.004197994987468672,0.37164102643712066,117,15,0,0.0,16,2,0
36439939,Arc'teryx,Arcteryx,"Vancouver, BC","Delivering unrivalled performance, Arc'teryx quality conveys absolute confidence. Pursue Perfection.",127584,28422,1901,33503,1,27725,0,0,0,36439939,0,human,4.488794286317419,1.2083964509846354,0.21731394756436886,100,8,0,0.0,9,1,0
103053196,Jamie Little,JamieLittleTV,Indy,Mommy of 2|Wife|FOX Reporter&Host for NASCAR|Animal Rescue Ambassador|owner-Jimmy John's x2 Vegas|Owner Nothing Bundt Cakes- Indy-Keystone,178769,293,1974,15133,1,16138,0,0,0,103053196,0,human,608.0612244897959,0.9377284837970135,0.09027801085193266,138,13,0,0.0,12,2,0
496883368,Os Versos,OsVersos,,O segredo é tratar as pessoas como elas te tratam. Divulgue aqui! Contato: publicidades@outlook.com.br,1039645,151589,505,1756,0,58810,0,0,0,496883368,1,bot,6.8582756118477475,0.029875363452415364,0.05656829343834344,102,8,0,0.0,9,2,0
221765424,BOD Banco Universal,BODoficial,Venezuela,"Realiza pagos donde estés y al instante, a través de tu teléfono inteligente. Descarga #PagoExpressBOD aquí: https://t.co/FX0HUyKgwd",162916,811,623,1232,0,59539,0,0,0,221765424,0,human,200.63669950738915,0.020708767215317433,0.365462167852342,132,10,0,0.0,19,3,0
225313169,武装神姫　アルトレーネbot,ALTLENE_bot,ヴァルハラのギュウドン屋のカウンター,武装神姫アルトレーネのbotなのです！　 協賛:ﾃﾞｨｵｰﾈｺｰﾎﾟﾚｰｼｮﾝ　ﾃｨﾀｰﾝｽﾞ　(※なお実際の企業などとは一切関係ありません。ご意見・ご要望などは@tes2093100X2へ) ※非公式です,935,824,72,33,0,927310,0,0,0,225313169,1,bot,1.1345454545454545,3.6665153330436064e-05,990.7168803418804,103,11,0,0.0,14,2,0
454119569,AGUSTINA,agustinamoren11,"Río segundo, Argentina","Fe, amor y esperanza ❗",965,564,1,5784,0,20179,0,0,0,454119569,0,human,1.7097345132743362,0.28666997026759167,20.890269151138718,22,15,2,0.13333333333333333,8,1,0
246912277,برق,jrr7ll,,سامحوني حين ﺎخطي .. فليس عن الخطأ بمعصومين.,884879,720382,419,3601,0,88314,0,0,0,246912277,1,bot,1.2283465878567372,0.04078582347279624,0.09980449326462346,43,6,1,0.16666666666666666,3,1,0
551507402,Appz That Rock!,AppzThatRock,The World.,"win great prizes,",88217,27053,174,251,0,80767,0,0,0,551507402,1,bot,3.260811709913506,0.0031200475435816163,0.9155501144891065,17,12,0,0.0,15,3,0
1589451132,Musical Suspiros Cha,besosysuspiros,mexico D.F,"SOMOS UNA PAGINA QUE TE INFORMA TODAS LAS NOTICIAS DE NUESTRO   BORICUA, @CHAYANNEMUSIC  EL ÚNICO QUE CANTA,BAILA,Y ACTÚA !",1518,833,13,8061,0,29775,0,0,0,1589451132,0,human,1.8213429256594724,0.2707549704459968,19.602369980250163,123,14,0,0.0,20,3,0
66643428,MTV Polska,MTVPolska,"Warsaw, Poland","Oficjalny profil MTV Polska na Twitterze. Najnowsze info o programach, celebrytach, wydarzenia i konkursy!",953549,357,302,2255,1,22514,0,0,0,66643428,0,human,2663.5474860335194,0.10019986675549633,0.02361176655655183,106,9,0,0.0,10,2,0
90420314,Neil Patrick Harris,ActuallyNPH,Manhattanland,"Husband, father, random sayer of stuff.",27102289,137,58337,218,1,2987,0,0,0,90420314,0,human,196393.40579710144,0.07329317269076305,0.00011024898634026866,39,11,0,0.0,19,3,0
16967612,Dilip K. Pandey,dilipkpandey,India,"#Activist #Archer🏹#Author of #DahleezParDil, @KhultiGirahein & #कॉलसेंटर 📖 140 अक्षरों में वाक्य विन्यास, ट्विटर पर अभिव्यक्ति का प्रयास🐦RT/Fav≠Me",231537,1150,340,16551,1,66532,0,0,0,16967612,0,human,201.1624674196351,0.2487788014970015,0.2873524000380067,146,12,0,0.0,15,3,0
456792557,HalabToday حلب اليوم,HalabTodayTV,Syrian Arab Republic,"قناة حلب اليوم الفضائية - نبض المجتمع الســوري
هي مؤسسة إعلام مجتمعي سورية غير ربحية مستقلة تلتزم المبادئ المهنية، تركز على ما يحدث داخل سوريا.",176735,3,618,13,1,86715,0,0,0,456792557,1,bot,44184.0,0.00016144656118824668,0.4906527249683143,143,12,0,0.0,20,3,0
2899383706,Dylan Smith,Cupidd__,"Pine Log, Ga","When life's got you at the end of your rope, dally off and turn left...",1159,2214,1,6118,0,3400,0,1,0,2899383706,0,human,0.5237020316027088,1.7991767127315494,2.931896551724138,71,8,0,0.0,11,2,0
176769813,福島 馨 Kaoru Fukushima,IHONOfukushima,"Aichi, Japan",IHONOというグループで自由にアート活動してます。オリジナルで『詩の朗読』の音楽を作ってます。いろいろ趣味でやってます。 IHONO is my Art & Music creation group. Original Works【Poetry Reading Music】,1003,876,111,6925,0,102272,0,0,0,176769813,1,bot,1.144811858608894,0.06772070830033342,101.86553784860558,138,14,0,0.0,20,4,0
160159077,Defreds,Defreds,Vigo ¿Hay algún sitio mejor?,"Sonreír, saltar y escuchar :) No hace falta mucho más. No escribo poesía y ni mucho menos lo pretendo. Son mis cosas, nada más.",290512,988,512,79711,1,53369,0,0,0,160159077,0,human,293.74418604651163,1.4935731684466929,0.18370950697559146,127,7,0,0.0,7,1,1
885003066,Forex Заработок,investdollar,Россия,УВАЖАЙТЕ СЕБЯ! КРУТО ЗАРАБАТЫВАТЬ https://t.co/xJyA6WYmf1 В ИНТЕРНЕТЕ! РЕАЛЬНЫЙ ЗАРАБОТОК В ИНТЕРНЕТЕ!  https://t.co/xJyA6WYmf1 УВАЖАЮ РУССКИХ И ВСЕХ ОСТАЛЬНЫХ!,37043,23846,97,2,0,47304,0,0,0,885003066,0,human,1.5534029437665116,6.341824331466019e-05,1.2769949249541086,160,12,0,0.0,15,2,0
70726185,いづみ☆彡 // C:17-U31,izumi_tw,,プロフ画は北村ヂンさんの贋作にがおえ。favorite:大道芸/温泉/富士山/チョコレート/さくら/ビール/鉄道旅/いちご/あんまんまんちゃん/ポケモンGO/鳥取/オセロニア/文スト/ビリヤニ･･･etc//おまけ：放送大学今年1年休学中//SUKE3&SYU記録用インスタ、izumingspassoにてきまぐれ更新中,1483,2425,33,70576,0,36450,0,0,0,70726185,0,human,0.6117065127782357,1.9362157416806123,24.56266846361186,160,8,0,0.0,17,3,0
276197452,Callywood Music,I_AM_CALLYWOOD,"Denver, Colorado",https://t.co/MFfFHwii4Z,1322,2186,34,250,0,578387,0,0,0,276197452,1,bot,0.6049382716049383,0.00043396474339025014,437.1791383219955,23,14,0,0.0,15,2,0
1113769100,♚ رحـــــــــالــــ♚,100rahal100,,‏‏‎‎‎‎‎‎ ‎‎‎@messfer20,82290,83899,50,13437,0,74352,0,0,0,1113769100,1,bot,0.9808224076281288,0.18073245195217408,0.9035374463793124,22,11,6,0.5454545454545454,20,2,0
3920279115,HighProfitMT4,highprofitmt4,,,889,1014,25,2,0,13444,0,1,0,3920279115,1,bot,0.8768472906403941,0.00022313127556712533,15.106741573033707,0,13,1,0.07692307692307693,13,1,1
1198278313,Jack Griffiths,JackGriffiths1,"London, England","I have no talent but I was on Ladbible once. Other than that, just tweet the same stuff really. Turn notifications on. sc: jack.griffiths1",106168,42319,221,944,0,2933,0,0,0,1198278313,0,human,2.508719281663516,0.3220858895705521,0.02763518541193757,138,14,1,0.07142857142857142,14,2,0
267185120,Holly Mcguire,HollyMcguirexx,"Marbella, Spain","B.A. Hons Fashion Design Student, Turned Model, Turned Page 3, Turned Singer/Songwriter, Turned Tv Presenter https://t.co/eLpijocSGH",143443,1869,353,4680,0,10169,0,0,0,267185120,0,human,76.70802139037433,0.46027531956735496,0.07089874794344832,132,14,0,0.0,13,2,0
15257790,Horse & Hound,horseandhound,Britain,Weekly equestrian magazine with a popular news website and massive forum community,115354,975,815,1041,1,52964,0,0,0,15257790,0,human,118.19159836065573,0.019673369206079486,0.4591478479476399,82,13,0,0.0,13,3,0
33625790,Esporte Clube Bahia,ECBahia,Salvador,"Twitter oficial do primeiro campeão do Brasil, bi nacional e dono da melhor torcida do país. Bora Bahêa, Minha Porra!",1379441,61,1127,1273,1,49561,0,0,0,33625790,0,human,22249.064516129034,0.02570517735361769,0.03592902057498612,117,7,0,0.0,19,3,0
47989062,Haki Ngowi,Hakingowi,Tanzania🇹🇿,"🌍 Official Twitter Page Of Haki Ngowi ®

💻📱

🐦Tweets From Haki Ngowi are signed hn+",225425,10777,84,32606,0,91138,0,0,0,47989062,1,bot,20.915383187975504,0.3577721941210678,0.40429675370188,83,9,0,0.0,10,2,0
393032536,Jesimein,Jesimein,"Wakanda, California",@Youtube Content Creator | 1/2 Saiyan & 1/2 Black. Contact: Jesimein@gmail.com,58738,4604,158,12766,0,70149,0,0,0,393032536,0,human,12.755483170466883,0.18199572344975054,1.194266160472599,78,8,0,0.0,8,1,1
2186755171,Andy Smith,aplsmith5,Telford,"Passionate re supporting #powerless via Meeting Point, #HumanRights #Peace, #FairTrade.vs Slavery & #ClimateChange #Artist #Resist #FBR, anti #Brexit #FBPE 🌊🌊",220774,228747,439,560,0,34128,0,0,0,2186755171,0,human,0.9651450504485285,0.016437633683963785,0.15458724946212207,158,9,1,0.1111111111111111,10,2,0
1329116436,CHANBAEK-FAMILY ✌ 찬백,CHANBAEK_FAMILY,ins: chanbaek_family,'열' 부터 '백' 까지 완벽해 ♡ {Since 13.03.31},248753,49,329,1744,0,48457,0,0,0,1329116436,0,human,4975.08,0.0360105658508399,0.19480289764184697,36,15,0,0.0,20,3,0
564631124,Instagram ➡️ @800booty (+112K),800Nalgas,#800Booty,Cuenta sólo para  #BootyAdictos | Rendimos culto a los #traseros más hermosos de la red | Las #Nalgonas más Bellas! Síguenos en #Instagram,112376,3269,623,5508,0,70671,0,0,0,564631124,1,bot,34.36605504587156,0.07795166402535658,0.6288831344492201,138,9,3,0.3333333333333333,30,4,0
1387188162,Cursi Mirrey,CURSICRUDO,México,"Volví más cursi, pero también te criticaré si me criticas. ¡Les extrañe mis Ladys!",93642,103622,93,1224,0,4348,0,0,0,1387188162,0,human,0.9036893353792111,0.2816739480340308,0.0464423395235095,82,10,0,0.0,12,2,0
96497966,Gregg Doyel,GreggDoyelStar,Indianapolis,And STILL the sports columnist for @IndyStarSports! Plus I'm a professional dog-walker for WagWalking. What. Furthermore: #ColumnComing,105429,188,2640,13289,1,113128,0,0,0,96497966,0,human,557.8306878306878,0.11747650911790965,1.073024755762117,135,14,0,0.0,11,2,0
17471979,National Geographic,NatGeo,Global,Taking our understanding and awareness of the world further for 130 years | Test your knowledge with our Messenger chatbot: https://t.co/ccYzeKUBSU,22459300,54,64445,6111,1,47472,0,0,0,17471979,1,bot,408350.92727272725,0.12874686663998483,0.0021137345280692397,147,6,0,0.0,19,2,0
2971930268,ゆめかわいいの世界,ec5d97,ゆめかわいいものをつぶやきます。,お砂糖みたいな,1076,1478,5,1,0,9769,0,0,0,2971930268,1,bot,0.7281947261663286,0.00020470829068577277,9.071494893221912,7,6,3,0.5,9,1,0
120808237,Club Necaxa ⚡,ClubNecaxa,Aguascalientes México,Cuenta Oficial de Club Necaxa equipo de la @LigaBancomerMX #FuerzaRayos⚡️ @ClubNecaxaFB y @NecaxaFemenil.,227038,504,886,13020,1,65894,0,0,0,120808237,0,human,449.58217821782176,0.19760224599742013,0.29023647919520434,105,10,0,0.0,13,3,0
2481764343,indiara,i30481760,"Rio de Janeiro, Brasil",Flameguista. Querendo viver sem medo de se arrepender e ser feliz. 👭💘#Comprometida❤💕👭😎😉💍#Resistência,843,1390,3,43920,0,56262,0,1,0,2481764343,1,bot,0.6067577282530554,0.780637363809253,66.66232227488152,100,9,8,0.8888888888888888,7,1,0
18440438,Mohamad Ariau Akbar,ariauakbar,"Jakarta, Indonesia.",Creative Technologist • Home Barista • Street Photographer | Product & Design @BizzyID,1004,1595,46,10804,0,32873,0,0,0,18440438,0,human,0.6296992481203008,0.3286791993672811,32.71044776119403,86,10,0,0.0,19,3,0
43298395,Berlin Philharmonic,BerlinPhil,"Berlin, Deutschland",The Berliner Philharmoniker's official twitter feed,131230,891,2870,1986,1,11431,0,0,0,43298395,0,human,147.11995515695068,0.17381035689293212,0.08711356310627824,51,10,0,0.0,19,2,0
303238869,Daniel Padilla,iDjsters,DJ 's World ✨❤️,"★「 We are not fans, we are DJSTERS. We are not obsessed, we are DEDICATED. We are not friends, we are FAMILY.」☆♥ (05/22/12)",94564,151,100,1501,0,11860,0,0,0,303238869,1,bot,622.1381578947369,0.12663350476351065,0.12542695500449427,123,8,0,0.0,14,2,0
95531927,Rachael,Chathamm,"Indianapolis, IN","The golden rule is my life motto.  

Instagram/snapchat/everything: Chathamm",1232,1073,24,11299,0,31068,0,0,0,95531927,0,human,1.1480446927374302,0.363706588560945,25.197891321978915,76,8,0,0.0,7,1,0
723414284,SongBird,_beautyvoicebox,"Houston,Tx",Black As Hell #SheaButterBitch #SHSUAlumni,819,861,17,2977,0,62657,0,0,0,723414284,0,human,0.951276102088167,0.04752784959622076,76.41219512195121,42,15,0,0.0,8,1,0
2469836959,تويتر الأحساء,alahsekaer,"الاحساء, المملكة العربية السعو",‏‏‏‎‎‎@mulhim_n عبدالرحمن الملحم  رسمنا أحسائنا إبتسامة وتس اب الحساب0559133355 snab.amolhim123,54968,6519,63,712,0,29613,0,1,0,2469836959,0,human,8.430828220858896,0.02407645032754778,0.5387400171005475,95,10,0,0.0,13,2,0
71020190,ChinaSource,ChinaSourceOrg,,A window into Christianity in China and the key issues that impact the church.,1560,530,49,255,0,6275,0,0,0,71020190,1,bot,2.9397363465160073,0.04079031230082855,4.020499679692505,78,14,0,0.0,11,1,0
813286,Barack Obama,BarackObama,"Washington, DC","Dad, husband, President, citizen.",104320730,616381,229991,11,1,15574,0,0,0,813286,0,human,169.2468809926312,0.0007704654895666132,0.00014929918387937677,33,11,0,0.0,12,2,0
20521828,Helen Zille,helenzille,Cape Town,"Mother, Makhulu, wife, Premier.  Likes enable me to save the comment NOT support it.",1359895,2299,2411,1243,1,64777,0,0,0,20521828,0,human,591.2591304347826,0.019204050757973386,0.04763452499308771,84,10,0,0.0,11,2,0
18938394,Catraca Livre,catracalivre,Brasil,Facilite sua vida!,1817902,1042,3018,1053,1,126863,0,0,0,18938394,1,bot,1742.9558964525409,0.008308109471560096,0.06978590166802079,18,12,0,0.0,13,2,0
114023501,crys. 🇬🇭✨,cuteass_CRYSTAL,718➡️203,west african goddess 💅🏾 | 21 ♉️ | snap: cuteass_crystal | ig: crystalove425 ••Philippians 4:13•• 🌹,1602,1269,14,20325,0,66801,0,0,0,114023501,0,human,1.2622047244094488,0.3042723271758331,41.67311291328759,98,15,0,0.0,9,2,0
20525174,Grime Kids OUT NOW,DJTarget,London,"Author of Grimekids 📚
Music and Talent Lead at @1xtra
Co-founder of Pitched Up
DJ bookings: myles@echolocationtalent.com 
My Views only",106331,1305,659,31,1,112739,0,0,0,20525174,1,bot,81.41807044410413,0.00028383892141209865,1.0602640785464394,135,8,0,0.0,18,4,0
128799124,Micheille Soifer,MicheilleSoifer,Perú,Peruana | Cantante | Actriz | Conductora | Contrato: 987 587 188 / contacto: oneup@gmail.com,1144084,2668,1319,12839,1,16157,0,0,0,128799124,0,human,428.6568002997377,0.7946528035647976,0.014123076519664185,92,15,0,0.0,16,2,0
71208005,Cheshire Police,cheshirepolice,"Cheshire, United Kingdom",The official Twitter page for Cheshire Police. This account is not monitored 24/7. For Non-Emergency Dial 101. In an Emergency Dial 999. #HereForYou,171918,809,808,3591,1,38608,0,0,0,71208005,1,bot,212.24567901234568,0.09303530264964127,0.22457669018549434,148,14,0,0.0,15,2,0
132830366,ayumi hamasaki,ayu_19980408,in this world,Instagram☞ https://t.co/epqC1Y938S youtube☞ https://t.co/gIIm8RrDCB,1395946,0,15885,0,1,4563,0,1,0,132830366,0,human,1395947.0,0.00021910604732690623,0.003269465101468752,67,12,8,0.6666666666666666,14,2,0
144804999,Universidad Granada,CanalUGR,"Granada, España","Twitter oficial de la Universidad de Granada. Una de las universidades de mayor prestigio europeo, fundada en 1531 y con 70.000 estudiantes.",125758,90986,1287,2259,1,36061,0,0,0,144804999,1,bot,1.382164485036324,0.06266984637568632,0.2867548247043949,140,8,0,0.0,19,2,0
2249271564,Brendan Coyle Online,BrendanCoyleOL,,"News, photos, and updates on actor Brendan Coyle (@brendancoyle99). Currently starring in @Spotless, @noblemovie and series 6 of @downtonabbey. Unofficial page.",956,91,8,489,0,2221,0,0,0,2249271564,0,human,10.402173913043478,0.22052205220522053,2.32183908045977,160,14,0,0.0,20,3,0
3476878998,مٌخْتٓےـلِفھ࿐🎻💛,8o0otshy,مملگتي الخاصة .. 😴♥️,أنا لا #أخسر أبداً ... إما أن أفوز .. أو أتعلم!🦋♥️ #مٌخْتٓےـلِفھ࿐🌼🎻 لا أقبل التم المقدم🤚🏻 #الخاص_مهملُ🚫,83931,9347,310,23934,0,186899,0,1,0,3476878998,1,bot,8.978605049208387,0.12806313536650615,2.2268026497640947,103,8,2,0.25,15,1,0
87115541,ken-ichi,kencya,しおかぜビーチ,マグロ、ご期待ください。,923,938,35,1441,0,84798,0,1,0,87115541,1,bot,0.9840255591054313,0.017004917510819704,91.77380952380952,12,6,0,0.0,8,1,0
213570812,CLAMP・News,CLAMP_news,日本・JAPAN,【CLAMP】（４名でまんがを描いたり脚本を書いたりキャラクターをデザインしたり）の公式アカウント。最初に【ニュース】とある告知とRTが殆どです。 （Instagram：https://t.co/GK6EQjgJHM）,193039,98,2804,11,0,14371,0,0,0,213570812,0,human,1949.8989898989898,0.0008349568605622043,0.07445089100704518,109,10,0,0.0,10,1,0
2416820011,☆ martinez ☆,Oye_TitoNikee,....,☆ vivo mi vida a lo máximo ☆,937,151,39,302,0,263291,0,1,0,2416820011,1,bot,6.171052631578948,0.0011508135454172553,280.6950959488273,28,13,0,0.0,12,3,0
499219350,Alex Winchester Jr,_A1W_,302,Speed & Agility Trainer⚡️KC Stallions 10u Coach •• Elite Performance Training for all ages & sports🏈🏀⚾️⚽️🎾 •• Super Savage Training™🏋️‍♂️,946,295,4,4467,0,23633,0,1,0,499219350,0,human,3.199324324324324,0.18904967419818905,24.956705385427668,137,5,1,0.2,18,3,0
1005564252948582401,Jhon Sijabat,JhonSjbt,"Muara Bungo, Indonesia",🐦 #Verified Official account of Jhon Sijabat. ❗ Advertising ⚠️ Public Figure ⚠️ Adv/Iklan: jhonsijabat44@gmail.com ⭐ #HalaMadrid ⚽,5,44,0,0,0,14,0,1,0,1005564252948582401,1,bot,0.13333333333333333,0.06666666666666667,2.5,130,8,0,0.0,12,2,0
374294966,Mike Modano,9modano,"AZ, Dallas, Minne, Park City","Mr. Mom living in Paradise. Allison, Jack, Kate and Reese.",329020,481,1240,125,1,6892,0,0,0,374294966,0,human,682.6161825726141,0.01827941389815755,0.02095003054516277,58,7,1,0.14285714285714285,11,2,0
18812728,Andrew Schulz 👑HEZI,andrewschulz,"New York, NY","Comedian. Podcast Papi: The Brilliant Idiots, Flagrant 2, Westerbros. IG: AndrewSchulz Bookings@TheAndrewSchulz.com",97926,671,499,8818,1,3037,0,0,0,18812728,0,human,145.72470238095238,2.902896642527979,0.03102310905061934,115,12,0,0.0,19,3,0
16231175,Blog do iPhone,blogdoiphone,Brasil,"Um dos mais populares sites sobre iOS (iPhone, iPad e iPod touch) do Brasil.
Tem perguntas? Faça em http://t.co/EGS8aOjROK",365952,83,1826,453,0,25727,0,0,0,16231175,0,human,4356.583333333333,0.017646144278606966,0.07030411009064005,123,12,0,0.0,14,3,0
15862891,Nature News & Comment,NatureNews,Worldwide,"Science news & opinion from the news team at Nature, the international journal of #science. Get our daily newsletter: https://t.co/jy3hdnoX0w",1888426,3641,19564,1285,1,52220,0,0,0,15862891,1,bot,518.5137287204833,0.0246261082706191,0.027653173779023495,141,10,0,0.0,21,4,0
716110115506622464,BHAD JHAYME,Babgonewild,ATL HOE ,💕Welcome to my fitter 💕 vacuum cleaner enthusiast 👸🏽|| finsta: Jaygonewildd,823,294,5,18059,0,51368,0,1,0,716110115506622464,0,human,2.7932203389830508,0.3515739064416282,62.34101941747573,75,11,0,0.0,11,2,0
1024806054,Ahmed Gamal,IdolAhmedGamal,,https://t.co/sxh6wauBNs https://t.co/oGmaQP38m8,1574933,105,1324,15105,1,16164,0,0,0,1024806054,0,human,14857.867924528302,0.9344880915558305,0.010263922170706836,47,14,0,0.0,11,2,0
15040988,Geoff De Weaver 🇺🇸,geoff_deweaver,"New York, USA",Author: How To Win New Business | Super Strategist | Entrepreneur | Digital Pioneer | Speaker | Marketing + New Business Expert | https://t.co/f7pK5v7nVA,438122,84151,4191,181400,0,485784,0,0,0,15040988,1,bot,5.206329023671452,0.37341828175015696,1.1087868018798375,153,14,0,0.0,18,4,0
2607096499,beINSPORTS الإخبارية,beINSPORTS_news,الدوحة - قطر,الحساب الرسمي لقناة beIN SPORTS الإخبارية,710219,3,1022,41,1,48628,0,1,0,2607096499,1,bot,177555.0,0.0008636821649632935,0.06847033313621131,41,15,0,0.0,20,2,0
368815711,Bérengère Krief,BerengereKrief,"Paris , France",Comédienne à Tendance Humoristique Zegang de @Boobsandzegang Sur Instagram,98531,291,386,65,1,8419,0,0,0,368815711,1,bot,337.43835616438355,0.007838479809976246,0.08545447164372996,74,14,0,0.0,15,2,0
2183080705,Creedance,Cheyenne_Loves6,Germany,Christian. Has been athlete. Fat Chick. Aspiring Makeup Artist. Student (Soon) Completely in Love with you. 💕,1496,4377,29,9305,0,13924,0,0,0,2183080705,0,human,0.341936957514847,0.6682944344703771,9.30193720774883,109,15,1,0.06666666666666667,9,1,0
39255637,Shivam,rowdy_ratnani,India,Trying to be cool on twitter after it stopped being cool. Reviewer-in-Chief @thishandleisok.,933,772,71,800,0,20692,0,0,0,39255637,1,bot,1.2082794307891334,0.03870874208669598,22.15524625267666,92,13,0,0.0,6,1,0
2957817826,lunden,Bridges_Lunden,"Chicago, IL",| I-XXX-MMXVI | writer. chi. | ig: bridges_lunden #Morehouse,1674,1276,6,10420,0,20768,0,1,0,2957817826,0,human,1.3116679718089272,0.5017574269343733,12.399402985074627,60,14,0,0.0,6,1,0
364591869,1/03👑♑️,Asvp_Janae,,The One & Only🙃💅🏾. #CSU22💛❤️,1375,1078,8,9662,0,66633,0,0,0,364591869,0,human,1.2752548656163114,0.1450160578683555,48.42587209302326,28,10,0,0.0,7,1,0
591555224,Le Magazine All Habs,LeMagAllHabs,"Montreal, Quebec, Canada",Le Mag All Habs est un magazine de hockey numérique portant une attention particulière au Canadien de Montréal. Le réseau Rocket Sports Média. @RocketSports,1239,1053,52,9,0,25002,0,0,0,591555224,1,bot,1.1764705882352942,0.0003999520057593089,20.163709677419355,156,12,0,0.0,20,4,0
1243573092,5SOS Philippines!,5SOSPHOfficial,Philippines,The one and only official 5 Seconds of Summer Street Team & Fan Club in the Philippines duly recognized by @5SOS and their team. Est. March 2013.,73836,1187,345,15960,0,81148,0,0,0,1243573092,1,bot,62.1523569023569,0.1966875747082527,1.0990289421292847,145,14,1,0.07142857142857142,17,2,0
18239795,Bob Burg,BobBurg,"Jupiter, Florida","Speaker & Bestselling Co-Author, The Go-Giver Series. Animal Lover. Free-Market Advocate. Money is an echo of value. IG: https://t.co/10BqTgSD8I",111934,99543,3376,19,1,109941,0,0,0,18239795,1,bot,1.1244776179377964,0.00018191410016190354,0.9821950238977978,144,7,0,0.0,8,2,0
710123736175783938,Security Testing,sectest9,"Hyderabad, India",News Hub! Get the latest Security News & Updates!,23148,1,7272,7,0,1257235,0,1,0,710123736175783938,1,bot,11574.5,6.363164910963415e-06,54.31059657004622,49,8,1,0.125,16,2,0
156845052,Grand City Surabaya,GrandCitySBY,"Surabaya, East Java, Indonesia","Towering above Surabaya, the iconic Grand City Mall & Convex set to change the face of Surabaya's luxury market.Grand City Surabaya, My City - My Destination",178552,351,80,720,0,16788,0,0,0,156845052,0,human,507.25284090909093,0.04294478527607362,0.09402810370030187,157,12,0,0.0,19,3,0
129633845,Brayan Balbin ,brayanbalbin,"Lima, Peru",INSTAGRAM: https://t.co/hUaDJ6WnIa SNAPCHAT: https://t.co/U6XOpyMPVI,109037,66905,177,27328,0,62727,0,0,0,129633845,1,bot,1.6297193076854093,0.43567465884453516,0.5752856802215741,68,12,0,0.0,15,3,0
16313592,CBSDenver,CBSDenver,"Denver, Colorado","Covering Colorado First. #Denver area news, #BreakingNews, #Colorado, #cowx & more. Be sure to also check us out on Facebook: https://t.co/m2Uesbrbir",199797,14662,2508,4286,1,159949,0,0,0,16313592,1,bot,13.62599740844302,0.026802125664270083,0.8005585641497913,149,9,0,0.0,9,1,1
24742040,Xbox,Xbox,"Redmond, WA",Stay 🔌 in to the latest Xbox news and updates. Need help killing a boss? Ask your squad. For everything else 👉https://t.co/kVKEIy456v,13074396,17085,17109,3139,1,237860,0,0,0,24742040,1,bot,765.2111085098911,0.013200987131139616,0.0181928849185167,133,4,0,0.0,4,1,1
134164413,Relatable,omgrelatabIe,,Tweeting relatable thoughts & feelings. Just tweets that everyone can relate to. *I do not own any content or pictures posted on this account.* |parody account|,918901,55697,3073,284,0,55510,0,0,0,134164413,0,human,16.497935293906423,0.005134117562284953,0.060410141669078966,160,12,0,0.0,9,1,0
288452305,HABFoundation,ABFalecbaldwin,"New York, NY","Hilaria and Alec Baldwin Foundation. Supporting the arts + artists, amateur + professional. https://t.co/joORCCHv8g",1109055,1491,9367,806,1,21887,0,1,0,288452305,0,human,743.3351206434317,0.03686951754385965,0.01973570315655837,115,14,0,0.0,13,1,0
405113207,Angelica,AnbenitezT,"Springfield,Av. Siempreviva742","Mama de Arturo... Hago mucho Spam, Si me sigue es bajo su responsabilidad",948,171,5,4320,0,11161,0,0,0,405113207,0,human,5.517441860465116,0.38711700412112526,11.761854583772392,73,10,0,0.0,8,1,0
544333505,Caperucita Zorra,caperucitazorra,Donde me salga del..,Soy una zorra. Y tú también.,33033,25027,71,2,0,49997,0,0,0,544333505,1,bot,1.3198817324596452,6.000240009600384e-05,1.5135315129866198,28,15,0,0.0,16,2,0
846439395016232960,Follow @DiGiorno,DiGiornoPizza,Location? @DiGiorno,It's Not @DiGiornoPizza. It's @DiGiorno.,122,0,1,0,0,1,0,0,0,846439395016232960,0,human,123.0,0.5,0.016260162601626018,40,13,0,0.0,16,2,0
42256402,BlogMundoCao_,BlogMundoCao_,São Paulo,"Jornalista, cozinheiro, blogueiro e comentarista de tv nas hora vagas!. Esquerdista.Integrante da Ursal.",1118,423,17,19678,0,42652,0,0,0,42256402,0,human,2.6391509433962264,0.4613743464703538,38.117068811438784,104,13,0,0.0,13,1,1
61710647,Ixpanea,ixpanea,México,"Vagabunda mochilera, actriz improvisadora, teatrera, la naturaleza y viajar me hace feliz. Me dicen la hippie de YouTube. contactoixpanea@gmail.com",165215,864,380,39917,1,8076,0,0,0,61710647,1,bot,191.00115606936416,4.9421815030333045,0.04888751694751114,147,7,0,0.0,7,1,1
55432787,3AW Melbourne,3AW693,Melbourne,Melbourne's #1 radio station. Follow us for breaking news + live updates. We love to hear from YOU. Footy? Go to @3AWisFootball.,127693,17153,1091,2274,1,86301,0,0,0,55432787,1,bot,7.443978080914072,0.02636091863456235,0.6758500790953373,128,6,4,0.6666666666666666,13,2,0
192611378,Millonarios FC,MillosFCoficial,"Bogotá, Colombia",Cuenta Oficial de Millonarios FC. El equipo más grande del fútbol colombiano.,1687118,51,1501,0,1,31489,0,0,0,192611378,0,human,32444.596153846152,3.175611305176246e-05,0.01866495487277424,77,15,0,0.0,14,2,0
921999224,ظافر الشيبان,Dh_shiban,عاشق لعميد الأندية #الاتحاد ,"‏‏‏‏‏‏‏‏أن يكرهك الناس وأنت تثق بنفسك وتحترمها أهون عليك كثيراً من أن يحبك الناس وأنت تكره نفسك ولا تثق بها
 (حساب شخصي)",39664,214,40,1484,1,22618,0,0,0,921999224,0,human,184.48837209302326,0.06565276979530484,0.5702508508760872,120,9,0,0.0,12,2,0
214891135,Brooke Marie,BrookeMarieCam,🤱🏼,"Welcome! I specialize in Adult (18+) Custom Videos & PPV Clips. Solo and with my #twin @MissVikkiLynn Most importantly, I'm a #MILF",113402,85,452,15349,0,35623,0,0,0,214891135,0,human,1318.639534883721,0.4308892881203683,0.31413631032688727,131,14,0,0.0,12,2,0
188924568,Chris Brown,chrisbfacts,,Fan Page .. Keeping You Up To Date With Chris Brown! • Send A DM For Promo Purposes. ( Everyone Is Allowed) |Promo Prices Low|,100568,84,356,10189,0,27247,0,0,0,188924568,0,human,1183.164705882353,0.37397240164415735,0.27093836072746075,126,11,0,0.0,11,2,0
51529219,Blog Carola Duarte,caroladuarte,Ribeirão Preto - SP,,918,749,16,386,0,21511,0,0,0,51529219,0,human,1.2253333333333334,0.01798995909259948,23.408052230685527,0,12,0,0.0,18,3,0
92140604,Guaco,OficialGuaco,,La Súper Banda de Venezuela Ψ https://t.co/z6VKSXIOAt,1173691,2339,1509,3576,0,19897,0,0,0,92140604,0,human,501.5777777777778,0.1797668107347472,0.016953340399355196,53,12,0,0.0,5,1,0
1004073678,あろえ姐さん,aroettey,わしわし党推し,あろえってぃだよー★ ラブライブ姐さんやってますよ( ^ω^ )☝︎ たくさんお話ししてください！,904,966,44,4264,0,42103,0,0,0,1004073678,0,human,0.9358841778697001,0.10129678890366711,46.523756906077345,49,8,0,0.0,6,1,0
42858599,allgringo,allgringo,Japan,,980,581,267,2971,0,204884,0,0,1,42858599,1,bot,1.6855670103092784,0.014505698318568953,208.85321100917432,0,9,0,0.0,9,1,1
2861336274,Raylynn🐡🐡Cooper,AlphaCaelum45,,“say life’s a bish but mines a movie”~I’m pansexual but prefer boys~im weird. imma weirdo. if u don’t like it leave~”cya l8r boi cya l8r maybe neva”,1116,3333,159,54798,0,94712,0,0,0,2861336274,1,bot,0.33503299340131976,0.5785794980625679,84.79230080572964,148,13,2,0.15384615384615385,15,1,0
144972794,Javier I. Mayorca,javiermayorca,Venezuela,"Periodista especializado en criminalística. Consultor. Miembro Observatorio Venezolano del Crimen Organizado.✏@RunRunesWeb,@DiarioTalCual, 🎤Fedecamaras Radio",156984,421,1315,58,0,70978,0,1,0,144972794,0,human,372.00236966824644,0.0008312317727778639,0.4521387393700035,157,13,0,0.0,17,3,0
140446791,Comunio LaLiga,comunioES,Spain,"Perfil oficial de https://t.co/ANSPMJy3ev - El Mánager de Fútbol Online. El Original, desde 2000.",90302,1047,680,2102,0,61498,0,0,0,140446791,0,human,86.16698473282443,0.034195677978503716,0.681029423164236,97,9,0,0.0,14,2,0
3019691246,Hikaru,407294n,YOKOHAMA,思えば遠くに来たもんだ 。 21歳の時、身体の事情でお勤めできなく、止む無く起業。 27歳時多額の負債〜〜 それでも今年創業30年を迎えられ、改めて人のご縁に感謝&感謝 少しでも世の為、人の為〜普通のひとびとのお手伝いができたら我が人生本望‼️ 生涯現役でうきうきワクワク愉しみましよ〜。,88568,94061,117,68197,0,11038,0,1,0,3019691246,0,human,0.9416023473878931,6.177914666183531,0.12463728844177986,144,7,6,0.8571428571428571,6,1,0
194975681,𝔸𝕝𝕗𝕚𝕖 𝔹𝕠𝕖,AlfieBoe,Somewhere most of the time.,I sing a bit. My new album ‘As Time Goes By’ is Out Now!! 🎙️#ItsBoeTime,105455,448,615,208,1,8036,0,0,0,194975681,0,human,234.86859688195992,0.026004728132387706,0.0762118798361402,71,8,0,0.0,9,2,0
341863906,Patria Digital,PatriaDigital,,Compilado de las más importantes noticias de interés nacional... Hecho en #Socialismo... Hecho en #Venezuela!!,921,31,11,4,0,146509,0,0,0,341863906,1,bot,28.8125,3.4127363319909904e-05,158.9045553145336,110,13,0,0.0,14,2,0
2876076186,طناخة #الاتحاد 100K,itti_IFC,نادي الوطن,"اتابعك وتلغي؟=حظر / #الإتحاد عشقي / الخاص فيه جن و عفاريت / #الاتحاد #العميد #المونديالي #ittihad

#وداعا_محمد_نور",88929,73483,24,14,0,26649,0,0,0,2876076186,1,bot,1.2101954166893474,0.0005628517823639775,0.29967390082087036,114,8,0,0.0,19,3,0
768314389,SaxonLynn Arts,SaxonLynnArts,Texas,"SaxonLynn Arts - the husband and wife artist duo.
Beach Art,Surf Art Custom Skateboards & Anything With Punchy Bright Colors.
Murals- Graphic Design, Fine Art",1068,1168,159,926,0,26116,0,0,0,768314389,1,bot,0.9144568006843456,0.03549412260213654,24.431244153414404,160,13,0,0.0,14,2,0
321980982,ITTI NEWS اتي نيوز🇸🇦,ITTINewspaper,ضوء يسطع و منبر يجمع,صحيفة الكترونية مرخصة من وزارة الثقافة والإعلام للتواصل والإعلان راسلونا على البريد الإلكتروني info@ittinews.net,181322,44,316,31,0,34952,0,0,0,321980982,1,bot,4029.4,0.0009155151203044088,0.1927664995615559,112,13,0,0.0,20,4,0
1333443091,Brett Ferres,BrettFerres11,,Rugby player @leedsrhinos Ambassador @TruSox @BudgySmuggler,26148,478,44,9229,1,5223,0,1,0,1333443091,0,human,54.59081419624217,1.7668453292496171,0.1997781941948067,59,13,2,0.15384615384615385,12,2,0
2720186326,kelsey💓,1litprincess,"Georgia, USA",yall hate me but yall still watchin 🤪,1366,753,8,17085,0,38926,0,0,0,2720186326,0,human,1.812997347480106,0.43892414005702984,28.476225310899782,37,12,1,0.08333333333333333,7,1,0
140225642,cheli,chelinato,,Ama de casa,1544,1139,13,1864,0,78666,0,1,0,140225642,0,human,1.355263157894737,0.023707526663022616,50.91715210355987,11,9,0,0.0,5,1,0
109396186,عبدالله الحربي,alamattaqs,Jeddah ,مهتم وملم ببعض جوانب الطقس وتحليلها معرفي (بارق الغبشه) محب للتصوير ومطاردة الامطار احترم وجهات النظر في حدود الادب مؤسس #عالم_الطقس - جديد التوقعات في المفضله,201275,405,940,6400,0,83912,0,0,0,109396186,0,human,495.7536945812808,0.07628138667429361,0.41690514517379124,159,10,0,0.0,14,2,0
581662807,4 Vision Media & PR,4VisionPR,Lebanon,4 vision Digital Media agency seo online digital advertising portals website design logo corporate id,25080,9869,62,25,0,128498,0,0,0,581662807,1,bot,2.5411347517730496,0.0002023362049510113,5.123360312587217,101,9,1,0.1111111111111111,19,5,0
19932359,Greggs,GreggsOfficial,Newcastle UK,Welcome to the official Twitter page of Greggs. Long live sausage rolls!,163192,12392,519,26840,1,110708,0,0,0,19932359,1,bot,13.168159444847898,0.24244641357071242,0.6783930683301367,72,14,0,0.0,6,1,0
32221027,Brooke Tyburski🎀,BrookeTyburski,"Charlottesville,VA✈️Phoenix",💕Dancer• Sox & Pats Fan• ASU ‘22💕,1046,2035,5,29164,0,12404,0,0,0,32221027,0,human,0.5142436149312377,2.351068117694478,11.848137535816619,33,14,0,0.0,16,2,0
385539815,Enver Aysever,enveraysevera,,instagram enveraysever,1458891,788,1099,251,1,53494,0,1,0,385539815,0,human,1849.0392902408112,0.004710720628096084,0.036668238635896286,22,13,0,0.0,13,2,0
1471405406,mama❤(M´･_･`M)最愛⭐✨,maomamafish,❤️(M´･_･`M)❤️,✨ID-S ✨SIDモバ✨@mao_sid✨ シド初め1/1 ✨Billboard2/6 ①②2/10②✨JMELO2/7✨Whiteday3/14①②✨箱ツ5/6 6/15追加6/27✨うちわお渡し会8/13✨いち好き9/14 9/18 11/21✨Xmas12/11①②✨横アリ2019/3/10,1640,1397,86,219355,0,194697,0,1,0,1471405406,0,human,1.1738197424892705,1.1266474231887333,118.64594759293114,150,11,0,0.0,18,1,0
79103654,Corey Seitz,CoreySeitz,,"Follower of Jesus. Husband to Tara. Father to London, Scarlett & Audrey. Skateboarder. Restaurant Director @cfamuskogee | @sbts @whufc_official",1074,1901,10,3606,0,4835,0,1,0,79103654,0,human,0.5651945320715037,0.7458643507030603,4.498604651162791,143,10,0,0.0,11,2,0
261944586,أذكار المسلم,alathkaar,,حتى نطمئن بذكر الله,2327745,19,1740,202,0,115046,0,0,0,261944586,1,bot,116387.3,0.0017644962493589577,0.04942420693666749,19,9,0,0.0,12,2,0
53146923,Banda El Recodo,ElRecodoOficial,De Mazatlán para el Mundo,Gracias Por Tu Amor ft David Bisbal en todas las Radios. Este espacio fue creado para estar más cerca de uds. FB:bandaelrecodo Inst: elrecodooficial,1255903,3008,1269,3714,1,44414,0,0,0,53146923,1,bot,417.38251910933866,0.08364291343014747,0.03536496420108543,148,15,0,0.0,15,3,0
131570753,サトミ⤴︎⤵︎,yakimeshi17,ツイプロは必読じゃないけど閲覧推奨,サトミ(STM)です。主にメタルスラッグのマルコってキャラが好きです。 ツイッターは定期購読のノリでやってるので壁に向かっておしゃべりしている ■特殊嗜好(笑)垢は数字を13にしてね ※絵の無断転載ダメよ,1296,1013,46,113878,0,276450,0,0,0,131570753,1,bot,1.2790927021696252,0.4119319517744555,213.14649190439476,102,11,2,0.18181818181818182,7,1,0
211001312,مَيمّ,Badorh,.,حصنتكٌ و حصَنت حُبنا برب الفلقّ من فاجَعة الفراق.💙,994,788,4,1629,0,70676,0,0,0,211001312,1,bot,1.2610899873257289,0.023062665364970217,71.0321608040201,50,6,0,0.0,5,1,0
20710218,MLB Network,MLBNetwork,,"To find MLB Network in your area, visit https://t.co/A0IOVeXoAl. 👻/IG: @mlbnetwork. Social Media and Giveaway Rules: https://t.co/N1IT8Qa8Ap",1500018,4763,9355,11575,1,56714,0,0,0,20710218,1,bot,314.865449202351,0.20410826060125187,0.03780952107939966,140,10,0,0.0,11,2,0
1554010706,happy--,burglarry28,,"Bands, bands & more bands",628,236,4,36643,0,11952,0,0,0,1554010706,0,human,2.654008438818565,3.0656738894001507,19.003179650238472,25,11,2,0.18181818181818182,7,1,0
39091293,Snap glendakozlowski,glendakozlowski,,"Aqui tem de tudo. Seriedade e devaneios. Notícias, abobrinhas e bom humor!!! Reporter, Apresentadora, narradora! De tudo... muito! 🖖🏼",974264,621,3852,3011,1,22644,0,0,0,39091293,0,human,1566.3424437299036,0.133009494369618,0.02324316279451689,133,15,0,0.0,20,2,0
2318100289,Iahgos,iahgos,"Goiânia, Brasil",levem este perfil a serio aqui nao tem ironia.,711200,883,3216,42779,0,202852,0,0,0,2318100289,1,bot,804.5260180995475,0.21089163088541948,0.285225976903857,46,6,0,0.0,6,1,1
16585310,Corazón Films,CorazonFilms,México,La nueva gran distribuidora de cine en México.,968459,1398,1422,5962,1,30666,0,0,0,16585310,0,human,692.2516082916369,0.1944435386571885,0.03166573735621502,46,12,0,0.0,13,2,0
916641536,kemusi,kemusiP,,虚言癖があります。30%の確率で本当のことを言います。,1110,708,44,18357,0,61315,0,0,0,916641536,1,bot,1.5669957686882934,0.2993998303868485,55.18991899189919,27,7,0,0.0,6,1,0
2160498763,Overseas Agent UK,OAUKNetworking,London + Colchester,Unique #SocialMedia networking account for #OverseasAgents & #Property Industry Service Providers across the UK. @EAUKNetworking concept.,1352,2405,26,328,0,4610,0,0,0,2160498763,1,bot,0.5623441396508728,0.07135111689438299,3.4079822616407984,137,14,0,0.0,17,3,0
920708302987722753,🎶,I_Abdulh,,,54,22,0,0,0,1,0,1,0,920708302987722753,0,human,2.391304347826087,0.5,0.03636363636363636,0,8,0,0.0,1,1,0
503244216,Babygirl💕,aalexisss_3,"Dundalk, MD",,1002,570,1,15067,0,80522,0,0,0,503244216,0,human,1.7565674255691768,0.1871266594637557,80.28215353938185,0,11,1,0.09090909090909091,9,1,0
724463826,IG : dj_tablaa,DJ_TABLAA,Cp : 081217777771,@TheWeek_IND | Official ! Business Bookings : tablaa.theweek.br@gmail.com,42696,7446,22,1448,0,5576,0,1,0,724463826,0,human,5.733449711293138,0.25981710597095214,0.13061807621144342,73,9,0,0.0,14,3,0
355784391,Motivational Quotes,911well,universe,"SEARCH 'Fearless Soul' on iTunes, Spotify, Amazon or GooglePlay for the most Inspirational, Life Changing Speeches. Business: team@iamfearlesssoul.com",632469,371917,4557,120530,0,92259,0,0,0,355784391,1,bot,1.7005630273339822,1.3064274875352266,0.14587253150347052,150,7,3,0.42857142857142855,19,2,0
538285556,عبد الباري عطوان,abdelbariatwan,London,"Writer - Author - https://t.co/5LvFoFY8V6
https://t.co/5tFft2K9HR",1957640,558,3006,5083,1,17518,0,0,0,538285556,0,human,3502.04114490161,0.29019921228380613,0.008949036110298058,65,14,0,0.0,16,3,0
57083275,Karol Jesús Lucero V,Karol_LuceroV,"Chile, Campeón de América","Comunicador; Conductor de Tv y Radio, Columnista. Embajador @AyudaAlProjimo_ | Tv & Radio Host, Columnist, Businessman, Skydiver, Diver & Dj. CEO @Grupo_Luves❗️",1110506,56,3730,153,1,90143,0,0,0,57083275,0,human,19482.57894736842,0.0017083777067802626,0.08117373415926239,160,13,0,0.0,20,4,0
1395837230,اعلانات,__C100,,اعلان وتسويق منتجاتكم لجميع مناطق المملكه,1165085,645127,963,198,0,4299,0,0,0,1395837230,1,bot,1.8059764883868008,0.04627906976744186,0.0036907146768564722,41,6,3,0.5,7,1,0
1723491799,Sexy Culonass ®🍑👯,sexyculonas,On twitter,"@SexyCulonas , potonas y más #asupinchimaye #denunciaunanalgona",4429,289,43,54,0,99621,0,0,0,1723491799,1,bot,15.275862068965518,0.0005520868884382968,22.48803611738149,63,11,0,0.0,17,3,0
19916572,Jason Plato,jasonplato,Oxford,"Bloody hell...97 BTCC Wins, 229 Podiums, 50 Poles, 88 Fastest Laps, 2 Time BTCC Champion, 8 x BRDC Awards, 2 x National Racing Driver of Year and not done yet!",106411,770,939,903,1,11679,0,0,0,19916572,1,bot,138.01815823605708,0.0773972602739726,0.10976205691087472,159,10,0,0.0,11,2,0
424720725,De💍ndra,been_GAWJUSS,"Durant, MS",woman w/ ambition & drive👑💋,1086,730,2,557,0,6786,0,0,0,424720725,0,human,1.4870041039671682,0.08221600117872403,6.243790248390065,27,12,0,0.0,7,1,0
471703396,ちっち·ᴥ· @fenrir,chicchi22022,,寝るのとゲームが大好き✩︎⡱ ⸜⌄̈⃝⸝‍ DBD / MHW / R6S / PUBG / BO3 / FF14 fenrir鯖＆chocobo鯖 / パズドラ(950↑)▷FFBE▷ᙏ̤̫ #MHW #DBD #PUBG #FF14 #パズドラ #fenrir #chocobo #FFBE,1512,1330,19,8291,0,72219,0,0,0,471703396,0,human,1.1367392937640872,0.11481584048739961,47.73298083278255,147,12,5,0.4166666666666667,14,2,0
838509693429559299,abcTrader,abcTraderClub,"Miami, US - Medellin, CO",Rentabilice su capital aprendiendo a Invertir a largo plazo con un beneficio / riesgo moderado o Especulando a corto plazo con Trading en mercados financieros.,1889,0,54,0,0,1938,0,1,0,838509693429559299,0,human,1890.0,0.0005157297576070139,1.025925925925926,159,13,0,0.0,9,1,0
1160306918,３行ラブレター,Dougaomoshiro,,たった３行であなたをときめかせます♪ときめいたらRTしてね♪,31450,11812,27,1,0,74951,0,1,0,1160306918,1,bot,2.662405824092102,2.6683744262994982e-05,2.383135671361801,30,13,0,0.0,7,1,0
1640879869,alper ile yıkılışa doğru,alprdnzzz,Giresun,UÜ • New Media 👨‍💻 • Kendi halinde manyak biri • alprdnzzz@gmail.com • İçimden gelenler @agabenibisalin,237763,44492,164,78840,0,13232,0,0,0,1640879869,0,human,5.343851841862765,5.9579082596538955,0.05565602866708164,103,9,0,0.0,24,4,0
22708797,Harvard Health,HarvardHealth,"Boston, MA",Knowledge is the best medicine. Providing you with trustworthy health information from the halls of @Harvardmed and world-famous affiliated hospitals.,2353642,859,11010,699,1,7156,0,0,0,22708797,1,bot,2736.7941860465116,0.09780634343998883,0.0030408180000110465,150,13,0,0.0,14,2,0
619399679,Frases & Signos,esoterica,Brasil,Esotérica™,5147,4,6,0,0,2058,0,0,0,619399679,1,bot,1029.6,0.00048567265662943174,0.39996114996114995,10,9,0,0.0,15,3,0
231112057,Amparo Grisales,Amparo_Grisales,Colombia,T. oficial de la actriz colombiana Amparo Grisales. Actriz desde chiquita! Consciente de mi Mente y de mi Cuerpo!Dios y mi familia!Amor total por los animales!,1068306,1115,2034,14578,0,30998,0,0,0,231112057,0,human,957.2643369175627,0.47030549372560404,0.029016939887129823,159,15,0,0.0,15,2,0
1318284638,Syed Haider Naqvi,HNakvi,Islamabad,,28533,1164,45,6006,0,7446,0,1,0,1318284638,1,bot,24.492703862660946,0.8066335437088761,0.2609868928296068,0,6,0,0.0,17,3,0
998242564422750209,Camila Paredes,CamiSJ15,,,0,28,0,2,0,2,0,1,0,998242564422750209,0,human,0.034482758620689655,1.0,3.0,0,8,2,0.25,14,2,0
194908659,112Twente.nl,112Twente,Enschede,"24 uur per dag nieuws uit de regio! Heeft u nieuws, tips of beelden? Mail naar nieuws@112twente.nl of tip ons via onze apps!",106531,960,310,0,0,79241,0,0,0,194908659,1,bot,110.85535900104058,1.261957042982257e-05,0.743832838959186,124,9,3,0.3333333333333333,12,1,0
618310703,court,Court_Natasha,,#USF19 | 🇧🇧 | #blacklivesmatter | Proverbs 3:15,1522,773,5,38637,0,30912,0,0,0,618310703,0,human,1.9677002583979328,1.2498948662375053,20.297439264609324,47,13,0,0.0,5,1,0
332321195,Beatriz,biaamartino,"Niterói, Brasil",✨snap:beatrizdmartino✨ // instagram:beatrizmaartino,1098,769,1,5041,0,47885,0,0,0,332321195,0,human,1.4272727272727272,0.10529173453619012,43.572338489535944,51,11,0,0.0,7,1,0
20731304,adafruit industries,adafruit,"New York, NY - USA","Electronics, community, art, learning, and sharing.",155624,741,4471,1503,1,96974,0,0,0,20731304,1,bot,209.73719676549865,0.015509151843258571,0.623132530120482,51,8,0,0.0,19,2,0
3018024769,〘βΔŇŞĦ€€ツ,BansheeDaRetard,my housie ,Noscope,631,890,2,367,0,1859,0,0,0,3018024769,1,bot,0.7093153759820426,0.1978494623655914,2.9430379746835444,7,15,0,0.0,9,1,0
192608058,ㅤㅤMiga Sua Loka,migasuaIoka,Jacareí - SP ,"Miga Sua Loka, você tá em todas! contatomariodenis@hotmail.com ✉️",1692114,71,879,2066,0,19092,0,0,0,192608058,0,human,23501.597222222223,0.10825957157073272,0.011283512054440744,65,11,0,0.0,15,3,0
63375729,راس قمّه| 900 K,488mt,كل مكان يستطيع حملي ,kik | 488mt,910205,38142,1781,7,0,72647,0,0,0,63375729,1,bot,23.86298927719372,0.00011012003083360864,0.0798148990448316,11,5,3,0.6,15,4,0
1829011585,Brullerby Suarez,Brullerby_Suare,"MBI, Edo. Aragua",Alcalde Bolivariano Chavista y Comunero del Municipio Mario Briceño Iragorry.,6100,1168,32,2673,0,16878,0,0,0,1829011585,1,bot,5.218990590248075,0.15842170744712364,2.766595640059007,77,15,0,0.0,16,2,0
118288671,NET MEDIA,netmedia_info,INDONESIA,NET. Official account only @netmediatama & @netmedia_info | Info Seputar NET.,1080212,63,995,54,1,68294,0,0,0,118288671,1,bot,16878.328125,0.0008053298191668497,0.06322364200393811,77,13,0,0.0,9,2,0
91508386,dipped cosmetics,BriiNadjh,,Owner of @DippedCosmetics ✨ Howard University Alumna,1043,830,6,3202,0,73975,0,0,0,91508386,0,human,1.256317689530686,0.0432978263220504,70.85823754789271,52,9,0,0.0,16,2,0
924967777,zz,ilhoononly,,비투비 ✧ 아이유 ✧ 에이오에이✧ 라붐 ✧ 악뮤 ✧ 보미 ✧ 레이디스 코드 ✧ 현아 graduated from kpop life aka 987655242 lightyears away from updates but will still listen to baes,840,248,11,4550,0,89591,0,0,0,924967777,1,bot,3.3775100401606424,0.050796946155906776,106.53032104637336,144,10,0,0.0,2,1,0
226341562,Cristian 🍻,CristiaanCAAB,,"LA VIDA SENCILLA, ALL BOYS Y CARNAVAL - Callejeros. Gardeliando. La 25.",906,448,3,6560,0,85030,0,0,0,226341562,0,human,2.020044543429844,0.07716009455375099,93.7497243660419,71,13,0,0.0,10,2,0
366417743,こどもbot,anknown_zero,,こどもbotです。本垢→@fujii_syana 　リフォローは自動です♪,770,983,6,13,0,189136,0,0,0,366417743,1,bot,0.7835365853658537,7.402041906131534e-05,245.31387808041504,37,12,0,0.0,6,1,0
366075666,INTT,INTToficial,"Caracas, Venezuela","Cuenta Oficial  del Instituto Nacional de Transporte Terrestre, ente adscrito al Ministerio del Poder Popular para el Transporte.",114772,821,519,2009,0,68009,0,0,0,366075666,1,bot,139.62652068126522,0.029554477282752536,0.5925609681719568,129,11,0,0.0,4,1,0
907152121,اجمل الابيات,abyats,وطن النهار Q8,أجمع لكم هنااا كل ماهو جميل .. وأعمل رتويت للأبيات الرائعه .. شاركوني الابداااع,96665,61265,146,51,0,127725,0,1,0,907152121,1,bot,1.5778082460092058,0.00040712149444905503,1.3213125607762812,79,6,0,0.0,12,2,0
993363480,ديوانية الشرقية,3_x_x_,المنطقة الشرقية,آخر أخبار الشرقية والمملكة | فعاليات | تغطيات | مناسبات | شكاوي ودعم #الأسر_المنتجه للتواصل والإعلان ع الخاص,115994,58584,163,44,0,38642,0,1,0,993363480,0,human,1.9799436715882905,0.0011645058613461688,0.33314366998577527,108,6,1,0.16666666666666666,15,2,0
27834261,DJ Infamous Talk2Me,DJInfamousATL,"ATLANTA, GA","INFAMY ENTERTAINMENT CEO, V-103 RADIO ATL, LUDACRIS TOUR DJ, THE HEAVY HITTERS, DASH RADIO",98438,1347,662,18,0,28177,0,0,0,27834261,0,human,73.02596439169139,0.000674284903115906,0.2862483365332846,90,13,0,0.0,19,3,0
162780281,cam🕉️,Camii_cabrera1,Tigre,"•20•


♌",867,552,3,18946,0,22165,0,0,0,162780281,0,human,1.5696202531645569,0.8547775872958585,25.536866359447004,8,14,1,0.07142857142857142,5,1,0
139202541,Pierre McCarragher,DiveSiteNet,Canada,The Scuba Diver - Scuba diving News 24/7,9906,2152,46,1,0,6589,0,0,0,139202541,1,bot,4.601486298188574,0.00030349013657056146,0.665186231957202,40,11,0,0.0,18,2,0
15860542,Destination BC,HelloBC,"BC, Canada","Official tourism organization for British Columbia, Canada. Come #exploreBC with us!",152435,1393,2464,8001,1,83713,0,0,0,15860542,0,human,109.35150645624103,0.0955873569534367,0.5491747356267548,84,7,0,0.0,14,2,0
1201545410,Mr.,Maneerh05,,"‏‏‏‏اسك : http://t.co/6F3DXEzZ8M‎‎‎‎‎












































استغفرالله العظيم وأتوب إليه .",706,729,1,1094,0,23838,0,1,0,1201545410,1,bot,0.9684931506849315,0.045933134779143424,33.71852899575672,112,9,2,0.2222222222222222,3,1,0
19397785,Oprah Winfrey,Oprah,,,41863805,302,89792,157,1,12609,0,0,0,19397785,0,human,138164.37623762377,0.01252973830293418,0.00030121484893179564,0,5,0,0.0,13,2,0
347607131,おしゃれ手帖,OshareTecho,聖ヤンサン学園,"長尾謙一郎『おしゃれ手帖』のセリフbotです。
@OshareTecho宛に「ヒョウ」「もしもし」「ポンタ」「ヒン兵衛」「せーのっ」などつぶやくと、反応あります。",832,0,39,1,0,138393,0,1,0,347607131,1,bot,833.0,1.4451493561859618e-05,166.1392557022809,82,11,0,0.0,6,1,0
885179286,ɮɛt ∆,bertaniam,concepcion,(SWS20/08/15💀 y 14/08/18👄)(Maná16/03/16💞)(GNR29/10/16🌟 y 29/09/17🌹)(GD12/11/17💚),958,2315,1,210,0,4493,0,0,0,885179286,0,human,0.41407599309153714,0.046951490876724525,4.686131386861314,80,9,0,0.0,5,2,0
112948196,Gのアザラシおじさん,maumanya,白熱の南極（名古屋）大陸,PSID:maumausan/3DSﾌﾚｺ4012-7023-0629/富野信者/ガンダムｷﾁｶﾞｲ/ガンプラ/ポケモン/スパロボ/スト魔女/ペリーヌさんの尻/｢｣/99ann/深夜の馬鹿力,1105,741,90,232935,0,510258,0,0,0,112948196,1,bot,1.490566037735849,0.45650542175640213,461.3553345388788,95,8,0,0.0,10,1,0
847113145,❄    أحمد       `,aalghatreef,,,96020,93181,29,4239,0,55554,0,0,0,847113145,1,bot,1.0304672576248632,0.07632076320763208,0.5785713541829391,0,11,0,0.0,17,3,0
27109378,Stephanie Wilson,Crazy_Golfer,"Brisbane, Australia",I'm the future world #1 women's golfer and there's nothing you can do about it :) Now working at @smqueue as Community Champion,86649,54354,1467,156,0,124241,0,0,0,27109378,1,bot,1.5941495722564623,0.001263662851531688,1.4338372763993075,127,12,0,0.0,16,2,0
3075931313,Maria Banda,banda_mlbanda,"Cleveland, OH","Born in Brazil, Naturalized American citizen and mother of three beautiful children!Love my USA ❤️Love God ❤️Let's take America back! #NeverTrump",1641,1386,44,25286,0,30587,0,1,0,3075931313,0,human,1.1838500360490267,0.8266967438211064,18.628501827040196,145,13,0,0.0,11,2,0
541261629,abby🌻,abalaimo,Newman,something sweet,1183,608,1,9658,0,2680,0,0,0,541261629,0,human,1.9441707717569787,3.6027601641178664,2.264358108108108,15,8,0,0.0,5,1,0
1607241085,Adanacity,bizadanaliyik,"Adana, Türkiye",Kardan adam yapmayı bilmeyenlerin şehri Adana'nın en fiyakalı mizah sayfası.,336987,8265,57,33618,0,11881,0,0,0,1607241085,0,human,40.76796515848052,2.8294058239353643,0.035259415765546545,76,13,0,0.0,9,1,0
2438311802,Reem,Adv_777,,حيث يكون #الهلال 💙💙💙,77444,87224,48,137,0,17982,0,1,0,2438311802,1,bot,0.8878761822871883,0.007673914252349441,0.2322034992575376,20,7,3,0.42857142857142855,4,1,0
34239016,calciomercato.com,cmdotcom,"milano, italia",il sito di news di calcio n.1 in italia / Italy's no. 1 football news web site. English account: @CmdotCom_En Seguici anche su Instagram,127566,587,1055,120,0,117349,0,0,0,34239016,1,bot,216.95068027210885,0.0010311035364294844,0.91990875383132,136,8,0,0.0,17,1,0
29949435,#MeetingYourPower #ERAbyDJZinhle #ZeeNation,DJZinhle,"ÜT: -26.065987,27.948693",Africa’s no1 female DJ! BOOKINGS@DJZINHLE.COM | https://t.co/y4OAHuldIn,2450563,9568,2280,3246,1,58861,0,0,0,29949435,0,human,256.09405371512173,0.05516292344806496,0.02401977667181922,71,8,0,0.0,43,3,0
1961336024,Carolina,CaroolinaVila,"Entre Ríos, Argentina","Mi familia, mi luz 🐶❤
Estudiante de Educación física⚽🏀🏊",1174,971,1,12775,0,37327,0,0,0,1961336024,0,human,1.2088477366255144,0.3422631804543506,31.768510638297872,55,13,0,0.0,8,1,0
27693717,Joey Da Prince,JoeyDaPrince,"Tuscaloosa, AL","Crown Music | Artist | Youtuber 100,000 Subscribers l #TeamRayann |  | My email: JoeyDaPrinceMusic@gmail.com",87312,688,304,16962,0,150475,0,0,0,27693717,1,bot,126.72423802612482,0.1127289401632154,1.723408885274816,108,12,0,0.0,14,3,0
2612293840,confesschelou ©,confesschelou,,Envoyez-nous vos confessions en DM et nous les publierons en ANONYME. 👀,94062,5029,122,5059,0,7270,0,0,0,2612293840,0,human,18.700397614314117,0.6959152798789713,0.07729925688102654,71,13,0,0.0,15,2,0
82171278,Lord Jada of House Brevett,JadaBrevett,"London, England",Actress • Writer • Director || kylo wouldn’t like those chips.,58270,8699,106,34448,0,19520,0,0,0,82171278,0,human,6.697816091954023,1.764714922391271,0.3350036896569477,62,11,0,0.0,26,5,0
90921168,Netas Divinas,netas_divinas,CDMX,Twitter Oficial Netas Divinas  ⏰ Día y hora: Miércoles 10 pm 🔁 Repetición: Sábado 10pm 🎥 Sólo por: @UnicableOficial https://t.co/J8aBYmFcf7,1117819,85,1539,10146,1,30060,0,0,0,90921168,0,human,12997.906976744185,0.3375469877914906,0.026892522946449338,139,13,0,0.0,13,2,0
2444516970,Taste Like Love,TasteLikeLov,"Charlotte, NC","Healthy snacks, Gluten and dairy free recipes, Grilling recipes, Christmas baking recipes, Grill recipes, Yogurt recipes, Healthy eating, Healthy recipes",1585,1916,641,16,0,225380,0,1,0,2444516970,1,bot,0.8273343766301513,7.542783109490153e-05,142.10655737704917,153,12,0,0.0,15,3,0
457944154,Motivasiilmu,MotivasiIlmu,SMS/WA 081314146340,"Follow @motivasiilmu, memberi inspirasi , mencerahkan, memotivasi diri untuk selalu lebih baik. Kontak Iklan: Elzataher@yahoo.com",1245992,7,538,328,0,66549,0,1,0,457944154,1,bot,155749.125,0.004943651389932382,0.053411214990774426,129,12,0,0.0,12,1,1
60851517,동아일보,dongamedia,대한민국,세상의 모든 뉴스와 콘텐츠를 당신의 손안에!,108697,30302,1612,57,1,72968,0,0,0,60851517,1,bot,3.587037587037587,0.00079485809042196,0.6713002999135219,24,10,0,0.0,4,1,0
123620874,Colleen Kelley,colleenk407,,W&J '21,1142,859,2,28169,0,18059,0,0,0,123620874,0,human,1.3290697674418606,1.5598006644518272,15.800524934383201,7,11,3,0.2727272727272727,14,2,0
2458134986,Baroness,BaronessDupont,,I love smoking & drinking whiskey 🥃 I love sex and think it's a vital part of what makes us human. Not to be owned. No Dms,141605,326,435,21670,0,28775,0,0,0,2458134986,1,bot,433.04587155963304,0.7530928551570754,0.20321172831659676,122,14,0,0.0,8,1,0
20985527,Lecrae,lecrae,"Atlanta, GA",https://t.co/eliHBY27cl,1677582,421,6117,5522,1,12773,0,0,0,20985527,1,bot,3975.3151658767774,0.4323626115547205,0.007614526375148055,23,6,0,0.0,6,1,1
14607140,hackaday,hackaday,Virtual Hackerspace,Fresh hacks every day 🔧 Collaborative project hosting built for hackers by hackers ☠️ Join the community at @hackadayio,143130,2216,3497,7557,1,46545,0,0,0,14607140,1,bot,64.56066756878666,0.16237700339449146,0.32519859429473696,119,8,0,0.0,8,1,1
78687173,Ciudad Bizarra,CiudadBizarra,"Valencia, Venezuela","Pelabola certificado, con comentarios que tratan de colarse en las pupilas gustativas del colectivo.  Para contactos CiudadBizarraNews@Gmail.com",1119109,374322,3931,48,0,175531,0,0,0,78687173,1,bot,2.9896907216494846,0.0002791513798053916,0.1568496394456309,144,13,0,0.0,14,2,0
994111987,HDHighResPorn.Com 🎥,HDhighresporn,,"(18+ Adults Only) The Hottest New 18+ Teen & Milf #Hardcore, #Lesbian, #Erotica Videos and Lots More. #Babes FREE LIVE SEX CAMS: https://t.co/S2imFNZSAY",210238,2126,1001,40843,0,73964,0,0,0,994111987,1,bot,98.84297132110954,0.55220712499155,0.351813888003653,152,13,0,0.0,19,2,0
375135445,Anne Glenn,AnneGlenn74,USA,Never underestimate the power of prayer. #Christian #BabyLivesMatter #Covfefe #Confefe #Deplorable #SuperElite #ProudAmerican #JesusIsLord,1551,1560,66,64638,0,135573,0,0,0,375135445,0,human,0.994234465086483,0.47678020859456827,87.35438144329896,138,11,2,0.18181818181818182,10,2,0
587526194,けんP@1/6スターライトクルーズ,ken1500,ウサミン星　◆所属: RPPRPRODUCTION、765プ,"みりあ&紗南担当のモバマスS4パッションP、デレステ第14&26期SSS、亜美P、当人男性、非声ｵﾀ、非変態。無課金でシンデレラガールズ＆765ASを中心にアイドルマスターを応援＆楽曲鑑賞中心にP活動中。 ◆765OFAシーズンファン数: 1,956万人（全国８位）◆現モバID:133838980",1938,1985,129,12022,0,42683,0,0,0,587526194,1,bot,0.9763343403826787,0.2816746321806766,22.013408973697782,149,7,4,0.5714285714285714,17,1,0
116769784,Marsalis👨🏾‍🚀🛸🖖🏾,HeyItsMartty,Jersey,your friendly neighborhood alienweirdo🖖🏾 I’m all about my Waffles and French toast. I rap/kinda sing and what not. uhh idk what else goes here so yeah.,55885,66211,133,1817,0,76913,0,0,0,116769784,1,bot,0.844046396423609,0.023636789141118653,1.3762659700103783,151,12,0,0.0,15,1,0
528507656,bia,bewareofbea,,para sempre é sempre por um triz,980,642,1,3880,0,35862,0,0,0,528507656,0,human,1.525660964230171,0.10821738281794607,36.557594291539246,32,11,0,0.0,3,1,0
1290082680,Ellen Pompeo,EllenPompeo,NY/LA,Professional Asst to Stella Luna Sienna May and Eli Ivery,1604898,576,3172,6681,1,5548,0,0,0,1290082680,0,human,2781.4540727902945,1.2041809335015319,0.0034575384494600595,57,11,0,0.0,12,2,0
527650146,Constanza De Reatti,ConstanzaDeReat,,,1250,644,0,18333,0,37401,0,0,0,527650146,0,human,1.9395348837209303,0.49018769049783434,29.897681854516385,0,15,0,0.0,19,3,0
120143525,セネカ,annaeuscaesar,東京県,欅沼に在住の奈良県民。クラシック音楽、YUI、藤原さくら、欅(平手、影山)、栄（竹内彩姫）、Dortmund(10/11～)、香川、マリノス(17～バクスタ2階住民),1002,864,69,74323,0,322099,0,0,0,120143525,1,bot,1.1595375722543353,0.23074821484011176,321.13659022931205,83,13,0,0.0,3,1,0
18197498,Bob Vila,BobVila,New York,"The Official Twitter Account of Bob Vila, America's Handyman. And the original salt-and-pepper beard. http://t.co/tfhb4HX3RB | https://t.co/5xW0UgljL7",919751,182,2744,757,1,10831,0,0,0,18197498,0,human,5025.9672131147545,0.0699778434268833,0.011777087736694239,150,7,0,0.0,8,2,0
2928556470,そろそろ消えます@速度制限,0cNAmS2t0jncEjp,速度制限中は浮上率激減&フォロバ不可です,#fatego #shadowverse  別アカはこちら→@card3099,799,769,8,106556,0,38362,0,1,0,2928556470,1,bot,1.0389610389610389,2.777598206605323,47.95375,39,15,3,0.2,13,1,0
461277906,04 Limited Sazabys,04LS_nagoya,Nagoya/Japan,04 Limited Sazabysの公式Twitter。2008年名古屋で結成。ライブなどの最新情報を世界最速でお届けしマス。,355209,3145,3405,209,1,9953,0,0,0,461277906,1,bot,112.90845518118245,0.02109704641350211,0.028022859716787252,64,11,2,0.18181818181818182,18,3,0
58826629,Amy,amymastrine,United States,Artist 👩🏻‍🎨 🌈 ☯️,1008,963,41,6493,0,16150,0,0,0,58826629,0,human,1.0466804979253113,0.40208036654077145,16.006937561942518,16,11,0,0.0,3,1,0
181099378,だからこそ@神戸,dakarakoso,兵庫県神戸市,詩を書いています。 あちこち行くのが好き お店屋さんが好き ゲームが好き パンが好き 愛犬はレッドのミニチュアダックスフント お酒はウイスキーが好き 愛娘は可愛い,1025667,1123283,2698,138,0,2248,0,0,0,181099378,1,bot,0.9130976671972537,0.061805246776345045,0.0021927173315341806,81,10,0,0.0,8,1,0
363900537,chelsea,chelseanebolisa,,Happiness -Naija girls do it best- #UNC18,804,985,2,1778,0,4638,0,0,0,363900537,0,human,0.8164300202839757,0.3834878206510024,5.762732919254659,41,15,0,0.0,7,1,0
3308360891,AmazingVines,AmazingVines,,Contact @HintzeMedia for business.,3,2,0,0,0,2,0,0,0,3308360891,0,human,1.3333333333333333,0.3333333333333333,0.75,34,12,0,0.0,12,1,1
1561973462,abril,abril_barrio,la pampa,,1248,574,4,13284,0,32093,0,0,0,1561973462,0,human,2.172173913043478,0.41394030036767,25.695756605284227,0,12,0,0.0,5,1,0
1891171214,جريح الصمت..,a5wesh,انسان جرحه عميق(ساااامحوني),‏‏‏‏ألهي ..ياعالم بكل أﻷحوال وعالم ماتخفيه الصدور وعالم ما بالنوايا.اللهم من أراد بي كيد أو شر فجعله في نحره وجسمه وفي بدنه.فأنك تعلم ونحن ﻻ نعلم.,231546,22435,34,7083,0,162648,0,1,0,1891171214,1,bot,10.320333392761633,0.04355391056815597,0.7024448600068237,146,6,1,0.16666666666666666,12,2,0
1281280700,ΛLFΛBЯIΣLL,alfabriell,紫色的天堂        DIVING THE W0RLD,[L'CREME] #RMCF #MUFC •#FLOW2040• #NoHayBreak #FreeKendo Dive•Surf or Die,1146,249,22,5028,0,42013,0,1,0,1281280700,0,human,4.588,0.11969819583948207,36.62946817785527,73,10,0,0.0,10,1,0
42836285,DJ CURFEW,DJ_CURFEW,"Palo Alto, CA",Entrepreneur | Libertarian | Dreamer,271420,72,55,177,0,280,0,0,0,42836285,0,human,3718.095890410959,0.6334519572953736,0.0010352920370936664,36,9,0,0.0,9,2,0
106485105,G.V.Prakash Kumar,gvprakash,india,"Indian film score and soundtrack composer, Actor , Singer & Producer #வீரத்தமிழன் #rebel insta : https://t.co/CSu7YhoZge",5171164,34,1054,35246,1,12247,0,0,0,106485105,0,human,147747.57142857142,2.8777759634225997,0.0023685185059846283,120,9,0,0.0,17,2,0
76593802,Víctor Arrogante ✊,caval100,Madrid (España),"Ayer y hoy militante por la justicia, la igualdad y la solidaridad. Inmediatamente me di cuenta que era algo por lo que merecía la pena lucha. #porlaRepública",119598,93947,983,46745,0,596203,0,0,0,76593802,1,bot,1.273034018818921,0.07840604893627014,4.985024958402662,158,8,3,0.375,18,3,0
621681015,Annie,Annie_1251,,"Lies are simple, Truth is complex Living in Retrospect #VoidzHooliganz",1456,689,51,110568,0,99902,0,1,0,621681015,0,human,2.1115942028985506,1.1067635606538342,68.56760466712423,70,10,4,0.4,5,1,0
14293310,TIME,TIME,,Breaking news and current events from around the globe. Hosted by TIME staff.,15719954,856,102259,514,1,308350,0,0,0,14293310,1,bot,18343.004667444573,0.001670174573781178,0.01961525971289358,77,4,0,0.0,4,1,1
3820376903,Ana,AnnaSilva____,Vila Velha,"Se Deus é comigo contra mim ninguém será! 🙏❤
 ❤@LuanderReis",2424,596,1,2954,0,70668,0,1,0,3820376903,0,human,4.061976549413735,0.04181465706321018,29.141855670103094,59,13,0,0.0,3,1,0
3306242996,Buy . Express,BuyDotExpress,United States,Check out daily cool stuff at https://t.co/vaaqmvAXfq,211833,20464,430,1896,0,237531,0,0,0,3306242996,1,bot,10.35103835817249,0.007986292373238132,1.121311970694034,53,13,0,0.0,13,3,0
1678548306,♩✿˹ᓚɺgɹ̈ɹ̣ɺI˼,btool_2019,المملكة العربية السعودية,"‏‏‏‏‏‏‏‏‏‏‏‏‏‏‏‏(اختر لقلبک مايليق بمقامهہ)
‎‎‎‎‎@btool_45",113022,104888,136,578,0,126881,0,1,0,1678548306,1,bot,1.0775486466645692,0.0045632950300279,1.1226210594303814,58,10,4,0.4,13,1,0
2150223160,💫,hanan471,🇸🇦1435❤️S❤️R❤️M❤️,الخاص مهمل نهائي❌❌,173740,172852,154,1099,0,78488,0,1,0,2150223160,1,bot,1.005137313208333,0.014014702697193238,0.45175865224673506,18,8,3,0.375,1,1,0
976973737,Slime Kurren$y,365GettinIt,Out Da Swamp ,#GGE,772,1114,2,16348,0,44250,0,1,0,976973737,1,bot,0.6932735426008969,0.369460577162098,57.245795601552395,4,11,3,0.2727272727272727,14,2,0
713337475,ععّلي السالم🖤.,_Ail47,"kik,  abb47_",قرب لي يالله البُسطاء فأنا لا أحتاج سوى النّوايا الطّيبة ❤️ ، ١٩٩٩ | ابن لأب و أم عظيمين | .#فيليب_لام ⛔️.,1936,2305,1,921,0,22113,0,1,0,713337475,1,bot,0.8399826539462273,0.04169304512978204,11.416623644811564,106,6,2,0.3333333333333333,14,2,0
937104758,Agustina,Agus_sosa15,Las Toscas,Snap: Agus.sosa9 // Promo 18❤️,1803,1378,0,24532,0,12238,0,0,0,937104758,0,human,1.3081943437273387,2.0044938311953593,6.784368070953437,30,11,2,0.18181818181818182,8,1,0
87390266,Bernie Abrellia,bernieabrellia,YK-BDG-SBY and then (?),nakal tapi berakal | hingga tak tersisa tenagamu kecuali saat bersujud kepada-Nya | Archival @UGMYogyakarta 2012,926,428,4,42,0,38270,0,0,0,87390266,0,human,2.160839160839161,0.0011235661466907057,41.284789644012946,112,14,0,0.0,15,2,0
2549172114,イッテン@温水洋一推し,it66085434,イッテンと呼ばれております,アニメや漫画のネタを中心に呟きます。アイコン→ @ponponusaさん。サブ→@ITTEN0518 ツイフィール(一読お願いします。)→https://t.co/Rgozp7lcm2 不定期で配信します→https://t.co/LLQvkUZCJV,126353,146882,218,13403,0,52548,0,1,0,2549172114,1,bot,0.8602356978002901,0.2550762145806771,0.41588711081564494,126,10,8,0.8,11,1,0
467646256,خبر عاجل الإخبارية 🇰🇼,ALAKBArkwTT, +965 | 66000637 ,,109076,1,288,150,0,44540,0,1,0,467646256,0,human,54538.5,0.003390134931860533,0.4083445639319013,0,11,0,0.0,21,4,0
135416747,Bondan Winarno,PakBondan,"Ubud, Indonesia",On My Honor I Will Do My Best                                       Celebrating Culinary Culture                        IG @maknyusbw,1258381,392,1266,192,1,44937,0,0,0,135416747,0,human,3201.9898218829517,0.004294806177399973,0.03571093674257896,133,9,0,0.0,14,2,0
55176518,Babnet,babnet_Tunisie,Tunisie,Site web d'actualité en continue,219699,8,313,0,1,144269,0,0,0,55176518,1,bot,24411.11111111111,6.931447979482914e-06,0.6566681838871188,32,14,0,0.0,6,1,0
25132897,Bree Essrig 🏳️‍🌈,BreeEssrig,"Los Angeles, CA",actor. writer. foot model✌️✨ for bookings & inquiries: mgmt@paralumanmedia.com,100142,2481,497,9653,1,901,0,0,0,25132897,0,human,40.34770346494762,10.702882483370288,0.009007119818659317,78,10,0,0.0,16,3,0
536997660,ﾂﾂﾞｷ,ayufeme,太田留美,"EK9とGolf5GTi
貧困ホットハッチマン。
PUBG:ayufeme lol:QSS 誘ってください",993,501,9,5879,0,32310,0,0,0,536997660,0,human,1.9800796812749004,0.1819813685741698,32.50603621730382,53,7,0,0.0,4,1,0
108456596,WORLD PEACE,BABYFAITHmisato,町田市(東京です),本村碧唯.阪神タイガース、チェルシー.ダラスカウボーイズ、人間観察.カレー.チョコレート.が好きなおっさんです。【熱望】HKT48全握券,86177,61836,703,556,0,51521,0,0,0,108456596,1,bot,1.3936316444846937,0.010810915725321222,0.5978556011975215,68,15,0,0.0,11,2,0
423668324,أذكار و عبر,athkar1010,,,84461,63185,35,24,0,59077,0,1,0,423668324,1,bot,1.3367201595290097,0.00042316936930837196,0.6994624801685966,0,10,4,0.4,11,3,0
1135688252,Rafaell,Bultron45,"Carolina, PR",IG/Bultron45,854,0,2,1873,0,36188,0,1,0,1135688252,0,human,855.0,0.05178369117687695,42.32631578947368,12,9,2,0.2222222222222222,7,1,0
61314535,Editorial Alfaguara,AlfaguaraMex,México,Alfaguara es la editorial de referencia en el campo de la creación literaria en lengua española. Un sello de Penguin Random House Grupo Editorial.,435843,788,1441,5427,0,19058,0,0,0,61314535,0,human,552.4005069708492,0.28479983210032006,0.0437289488899698,146,12,0,0.0,19,2,0
70352000,Intex Technologies,IntexBrand,Delhi,"Welcome to the official account of Intex technologies, an Indian origin manufacturer of Smartphones,consumer electronics and IT accessories since 1996.",159848,5045,94,1410,1,16430,0,0,0,70352000,0,human,31.678359096313912,0.08587426206560769,0.10279075877859731,151,10,0,0.0,18,2,0
332250142,سامي الشويكي العنزي,alshwiki1,,اللهم لانصر الا نصرك فانصر نصرنا وانصرنا,120632,249,352,496,0,138958,0,0,0,332250142,0,human,482.532,0.003576594535078692,1.151915313388542,40,9,1,0.1111111111111111,19,3,0
2836421,MSNBC,MSNBC,,"The place for in-depth analysis, political commentary and informed perspectives.",2305384,589,22112,655,1,153981,0,0,0,2836421,1,bot,3907.4322033898306,0.00426023820966087,0.06679231451579672,80,5,0,0.0,5,1,1
1869341275,©®,CandeRotela,Brk - Cba ,P19,1693,1252,3,5038,0,13163,0,0,0,1869341275,0,human,1.3519553072625698,0.382786387116378,7.770956316410862,3,11,0,0.0,2,1,0
385718466,صالح الداود,aldawood_s,"الرياض, المملكة العربية السعودية",متمسك بالبساطة لأنها الحياة.. لا أرحب بالتغريدات المتعصبة .. حساب الإنستغرام Saleh_aldawood3 سناب : salehaldawood3,132967,318,474,95,1,6981,0,1,0,385718466,0,human,416.82758620689657,0.013749641936407906,0.052508874315624815,114,10,0,0.0,11,2,0
611582397,Maganda lang Ako,BahayniQuotes,Wala kang PAKE!,(MAGANDA LANG ANG MAKAKARELATE)PROMOTION: DM US :),74940,0,34,259,0,4888,0,0,0,611582397,0,human,74941.0,0.05318060953160155,0.0652379872166104,50,13,0,0.0,16,3,0
1564498860,#NF @BenPhrases 200k,dopeasshiphop,"Dothan, AL",Not affiliated with DOPE ENT.,88695,90819,127,251,0,10278,0,0,0,1564498860,1,bot,0.9766130808192028,0.024516003502286214,0.11589023180301254,29,13,0,0.0,20,3,0
100170006,E.,TSMostHigh,Sorcerer/Neuro-surgeon,Apparently I'm a comedian but I'm really just depressed & socially awkward | For business & other inquiries strange.elyon@yahoo.com,1039,913,8,744,0,75838,0,0,0,100170006,0,human,1.1378555798687089,0.009823441764791203,72.92211538461538,131,10,0,0.0,2,1,0
1293787292,きりり〔ヒョンスン待ち〕,418Beauty93,ㅎ ㅅ ,BEAST 현승 なぽさん おしょう ｼﾞｪｼﾞｭﾝくん はなさん ガッキーさん dance BBQ X-erox B-style 新潟 MV出演→TheWinkingOlw AKB48 安室奈美恵 CM出演→2018ポカリスエット その他→AyaBambiスタンドイン,1092,1016,3,6504,0,33649,0,1,0,1293787292,1,bot,1.0747295968534907,0.19331352154531947,30.786825251601098,135,11,5,0.45454545454545453,12,1,0
4497835955,Σαλαδίν Αλ ηοσεΐν,Ba2Om,,,42914,2366,4,3671,0,31620,0,0,0,4497835955,1,bot,18.130544993662863,0.11612535972929382,0.7368286147034836,0,5,1,0.2,17,3,0
16794201,sweet magnolia,crystal63,IN~Deep Oceans~OF~HIS L💞VE,BeLieving~FATHER~H💟LY~ FAITHFUL~&~TRUE💐THX🛐IN🕊️ SPIRIT~🚰F~GRACE 1~GOD~JESUS~LIVING W📖RD~Our PEACE~&~J🤗Y~L💝VE~IN~✝️RUTH  WHO'S~SAVIOR~&~L🔆RD ReSt~&~RePoSe=SHAL💮M,1292,1089,34,61796,0,33566,0,0,0,16794201,0,human,1.1862385321100917,1.841004558048083,25.960556844547565,160,9,2,0.2222222222222222,14,2,0
2852407598,ジャニーズ愛@相互フォロー支援アカ,1hairo,,ジャニーズの情報を発信しています。#少年隊#SMAP#TOKIO#V6 #KinKi Kids#嵐 (グループ)#タッキー&翼#NEWS (グループ)#関ジャニ∞#KAT-TUN#ジャニーズWEST#Sexy Zone#Kis-My-Ft2#KAT-TUN#Hey! Say! JUMP#相互フォロー支援アカウントです。,40974,18146,39,494,0,5826,0,1,0,2852407598,0,human,2.2579489722819197,0.08494937360562897,0.1422086638194021,160,6,1,0.16666666666666666,17,1,0
39941540,insopportabile,insopportabile,"Sardinia, Italy","Ne ho le scatole piene, ma con eleganza.",134022,37154,1398,10495,1,173673,0,0,0,39941540,1,bot,3.6071322836764903,0.06043506800096733,1.2958522044723666,40,14,0,0.0,14,1,1
97979210,La Noticia Viral,LaNoticiaViral,Para México y el mundo,Te traemos las tendencias más relevantes de México y el mundo,1015908,19097,4091,994,0,45468,0,0,0,97979210,1,bot,53.19452298670018,0.021883041192900656,0.04475696149950439,61,14,0,0.0,16,3,0
332710234,DR mahmoud osman,albedya_editor,مكه المكرمه,جراح التجميل والحروق والتشوهات والعيوب الخلقيه,36897,137,19,850,0,140727,0,0,0,332710234,1,bot,267.3768115942029,0.006047126371439941,3.8139736571087863,46,14,0,0.0,16,3,0
15593696,8 News NOW,8NewsNow,"Las Vegas, Nevada","#BreakingNews, #VegasTraffic, #VegasWeather, #WeatherNOW, #8OnYourSide, #ITEAM8, #Sports8 and more from the CBS affiliate in Las Vegas. #8NN",229129,1948,1564,5540,1,125856,0,0,0,15593696,0,human,117.56285274499743,0.044026156669871364,0.5492820669488936,140,8,1,0.125,10,3,0
410089108,Greg Capullo,GregCapullo,US,"Artist of METAL, REBORN, BATMAN, SPAWN, QUASAR, X-FORCE, THE CREECH, HAUNT, World of Warcraft, Album art for FFDP, DISTURBED, KORN & more. Defiant till Death",150106,824,1871,18165,1,41015,0,0,0,410089108,0,human,181.94787878787878,0.4429003315779208,0.2732450851725769,157,11,0,0.0,12,2,0
4155011358,*,3washky,,لكل عابر من هنا : كن كالغيث تروي قبر عمي بدعائك ، اللهم اغفر له حتى لا يبقى من المغفره شيء . @f8idy_,954,304,3,7596,0,12197,0,1,0,4155011358,0,human,3.1311475409836067,0.6228070175438597,12.772774869109949,100,7,1,0.14285714285714285,1,1,0
920610398,هاش تاق عُمان,hashtag_oman,,المشاركة عبر الوسم الهاشتاق افضل أداة لطرح الآراء وضمان لوصولها لشريحة أكبر من الناس ..كن صوتا فاعلا لمجتمعك..وجدنا هنا لإيصال ما تودون. «الأكثر تداولاً»,150433,13950,154,25231,0,4551,0,1,0,920610398,1,bot,10.783026306357968,5.543057996485062,0.030259116954943696,153,12,0,0.0,13,3,0
553429991,ALGpGp,Al_GpGp,,"‏‏‏‏الله الَّلـي ينتصـر للصَّابـريـن
https://t.co/oP48yANqeJ",154042,1075,273,78,0,1554,0,0,0,553429991,0,human,143.16263940520446,0.05080385852090032,0.01009458397979785,60,7,0,0.0,6,1,0
63805938,Diario Financiero,DFinanciero,Chile,Twitter oficial de Diario Financiero Online. Actualización minuto a minuto de noticias e indicadores.,145257,1173,1800,314,1,155176,0,0,0,63805938,1,bot,123.72913117546848,0.0020299400039954373,1.0682853956408598,101,11,0,0.0,17,2,0
1445374915,AppBank Store Zちゃん【公式】🐣,appbankstorez,,AppBank StoreのZちゃんなのです♪「あなたのスマホライフにHAPPYをプラス！」お買い物をしていただくみなさまにハッピーをお届けなのです(๑•̀ㅁ•́๑)✧ お問い合わせはこちらまでお願いしますなのです！ → https://t.co/GxxOGTPKb8,71988,10086,369,1963,0,21259,0,0,0,1445374915,0,human,7.136809755130366,0.09238005644402635,0.29532289655364014,134,13,0,0.0,23,3,0
23083404,LeBron James,KingJames,Amongst La Familia!,EST. AKRON - ST.V/M Class of '03  http://t.co/IneJylUd1m #IPROMISE,42028430,181,44857,138,1,6197,0,0,0,23083404,0,human,230925.44505494504,0.022426589222329783,0.0001474716008313515,66,9,0,0.0,12,2,0
1045212613,TWITEIRO™,Citou1Twiteiro,,~~~~~~ [Sigam no @Privacidades] [Dono: @LucasSacanao] ~~~~~~ ↓↓↓↓↓↓↓↓↓ Me siga no Facebook ↓↓↓↓↓↓↓↓↓,82601,83719,92,986,0,678427,0,0,0,1045212613,1,bot,0.9866459627329193,0.001454833821717264,8.213215176387981,100,14,1,0.07142857142857142,9,1,0
81856710,Eamonn Holmes,EamonnHolmes,Usually at an Airport,TV Presenter & Radio host Listen to me on @talkRADIO | Mon - Thu | 4-7PM Watch me on ITV’s @ThisMorning every Friday alongside my wife @RuthieeL,984211,8394,2329,19605,1,47936,0,0,0,81856710,0,human,117.23787969029183,0.4089951394538665,0.04870596985202375,144,12,0,0.0,13,2,0
2886648994,✨ Inspire Them...✨,Imported_Fun,"Shanghai, China","Inspiring creativity and free thinking, one child at a time, with award-winning STEMed activities and Free DIY classes. Curator of  #InspireThemRetweetTuesday",124390,119239,1905,178476,0,156627,0,0,0,2886648994,1,bot,1.0431985910768198,1.1394961309599816,1.2591586208005403,158,12,0,0.0,18,3,0
3086994153,ana 💎🐦🇧🇷,bundadoney,"Londrina, Paraná","Porque eles são meu mundo, eles são meu tudo! @neymarjr @justinbieber ❤| #Belieber #Neymarzete ❤ JB seguiu 13/01 ❤ fan account",837,1887,6,38790,0,40413,0,1,0,3086994153,1,bot,0.4438559322033898,0.9598406492799525,48.22673031026253,126,10,0,0.0,8,2,0
58908838,Коффбой,koffboy,,Подписывайся! Нам будет хорошо вместе!                                                        По вопросам рекламы - koffboy@gmail.com,877364,5,3340,824,0,247345,0,0,0,58908838,1,bot,146227.5,0.0033354086987458864,0.28191915565357634,133,7,0,0.0,7,1,0
532885733,Ayejaye,AyejayeRadaza,,,7054,688,4,11869,0,22749,0,0,0,532885733,0,human,10.239477503628446,0.5217582417582417,3.2246633593196314,0,13,0,0.0,7,1,0
634627602,المقاولون,Contractors_sa,"Riyadh,ishbilia","للتسويق والاعلان [وفر مالك و جهدك و وقتك وتفرغ لاعمالك وحياتك دعنا نقوم بتسويق اعمالك
للطلب عبر حساب الدعم الفني @contractor_care",44792,0,48,19,0,39650,0,0,0,634627602,0,human,44793.0,0.0005044008978335982,0.8852052776103408,129,14,0,0.0,9,1,0
1619779116,偉人達の知恵袋(名言BOT),ijinnochie,,"偉人達の思考に触れて、自分の世界を広げましょう。
悩んだ時ここに来れば答えがあるかも！？
基本botですが、わりと中の人も呟きます(・∀・)/･･･botが凍結されると聞いて震えております。",20886,1985,60,6,0,43275,0,1,0,1619779116,0,human,10.517119838872105,0.00016175247250207968,2.0719107578876814,95,10,0,0.0,14,1,0
1213081351,Guia Cidade Regional,CidadeRegional,Todo o Brasil,"O Guia Oficial da sua Região, Guia Comercial, Classificados, Seminovos, Eventos, Cupom Ofertas, Artigos, Blog e muito mais, nos add. no Facebook click no site!",843,2211,5,144,0,328,0,0,0,1213081351,0,human,0.38155515370705245,0.44072948328267475,0.38981042654028436,159,14,0,0.0,20,3,0
144147895,youngcharles,ArianaDesiree_,dtx ,2 questions: what's poppin? & Is it legit?• 9teen • Extra-Chunky Hershey Bar 🍫 #SHSU21• I'm 6'9 in my head 💅🏾 @bsa_allday 😋,1528,1185,9,51021,0,53967,0,0,0,144147895,0,human,1.2892074198988195,0.9454120960569227,35.29627207325049,123,14,0,0.0,12,1,0
239625459,Papa Luchon,darkvader2015,"Amsterdam, Holanda","Tnlgo., Democrata, Barcelones, anticorreista.
Libertario, Ateo,3er Anticristo",1747,254,89,1494,0,544843,0,0,0,239625459,1,bot,6.854901960784313,0.002743904677302127,311.69565217391306,77,13,4,0.3076923076923077,11,2,0
115963433,kazinho,bruatthedisco,150731 170319,a gente vive de khanacademy e xhamster,1055,527,23,26144,0,137277,0,0,0,115963433,0,human,2.0,0.19045294948935737,129.99810606060606,38,13,0,0.0,7,1,0
505615979,Dani 🌹,BHW_1969MM,"Ushuaia, Argentina","❄️ ""Desde el 2007 hasta siempre"" Ig: ddanigonzalezz",1323,1857,2,48615,0,24942,0,0,0,505615979,0,human,0.71259418729817,1.9490839113178047,18.839123867069485,51,10,4,0.4,6,2,0
767396,amber mac,ambermac,Internet,"Bestselling Author; Keynote Speaker; President, AmberMac Media; 🤖 Co-host @aieffect, #TheFeed @siriusxm; TV Host @BloombergTV @FastCompany @Shopify 🚀 #Tech",116023,23767,7072,46789,1,52817,0,0,0,767396,0,human,4.881521373274992,0.8858722405240638,0.45523339998620976,155,8,0,0.0,9,2,0
342880502,DINIO GARCIA,diniogarcia,BARCELONA,@milenamillon ❤️,76900,631,306,13543,1,15278,0,1,0,342880502,0,human,121.67879746835443,0.8864454480005236,0.19868402231440424,16,11,0,0.0,12,2,0
461804603,codejobs,codejobs,127.0.0.1,¡Nuestro lema es Comparte el #Conocimiento! Ayúdanos a seguir compartiéndolo https://t.co/ufEW50gBUW,101905,27410,2181,10915,0,327952,0,0,0,461804603,1,bot,3.7177045711575647,0.03328525733870402,3.2181912743116206,100,8,0,0.0,8,1,1
728638035986886656,Athletes Only™,AthOnly_,,follow for everything sport related,4,2,0,8,0,3,0,1,0,728638035986886656,0,human,1.6666666666666667,2.25,0.8,35,8,0,0.0,14,2,0
3791723174,Bi Loves,BISEXUALoves,#LoveWins,We're gay and that's totally okay 🌈,11229,259,6,4076,0,6231,0,0,0,3791723174,0,human,43.19230769230769,0.6542041078305519,0.5549421193232413,35,12,0,0.0,8,2,0
862884598216130560,Jake Zyrus ☄️,OfficialCharice,,singer/songwriter. sending love and peace to everyone. i love you all.,862,19,0,13,0,42,0,0,0,862884598216130560,0,human,43.15,0.32558139534883723,0.04982618771726535,70,15,0,0.0,13,3,0
126743385,austy,AustinDuhaime,,💮,930,471,5,13153,0,5126,0,1,0,126743385,0,human,1.972457627118644,2.5656329237370783,5.506981740064447,1,13,0,0.0,5,1,0
1131598854,Bárbara,barbichahin,Cosquin - Cordoba ,Orgullosa de tener una banda roja que me cruza el alma. 🐔💚✊🏼💜,1674,821,1,16263,0,18088,0,0,0,1131598854,0,human,2.037712895377129,0.8991099563270496,10.799402985074627,61,11,0,0.0,7,1,0
28403745,Erika Rae,ErikaRae74,Nor*Cal         IG/SnapChat:ErikaRae74 ,"driving between mom life and thug life daily. capricorn cat lady. Seahawks, Warriors, A’s. #PelotonGang 🚲✨",946,1330,61,5860,0,53935,0,0,0,28403745,1,bot,0.7114951164537942,0.10866582616434292,56.9545934530095,106,10,2,0.2,9,2,0
2530946646,Ignacio Fernández,_ignaciio17,Uruguay_Rocha,insta: ignaciio.fernandez,1643,954,2,15281,0,92219,0,0,0,2530946646,1,bot,1.7214659685863873,0.1657124268054652,56.09489051094891,25,11,2,0.18181818181818182,17,2,0
3164718758,メイプル🍯🐝,ma_am0522,日本,ポチカムとTwitter懸賞をしてます。只今フォローが上限に達しているためフォロバ出来ない状況。せっかくフォローしてくださっているのにごめんなさい🙇,2485,4997,52,13280,0,78544,0,1,0,3164718758,1,bot,0.4973989595838335,0.1690877840728245,31.59493161705551,74,9,4,0.4444444444444444,6,1,0
55947313,CRUZ AZUL FC ®,Cruz_Azul_FC,Ciudad de México,Twitter Oficial de Cruz Azul ® || Official Twitter Account from Cruz Azul ® #EternamenteAzul #Lamáquinaceleste,1724950,144,2872,10391,1,34862,0,0,0,55947313,1,bot,11896.213793103449,0.29808106014972896,0.02021100889242651,110,12,0,0.0,14,4,0
13213122,Deadspin,Deadspin,,"Sports News without Access, Favor, or Discretion. Contact us: tips@deadspin.com.",1065311,1477,13625,69,1,92987,0,0,0,13213122,1,bot,720.7794316644114,0.0007527853056308341,0.08728710462287105,80,8,0,0.0,8,1,1
224168353,Аргументы и факты,aifonline,Russia,Официальный аккаунт aif.ru,122887,38,869,1,0,76443,0,0,0,224168353,0,human,3150.974358974359,2.6162942807807022e-05,0.6220623657313977,26,9,0,0.0,17,3,0
628982536,Daiana Filipigh,DaianaFilipigh,"Córdoba, Argentina",You should go and love yourself. 20 años.,1150,806,0,13460,0,22456,0,0,0,628982536,0,human,1.426270136307311,0.5994122100013359,19.510860121633364,41,14,0,0.0,15,2,0
709876468617244673,#CarecaTv2m,CarecaTv,"Jaú, Brasil","Oi, aqui é a Lorena, tenho um canal no YouTube chamado Careca Tv! • Snap: carecatvoficial• Insta:careca_tvoficial
contato • contatocarecatv@outlook.com",180539,391,70,2838,1,3988,0,1,0,709876468617244673,0,human,460.5612244897959,0.7117071947856606,0.022094826631217458,151,8,0,0.0,11,1,0
45698212,Candy Charms,CandyCharms69,snapchat name: candycharms69,model 32L bust Insta: candycharmsofficialx 📧lushouslips69@hotmail.co.uk wishlist: https://t.co/0vdqg3esNG,143525,970,690,15569,0,25407,0,0,0,45698212,0,human,147.81256436663233,0.6127991183879093,0.17702715884230036,105,13,2,0.15384615384615385,12,2,0
436821727,Clément,ImHellaRich,LA,I'm me. I'm French. Follow or die. Im an entrepreneur | antechamber of @thefrenchieboi,93301,77996,251,16,0,17850,0,0,0,436821727,0,human,1.1962254958524046,0.000952327600694639,0.1913249448028981,86,11,0,0.0,7,1,0
237882441,Gidget Migliaccio,Gidget1432,USA ,"IFBB Bikini Pro. Training & Nutrition Programs Competition & Body Transformation. Designer @MyProSuit Competition Suits, Beach Bikinis & Fitness Wear",274399,4764,77,1135,0,1947,0,0,0,237882441,0,human,57.58656873032529,0.5831622176591376,0.007099125364431487,149,10,4,0.4,17,2,0
3262143763,.,AmrikaAlsubaie,,لا إله إلا انت سبحانك إني كنتُ من الظالمين .,2075,0,4,27837,0,22371,0,1,0,3262143763,0,human,2076.0,1.2443232612193813,10.776493256262043,44,14,0,0.0,1,1,0
1181493252,Лучшие воспоминания!,back_to_90th,worldwide,Все мы родом из детства! Давайте вместе вспоминать наше лучшее время! По вопросам рекламы - koffboy@gmail.com,71837,8630,377,4864,0,86944,0,0,0,1181493252,1,bot,8.323253388946819,0.05595491402610846,1.2102926028007461,109,12,2,0.16666666666666666,20,2,0
800833795234611200,‏ƁƛЄЄƊ,baeed0,,▅ ▃ ▂ سَفرِي بعيد وزَادِي لاَ يُبلِغُني ▂ ▃ ▅ للتفاعل بالرتويت إبدا ' 10/5 ونبهنِي ◂ خاص ..,35948,32592,29,9,0,13474,0,1,0,800833795234611200,1,bot,1.1029668947319977,0.0007421150278293135,0.3748365740354391,91,6,1,0.16666666666666666,6,1,0
44668684,iPhone Hacks,iPhoneHackx,,"Unlock the potential of your iPhone, iPad and iPod Touch. 

This Twitter account is managed by Gautam (@gautamp777)",110316,3,1831,62,0,63922,0,1,0,44668684,1,bot,27579.25,0.0009855607527806893,0.5794483171224744,117,11,0,0.0,12,2,0
476362131,BORT,chelsie_drew,Hell,YouTuber & Fashion Blogger | Dr Pepper brand ambassador | #Pepperpack #Ambassador ✈️,104406,67900,100,23798,0,23746,0,0,0,476362131,0,human,1.537635675468697,1.0021897502842465,0.22744643558382102,84,12,0,0.0,4,1,0
154957091,Princess💋,CUNTAGIOUS_,,,905,374,5,4232,0,94444,0,0,0,154957091,0,human,2.416,0.04481973635449203,104.2439293598234,0,11,0,0.0,9,1,0
2159697150,Anna J. 💋,Anna_NoMae,"North Carolina, USA",3.19.19 💗,1271,582,5,4883,0,29542,0,1,0,2159697150,0,human,2.1818181818181817,0.16531834952442204,23.22562893081761,9,10,0,0.0,9,3,0
2318968129,2000 € al mese REALI,guadagnaincam,Italia,Ecco come Guadagnare anche oltre 2000 € al mese in Cam!,970,0,0,16,0,427001,0,0,0,2318968129,1,bot,971.0,3.981245989480143e-05,439.7548918640577,55,13,0,0.0,20,5,0
181549694,小野寺雄一,onoderayuichi,大船,"プンプンのおじさんです。
ひとりで寂しくなったときや苦しくなったときはこんな風に呪文を唱えるんだ、『神様、神様、チンクルホイ。』って。",972,418,24,0,0,20981,0,0,0,181549694,1,bot,2.3221957040572794,4.76598989610142e-05,21.564234326824256,68,13,0,0.0,5,1,0
495319948,Rapunzel ✿,CathyTorres09,,Nunca dejes que nadie te diga que no puedes hacer algo❤❤❤/Snap: cathy.torrrs,1162,589,3,17690,0,53982,0,0,0,495319948,0,human,1.971186440677966,0.3277142804216142,46.417024935511606,76,13,2,0.15384615384615385,10,2,0
14223809,Митя Алешковский,aleshru,"Москва, Россия","председатель совета благотворительного фонда нужна помощь, директор портала такие дела, фотограф",92712,2867,787,1406,0,128677,0,0,0,14223809,1,bot,32.32670850767085,0.010934270038390401,1.3879175520153593,96,7,0,0.0,16,2,0
40898254,JAX,Jax,,First you take a graham. Then you stick the chocolate on the graham. And then you roast the mallow.,80036,739,671,36105,1,6149,0,0,0,40898254,0,human,108.15810810810811,5.87089430894309,0.07683946174894112,99,3,0,0.0,3,1,1
996460902,Ana Sanzera 🇲🇽,AnaSanzera,México,Sanzera de más de media vida. @AlejandroSanz tu luz es lo más grande. @AludDeLuz 1439,1436,802,10,11750,0,79681,0,1,0,996460902,0,human,1.7895392278953923,0.1474737079892573,55.45024356297843,85,10,0,0.0,14,3,0
2960573252,이경석,a01041862533,,,982,1439,0,4010,0,6284,0,1,0,2960573252,0,human,0.6826388888888889,0.6381861575178998,6.393692777212615,0,12,11,0.9166666666666666,3,1,0
337741447,8 Troll Football,8TrollFootball,Worldwide,No BULLSHIT. Just the awesome and fucking best TROLLS N' Stuff like that. EXCUSE US IF WE OFFEND YOU. P.S. : WE LOVE TO OFFEND YOU.,125351,229,583,12,0,13675,0,0,0,337741447,0,human,545.008695652174,0.0009505703422053232,0.10910077222541324,131,14,1,0.07142857142857142,16,3,0
1650904332,Rubén Darío Bravo Rondón,bravorubendario,"Bogotá, D.C., Colombia","Oriundo de Zapatoca #Santander, Abogado @Unilibrebog, especializado en derecho contractual y Administrativo @URosario. La vida es bendecir y siempre bendecir",1624,151,34,1128,0,179745,0,1,0,1650904332,1,bot,10.69078947368421,0.006281085531805993,110.61292307692308,157,15,0,0.0,24,4,0
322526117,Aww ! That WA monkey,TheTypoOfGod,"Karachi, Pakistan",A Typo In Life. Mumma's Bai.                                                            Followed by @SatanKiNani :'),1338,537,33,25074,0,105496,0,0,0,322526117,1,bot,2.4888475836431225,0.237684483918974,78.78790141896938,116,12,0,0.0,20,5,0
18244358,Nat Geo Channel,NatGeoChannel,"Washington, DC",Follow us for the latest on what's happening at the National Geographic Channel in the U.S. Questions and comments welcome!,1874798,4851,9359,10161,1,49815,0,0,0,18244358,1,bot,386.39715581203626,0.20399068572346235,0.026571381785460736,123,13,0,0.0,15,3,0
1033028106,Big Biting Pig,BigBitingPig,KY,"Making independent horror movies and psychological thrillers with great stories, complex characters, and lots of twists! Find our 10 features on our website!",92035,92046,685,5625,0,20364,0,0,0,1033028106,1,bot,0.9998804958336502,0.2762582862754726,0.22127211091312096,157,12,0,0.0,14,3,0
85989198,Danda Funk,DandaFunk,The Midwest and Beyond,"Song Writer, Guitar Player, Bass Player, Drummer",911,1851,33,0,0,4848,0,0,0,85989198,1,bot,0.4924406047516199,0.00020622808826562179,5.316885964912281,48,9,0,0.0,10,2,0
65477786,Diva Gissele Morales,Divathebawse,"Dar es Salaam, Tanzania",Radio Host Cloudsfm ® ENTREPRENEUR,157079,14655,219,11745,0,104917,0,0,0,65477786,0,human,10.717794759825328,0.11195409748565546,0.6679271708683473,34,12,0,0.0,20,3,0
83701293,Graco Ramírez,gracoramirez,Morelos,Político mexicano. Demócrata de Izquierda.,159515,4486,858,1003,1,47730,0,0,0,83701293,0,human,35.550702028081126,0.021034547778173512,0.29922390230447105,42,12,0,0.0,13,2,0
42170630,Lauren Young,loyoung,"Manila, Philippines","Actress and stuff 🦄
loyounginquiry@gmail.com",1008999,593,739,696,0,42737,0,0,0,42170630,1,bot,1698.6531986531986,0.016308671439936355,0.04235678889990089,44,7,0,0.0,12,2,0
958880016,もか,cafeore_disk,,23/PS4/MHX/いろいろ呟きまする,721,316,5,1817,0,11605,0,0,0,958880016,0,human,2.277602523659306,0.15664311562984662,16.074792243767313,20,12,0,0.0,2,1,0
118509623,Revista Contexto,Contexto_Tuc,"Tucumán, Argentina","Contexto desde 1997 es LA REVISTA de Tucumán, República Argentina.",103501,91970,0,2668,0,265650,0,0,0,118509623,1,bot,1.125376477367866,0.01004701657437766,2.5666267318505924,66,12,0,0.0,16,2,0
467712489,ANTI BOTINERAS,anti_boti,,La pesadilla de toda botinera. http://t.co/bs1qBPbYdc. Para fotos y datos: anti.botinera@gmail.com. Ventas #ABTV: ventasymarketing.abtv@gmail.com,169841,1872,210,6198,0,47836,0,0,0,467712489,0,human,90.67912439935931,0.1295858854025127,0.28165589194663276,145,9,0,0.0,14,2,0
278519480,العربية العراق,AlArabiya_Iraq,Dubai,حساب #العربية لتغطية أخبار #العراق,2598551,38,762,0,1,24619,0,0,0,278519480,1,bot,66629.53846153847,4.061738424045491e-05,0.009474507341011455,34,14,0,0.0,14,2,0
251277482,Roman Lepokhin,Casperenush,Ukraine,dude with a mouth and a microphone,116615,393,478,10915,1,25078,0,0,0,251277482,0,human,295.97969543147207,0.43526456397783003,0.21505625300130343,34,11,0,0.0,14,2,0
127002708,Brandi G,_ilovebrandi,216 . 757 . 719 . 808 .,Mother. Wife. Business owner. Brand builder. a WOMAN with many hats! 💕👗,986,652,20,204,0,101642,0,0,0,127002708,1,bot,1.5114854517611025,0.0020168629418651557,102.98176291793312,71,12,0,0.0,8,2,0
2897877407,Sofía👸🏻,AbriilSofia1,"Morón, Argentina","Snap: abriil.sofia1👻 
ig: abriilsofia1  
Gallo de mi vida 🐓❤️          
     
💚aborto legal seguro y gratuito 💚

#3octElCristoEXPLOTOcool",1545,950,4,29911,0,53870,0,0,0,2897877407,0,human,1.6256572029442693,0.555252362124334,34.84540750323415,137,12,1,0.08333333333333333,7,1,0
356324165,Chop Boards,ChopBoards,"Baltimore, MD",Personalized Cutting Boards that are the right balance of fun and function. They also work with clients to design their own personalized gifts for all occasions,30270,14798,12,0,0,7648,0,0,0,356324165,1,bot,2.045476045678762,0.00013073604392731077,0.2526840870800436,160,10,0,0.0,11,2,0
2416088899,Daniel Urresti,DanielUrresti1,Perú ,Gral EP (r) Ex Alto Comisionado en la lucha contra la minería ilegal Ex Ministro del Interior,368543,389,337,36726,0,36018,0,1,0,2416088899,0,human,944.9846153846154,1.0196562925122852,0.09773324216375792,93,14,1,0.07142857142857142,14,2,0
152486068,pirrr,Cemilees,,se me atacar eu vou atacar / ♓️,1092,433,55,9849,0,34789,0,0,0,152486068,0,human,2.5184331797235022,0.28312733544121876,31.82982616651418,31,8,0,0.0,5,1,0
791250175,IntPicks.com,IntPicks,,The Most Accurate Sports Handicapping Source,18404,127,41,235,0,11861,0,0,0,791250175,1,bot,143.7890625,0.019895464508514583,0.6444987775061125,44,8,0,0.0,12,1,0
1618730976,bia #BTSBBMAs,Hazzabrilha,"Rondonópolis, Brasil","Deixe o seu sorriso mudar o mundo , mas nunca deixe o mundo mudar o seu sorriso :)",1564,4323,45,156873,0,119789,0,0,0,1618730976,1,bot,0.36193339500462535,1.309575089740379,76.54313099041534,82,11,0,0.0,13,2,0
152114423,buat seseorang,BuatSeseorang,CP 0811179661,ungkapkan isi hati kamu Format : @buatseseorang Kata2mu (@idTwittermu) #buatseseorang. contact iklan : buatseseorang@gmail.com,1040544,2,678,19,0,383036,0,0,0,152114423,1,bot,346848.3333333333,5.221427694974637e-05,0.36811190289703954,126,13,0,0.0,14,2,0
4902726274,Max Jones,JayGShore,,#LFC,76,167,1,1948,0,569,0,1,0,4902726274,0,human,0.4583333333333333,3.4192982456140353,7.402597402597403,4,9,0,0.0,9,2,0
2908308039,Хэнк Муди [18+],im_hank_,,Делает твой день.,429981,27,231,9,0,35168,0,1,0,2908308039,1,bot,15356.5,0.00028434132332451876,0.08179179593564381,17,8,0,0.0,15,3,0
1039491917145432064,م د,Abo_Mrzoq,لا اله الا الله,,3,11,0,3,0,7,0,1,1,1039491917145432064,0,human,0.3333333333333333,0.5,2.0,0,9,0,0.0,3,2,0
2249273336,Cam,CameronJ4144,lincoln ne,Never cry over spilled burritos.,838,826,2,4070,0,2025,0,0,0,2249273336,0,human,1.014510278113664,2.0093780848963476,2.4147794994040526,32,12,4,0.3333333333333333,3,1,0
2900157139,エッチな☆☆,eitango8,,エッチな☆☆をつぶやきます。,1091,1425,1,2,0,71079,0,0,0,2900157139,1,bot,0.7657784011220197,4.220596510973551e-05,65.0915750915751,14,8,1,0.125,6,1,0
174243123,Flavia Dos Santos,flavia2santos,Colombia,Psicologa-Sexóloga certificada Libros:Sexo Sin Misterio/ Que hago con el Sexo/ Poliamor/ Sexo Mandamiento. Linea de productos íntimos Flavia Dos Santos,1124459,379,2159,6168,1,34537,0,0,0,174243123,0,human,2959.1052631578946,0.17861485899588858,0.03071518773455703,151,13,1,0.07692307692307693,17,3,0
131594211,ドＭＪＵＳＴＯザ御洒落脂肪者,coolfatman,,体はおっさん 心はＪＫ,1156,2149,57,5014,0,217245,0,1,0,131594211,0,human,0.5381395348837209,0.02308442963276654,187.7666378565255,11,10,0,0.0,14,1,0
259798883,Norman Rosenthal,DoctorNorman,"Washington, D.C.","I am a psychiatrist, researcher and author, who loves discovering new ways to help people feel better. For free sample chapters of my books:http://t.co/AvQF2rgx",39729,26823,639,630,0,6183,0,0,0,259798883,0,human,1.4811362958544587,0.10203751617076326,0.15565064183236849,160,12,0,0.0,16,2,0
152551783,Alexander Liang,alexanderkenton,Toronto & The World,"Artist, Blogger, Entrepreneur // Founder @blankandblueco, Style Expert on Season 1 of ""Style Factory"" on Slice TV",97851,1349,712,107,1,58683,0,0,0,152551783,0,human,72.48296296296296,0.0018403653466021403,0.5997220291869354,113,15,0,0.0,15,2,0
66385167,Estetica y Salud,esteticaysalud,Venezuela/República Dominicana,By @CusiFit https://t.co/jtzrEJEVJx https://t.co/ZM5LS2JLdk contacto@esteticaysalud.com.ve,1274260,725,2761,1889,0,233226,0,0,0,66385167,1,bot,1755.1804407713498,0.008103692968652857,0.1830292224277444,90,14,0,0.0,16,3,0
3222118555,高柳明音,akane29_o8o,avex-management.,ちゅり/鳥🐥/料理🍴/カメラ📷/二次元📚/Bリーグ🏀 #シーホース三河 PR隊長（代理）（@churio8obird ）/ラジオ日本:生まれてこの方/TBSゼロポジ/東海テレビ映画MANIA/ AWA『音旅』/ 11.24映画『ONLY SILVER FISH 』/ 映画 リメンバーミー 吹替,169922,382,2658,6489,1,8067,0,1,0,3222118555,0,human,443.6631853785901,0.8044124938026772,0.04748032932563573,147,11,3,0.2727272727272727,4,1,0
451835819,A,Alingri,,‏‏‏,730,2080,2,1654,0,41362,0,1,0,451835819,0,human,0.3512734262373859,0.04001160457413631,56.58413132694938,3,7,0,0.0,1,1,0
564474061,فاصل رياضي,calcio_q8,kuwait,مشجع لـ روما .. عاشق لـ كرة القدم ،، اتشرف بالجميع,167443,1679,914,1549,0,230532,0,1,0,564474061,1,bot,99.66904761904762,0.006723549340007721,1.376776713408662,50,9,1,0.1111111111111111,10,2,0
1633538550,AWILLTHAGREAT,AWillThaGreat,Milwaukee,New single “Midas Touch” is now available everywhere! 💫,1125,790,6,3512,0,37944,0,0,0,1633538550,0,human,1.4235145385587864,0.09258136776913954,33.698934280639435,55,13,0,0.0,13,1,1
69451632,JuiceManDan,ayeeowoyele,"Arlington, TX",RIP Kelvin | Owner of @edenapparelus | UTA Transfer,2542,1509,11,27976,0,38455,0,0,0,69451632,0,human,1.6841059602649007,0.7275067609735802,15.122296500196619,51,11,0,0.0,11,1,0
2279725112,Gabriel Gonê™🐢,MeStalke,"Santa Catarina, Brasil","depressão, memes e pornografia",1391,1201,9,50075,0,156070,0,0,0,2279725112,1,bot,1.1580698835274543,0.3208539703083853,112.11997126436782,30,8,0,0.0,14,2,0
2652608395,عرباوى,3rabawy_,"North Sinai, Egypt",L 3ayz RTS y3ml mn L likes w y2ol dn fl mention aw DM .. @Abo_salem7 .. follow 3l instagram .. Mohamed_salem745,179589,83381,90,65,0,86790,0,1,0,2652608395,1,bot,2.1538221678539733,0.0007604475118387851,0.4832730107467008,111,8,1,0.125,6,1,0
285298203,Aldo Lara,aldolara21,"Guadalajara, Jalisco",Deportes - Corresponsal Claro Sports - Guadalajara,1406,839,30,7154,0,28032,0,0,0,285298203,0,human,1.675,0.25523490172296937,19.923951670220326,50,10,2,0.2,9,2,0
2216593188,baby shark,bebellebfr,05/08 ✨,fogo nos racista bala nos machista e fé pra nós - anna 👧🏻,2898,670,33,6146,0,83469,0,1,0,2216593188,0,human,4.320417287630402,0.07364322511081826,28.792687133494308,57,10,0,0.0,10,2,0
50069007,Defra UK,DefraGovUK,UK,"Official feed for Defra, UK Department for Environment, Food and Rural Affairs. Please note: we do not respond to queries on social media.",135687,843,1981,2561,1,18132,0,0,0,50069007,1,bot,160.76777251184834,0.1412893619368003,0.13363746241377278,138,10,0,0.0,8,2,0
193896993,Hüseyin Çelik,hc_huseyincelik,"Ankara, Van, Gaziantep","Doç. Dr. Öğretim Üyesi, Van ve Gaziantep eski milletvekili, Kültür ve Milli Eğitim Eski Bakanı",1021369,322,1011,134,0,2724,0,0,0,193896993,0,human,3162.136222910217,0.04954128440366973,0.002667985157190832,94,15,0,0.0,13,2,0
44088315,Cath Kidston,Cath_Kidston,"London, England","London, EST. 1993. With bags, accessories, fashion, homeware & things for the kids, we aim to brighten up your day.",118184,3032,746,15253,1,26156,0,0,0,44088315,0,human,38.96636993076162,0.5831708529265589,0.22132250285569235,115,12,0,0.0,12,2,0
358101059,Tom Gilbert,121Training,,Personal Trainer London | For workout videos go to https://t.co/AjWUVV1pTn,87426,1441,391,20,0,36937,0,0,0,358101059,1,bot,60.62898751733703,0.0005685202230765066,0.42250105802555277,74,11,3,0.2727272727272727,11,2,0
558215877,War and Peace,cynthharrington,,Gen-3 American Latina. Gen-1 lib crusher.,928,1166,43,36640,0,79048,0,1,0,558215877,1,bot,0.7960582690659811,0.46352262520715,85.09041980624328,41,15,0,0.0,13,3,0
1450486789,❁ Yoshiho❁,xolll_0_4_2_0_z,,ポジティブに生きてゆきたい(^-^),862,1035,4,0,0,17692,0,1,0,1450486789,1,bot,0.833011583011583,5.651952749675013e-05,20.501738122827348,18,15,4,0.26666666666666666,10,2,0
280092340,わんこ@彦根,sanyou103,呉→大阪→彦根,ついに大学卒業してしまった新社会人。いつもつまらん事ばかり呟いてます。 鉄道模型と旅客機模型が趣味。時々グライダーで空を飛ぶ(航空部13係・元主将)。 ディズニー好き(年パス) 雷とトマトが嫌い。滋賀で餓死 クルマ(DEMIO XDtouring) ジオラマ103技術部,1397,528,42,1545,0,180611,0,1,0,280092340,1,bot,2.6427221172022684,0.008559785617788408,129.1931330472103,135,9,3,0.3333333333333333,6,1,0
2198788956,N A E U N 's || #%%,Aoy_ChSM,ตัวอยู่ไทยแต่ใจอยู่ที่ซนนาอึน,NAEUN❤ | APINK🐼,2546,138,9,22486,0,93555,0,0,0,2198788956,1,bot,18.323741007194243,0.24035871563555516,36.73184138201806,15,8,0,0.0,19,8,0
42102939,Gobierno de Chile,GobiernodeChile,Chile,Un país unido es un país mejor. En el gobierno de @sebastianpinera #ChileLoHacemosTodos,1117395,318,4043,2074,1,35442,0,0,0,42102939,0,human,3502.808777429467,0.058544705583613126,0.03171928304737085,87,15,0,0.0,17,3,0
234504612,جريدة الوطن السعودية,AlwatanSA, المملكة العربية السعودية,الحساب الرسمي لـ #صحيفة_الوطن #السعودية,1836856,5,2635,1,1,127827,0,0,0,234504612,1,bot,306142.8333333333,1.564602434521388e-05,0.06959061048301528,39,9,0,0.0,20,3,0
460655540,Hary Tanoesoedibjo,Hary_Tanoe,Indonesia,"Chairman MNC Group | 
Ketum Partai Perindo | Ketum Federasi Futsal Indonesia | Ketum PB Keluarga Olahraga Tarung Derajat
Contact:hary.tanoesoedibjo@mncgroup.com",580589,375,405,11,1,8237,0,0,0,460655540,0,human,1544.122340425532,0.0014566642388929353,0.014189014623055857,160,10,0,0.0,18,2,0
2953272923,TMac,BourbonGator84,Florida,UF Grad and creator of #InsiderHeat,2328,330,32,4143,0,50619,0,1,0,2953272923,0,human,7.0362537764350455,0.08186487554326353,21.734650064405326,35,14,2,0.14285714285714285,4,1,0
713184088719540224,AmiRa✨,amirazakiiii,"Kafr El Shikh, Egypt",Libra♎ pharmacy student DU lvl3💉💊 snap;amirazaki2,4651,891,8,4047,0,30576,0,1,0,713184088719540224,0,human,5.2152466367713,0.13238708833436896,6.572871883061049,49,12,0,0.0,6,1,0
2338730188,Jose Guzman,jdagg19,Vargas - Venezuela,"#Emprendedor, #Abogado, #Líder de ventas, #Comerciante, Autodenominado #Communitymanager y Guerrero #Venezolano cuyo Hobbie es el #SocialMedia & #Web2.0",860,1499,160,28,0,71076,0,0,0,2338730188,1,bot,0.574,0.0004080082164413242,82.55168408826945,152,7,2,0.2857142857142857,11,2,0
40340946,HipHopWired,HipHopWired,,"The premier destination for Hip-Hop music & entertainment, from a very politically aware perspective, for the culture. https://t.co/3QJrsNE4Ud",101536,1270,1314,1899,0,220945,0,0,0,40340946,0,human,79.88749016522424,0.008599386275379504,2.1760146547563943,142,11,0,0.0,11,1,1
298199741,الشيخ: ثامر العامر,al_amer1, Kuwait  ,(الحساب الرسمي والوحيد)والمخصص في الفقه والإستشارات وتفسيرالأحلام وكيفية العلاج بالرقية الشرعية في ضوء القرأن والسنة( الكلمة الطيبة صدقة)https://t.co/gyrRTYGpo1,336524,71,136,6765,0,29630,0,0,0,298199741,0,human,4673.958333333333,0.22834193918531268,0.08804992199687987,160,8,1,0.125,18,3,0
2460524737,¿💚,adiitoloza1,"Buenos Aires, Argentina","pisciana♋.                                                   

18☉




                       


















         




      abuelo♡",1288,763,3,7877,0,36472,0,0,0,2460524737,0,human,1.6871727748691099,0.21599539385298713,28.2955779674166,140,11,1,0.09090909090909091,2,1,0
776489862,Oliver ツ,holyber,"Islas Canarias, España.","Es mejor vivir con un ""Yiass, ¿te acuerdas?"", que vivir con un ""Choss, ¿te imaginas?"" | Casado-☞@PIMIENTAO7🐕| 📸 🌍 🇮🇨",94354,30961,290,136884,0,98042,0,0,0,776489862,1,bot,3.0474452554744524,1.3961731077180422,1.0390864289120874,116,7,0,0.0,8,2,0
807095,The New York Times,nytimes,New York City,"Where the conversation begins. Follow for breaking news, special reports, RTs of our journalists and more. Visit https://t.co/ghL9OoYKMM to share news tips.",42709246,881,198862,17605,1,347383,0,0,0,807095,1,bot,48423.18253968254,0.05068166639799185,0.008133695262761247,156,7,0,0.0,18,4,0
1588836115,joaquin balaguer,joaquinbala_,,"abogado, escritor y político dominicano",841,0,61,0,0,2014115,0,0,0,1588836115,1,bot,842.0,4.964957331156696e-07,2392.061757719715,39,12,0,0.0,16,2,0
16409683,Britney Spears,britneyspears,"Los Angeles, CA",,56525016,383428,121178,2661,1,5642,0,0,0,16409683,0,human,147.4197752387013,0.47173489278752434,9.983190274847684e-05,0,13,0,0.0,14,2,0
223116969,しぃアンテナ(*ﾟーﾟ),2ch_c,,ネット社会の吹き溜まり一丁目。,100733,84226,1659,0,0,149277,0,0,0,223116969,1,bot,1.195982285965308,6.698910757110894e-06,1.4819028332042805,15,5,1,0.2,12,1,0
69675579,A1Arte.com,a1arte,,"Tweets de Tecnologia y Social Media.  En https://t.co/h6dwyd2SPi nos especializamos en diseño web, social media y marketing digital.",117148,36,614,9,0,187950,0,0,0,69675579,1,bot,3166.189189189189,5.3205356715314096e-05,1.6043756242050722,132,6,1,0.16666666666666666,10,1,0
109755394,きじにゃ,kijinyan,,キジトラ３にゃんの下僕。ガラス（キルン）と金工を手習い中。高橋葉介先生と山田章博先生の漫画が大好き。ツィートは雑多でリストとタグで見てる事多し。TLはあまり見てません。御容赦。,1163,1123,94,17989,0,47652,0,0,0,109755394,0,human,1.0355871886120998,0.37752082764988565,40.93900343642612,88,8,0,0.0,4,1,0
14502233,Maria Rita,MROFICIAL,Brazil,Cantora. Brazilian singer.,1250065,1164,4287,5105,1,41926,0,0,0,14502233,0,human,1073.0180257510729,0.121783099196222,0.033539829097023674,26,9,0,0.0,10,2,0
206287990,عبدالعزيز الدميجي,Demaigi,الرياض,| مستشار شرعي مالي ومهتم بفقه المعاملات المالية |,92762,305,322,5401,0,2108,0,0,0,206287990,1,bot,303.1470588235294,2.56140350877193,0.022735357847417613,49,7,0,0.0,17,2,0
728072065245319169,Bostalizei,bostalizei,coé,vo cagar,907,79,0,4,0,46,0,1,0,728072065245319169,0,human,11.35,0.10638297872340426,0.051762114537444934,8,10,0,0.0,10,1,1
1422126799,A.McCray & M.Baisden,7forluckyApril,,"#NYG, JIM and FBCashExchange #follow@nwyorkgrimaldi@NYGPOMOZ@TMWPROMOZ&@mostwantedtmw for a daily#shout x10",370731,103968,157,9802,0,43292,0,1,0,1422126799,1,bot,3.5657936500302974,0.22643383456909894,0.1167770788602009,107,14,1,0.07142857142857142,20,3,0
123572520,はっしん,840hasshin,東京,顔面濃厚です 独学超自己流でキアノンAPS-C機を扱う素人 週末は新宿歌舞伎町のBAR「デカバーZ」で開催されるイベントを中心に友人知人が主催する色んなアングライベントで写真撮影スタッフをしてる事が殆ど 年間で100本前後のイベント撮影をしてます 写真専用垢あります→@hasshinphoto,1588,946,32,13671,0,39199,0,0,0,123572520,0,human,1.6779303062302007,0.34877551020408165,24.669603524229075,147,10,3,0.3,4,1,0
2379421646,Bri♡,brii546,,Habrá que desempolvar el disfraz de valiente y salir a tropezar- Es el amor el que hace la revolución.,850,2134,0,7286,0,8961,0,0,0,2379421646,0,human,0.3985948477751756,0.8130997545190806,10.53113983548766,102,7,3,0.42857142857142855,4,1,0
620977821,Halo BCA,HaloBCA,Jakarta - Indonesia,BCA senantiasa di sisi Anda 24 x 7 | Telpon 1500888 atau +62211500888 dari luar negeri,190376,3891,227,28,1,1101318,0,0,0,620977821,1,bot,48.914953751284685,2.633206182768117e-05,5.784937256076102,86,7,0,0.0,8,2,0
2474552602,Roselyn E. Jeremiah,CalabarYummiesG,GlobalBrand,"An Exclusive Global Asset. 
Crafted In Nigeria.
Exported To the World. 
Disseminating Global Economic Values. #ZeroHungerIsPossible 
#EducationToAllIsPossible",1304,2343,40,10203,0,21534,0,1,0,2474552602,0,human,0.556740614334471,0.47383329463663804,16.50191570881226,158,15,0,0.0,19,3,0
3587775920,mrs. backpack,cieeeerraaa,"San Diego, CA",Mila Rose 🌹. Live4Gen. #BlackLivesMatter,2847,1423,224,105487,0,50558,0,0,0,3587775920,0,human,2.0,2.086433671552048,17.75245786516854,40,11,0,0.0,13,2,0
298048905,Irmã Zuleide,Irma_Zuleide,Código Uber: IRMAZULEIDE,Eu sigo Jesus e dou unfollow em satanás! Amém? comercial@maalinternet.com ✉️,1142417,1230,1326,12496,0,24930,0,0,0,298048905,0,human,928.0406173842405,0.5012634872247402,0.021823010491781467,76,12,0,0.0,12,2,0
297174372,OneDrive,onedrive,"Redmond, WA",Keep your files within reach wherever you go with Microsoft OneDrive.,1049242,98,4002,1169,1,47780,0,0,0,297174372,1,bot,10598.414141414141,0.02448672066302505,0.04553854540845162,69,8,0,0.0,8,1,1
39330733,devon sawa,DevonESawa,L.A. CA,"Ex-teen heartthrob, but with the polar opposite beliefs as Kirk Cameron’s. Loves Super Socco and shopping at Zellers.",142209,916,1316,45435,1,58160,0,0,0,39330733,0,human,155.08178844056707,0.7812107769811386,0.40897967794107304,117,10,0,0.0,10,2,0
422398976,صحيح البخاري ومسلم,ala7adeth,المملكة العربية السعودية,حساب دعوي يهتم بنشر الأحاديث الصحيحة في كتب صحيح البخاري ومسلم وغيرهما من الأحاديث الصحيحة ،,1248044,107,2514,248,0,83056,0,0,0,422398976,1,bot,11555.972222222223,0.002997941172929434,0.06654968370531511,92,9,1,0.1111111111111111,18,3,0
73438486,David Haye,mrdavidhaye,"London, England",Former Heavyweight & Cruiserweight Champion of the World. Now promoter & manager to champions of the future.,1262350,795,2225,4662,1,3398,0,0,0,73438486,0,human,1585.8680904522614,1.3718740806119447,0.002692595007252341,108,11,0,0.0,10,2,0
784747158922821632,𝕮𝖍𝖗𝖎𝖘 𝕭𝖗𝖆𝖓𝖈𝖔 ✡️🕎❤️🇧🇷🇮🇱,Chris_Branco,"Sao Paulo, Brazil",𝔓𝔯𝔬𝔦𝔟𝔦𝔡𝔬 𝔭𝔞𝔯𝔞 𝔪𝔢𝔫𝔬𝔯𝔢𝔰 𝔡𝔢 𝔦𝔡𝔞𝔡𝔢 𝔢 𝔡𝔢 𝔦𝔡𝔢𝔦𝔞𝔰.                        Contato: 55(11)991961870,53815,298,22,17300,0,26159,0,1,0,784747158922821632,0,human,179.9866220735786,0.6613532110091743,0.4861007878697785,91,12,0,0.0,22,3,0
749491351,Cacau Souza 🇧🇷,ClaudinhaS07,,"Bio em 160 caracteres! Rum.. Muito Prazer Cláudia ou Cacau, como preferir! (somente)",850,1186,0,3209,0,6414,0,0,0,749491351,0,human,0.7169334456613311,0.5003897116134061,7.5381903642773205,84,12,2,0.16666666666666666,14,3,0
68765193,Gui Santana,oguisantana,São Paulo,"Deus abençoa a quem sempre caçoa! VOCÊ NÃO ME CONHECE, VOCÊ ME ASSISTE contatoguisantana@gmail.com https://t.co/Vi3PRXBYZp SNAP:oguisantana",978678,892,588,25,1,8616,0,0,0,68765193,0,human,1095.9451287793952,0.003017291400719508,0.008804725553526743,139,11,0,0.0,11,2,0
419353120,Agustina Anggareni¹²⁷,Anggraeni_1004,"Kota Bandung, Jawa Barat","ᮃᮌᮥᮞ᮪ᮒᮤᮔ ᮃᮀᮌᮢᮈᮔᮤ
💚🌱


IG: agustinaanggraeniii",901,851,0,16222,0,57401,0,0,0,419353120,1,bot,1.0586854460093897,0.2826208146057629,63.63858093126386,45,14,4,0.2857142857142857,21,2,0
44409004,Shakira,shakira,Barranquilla,Shakira NADA https://t.co/50Yl0h1Xkh,50919494,212,100814,1266,1,6150,0,0,0,44409004,0,human,239058.661971831,0.20598276702975127,0.00012079852716528316,36,7,0,0.0,7,1,1
837075979,®Sinalau Bakas Sadap,CabriniTony,"Kota Kinabalu, Sabah","♡ Made in North Borneo(Sabah)
♡ 193(January 19, 1993)
♡ The Walking Dead Freak
♡ Católico(Jesus Cristo Meu Salvador)
♡ Ousadia, Alegria e abençoado",864,1713,3,447,0,11375,0,0,0,837075979,0,human,0.5046674445740957,0.03938115330520394,13.151445086705202,147,11,0,0.0,20,3,0
228887368,فيصل ابوثنين,FaisalAbuthnain,Saudi Arabia ,أمنيتي في الحياة ان أموت مسلماً على مذهب اهل السنة والجماعة وان يكون اخر كلامي لا اله الا الله محمد رسول الله اللهم ثبتنا بالقول الثابت في الحياة الدنيا والآخرة,1063162,622,2445,442,1,14978,0,1,0,228887368,1,bot,1706.521669341894,0.029574737966486415,0.014089090760306745,160,15,0,0.0,12,2,0
4096069693,나미,0209Sooyong,,食神スヨンを愛してます、どんなスヨンも好きです,930,908,4,4556,0,3048,0,1,0,4096069693,0,human,1.0242024202420241,1.4945883896359462,3.2749731471535983,23,11,4,0.36363636363636365,2,1,0
19621110,GOOD,good,"Los Angeles, CA",Understand the world so you can improve it. Since 2006 and still pushing.,891857,1276,21114,6665,1,44928,0,0,0,19621110,0,human,698.4009397024275,0.14836742415811613,0.05037685371438054,73,4,0,0.0,4,1,1
545526535,AutoSports Art,AutoSportsArt,United States,The Art of Autosport and Autosport in Arts – that’s what its all about. Business contact: admin@autosportsart.com,87366,79328,664,360,0,931873,0,0,0,545526535,1,bot,1.1013248622823937,0.0003873914284549199,10.66620119724839,113,13,0,0.0,14,2,0
1854305474,Vanessa,arianatorcrazzy,na sua cama,"solteira, 18. Davi 💙👶",1463,1199,3,13481,0,41272,0,0,0,1854305474,0,human,1.22,0.32665422915707604,28.191939890710383,21,15,0,0.0,7,1,0
340470628,Bruna,bruuunacunha,,que,1089,722,1,12235,0,63346,0,0,0,340470628,0,human,1.5076071922544951,0.19315831846812004,58.11651376146789,3,12,0,0.0,5,1,0
25659699,Cherry Healey,cherryhealey,,"Writer of Letters to My Fanny, broadcaster, mum, eater.",98494,1232,368,4286,1,18342,0,0,0,25659699,0,human,79.882400648824,0.23371313307528757,0.18623280369561906,55,12,0,0.0,13,2,0
68593717,Chino Lui Pio,chinoluipio,,Sports5 Sportscaster/ MYX VJ / TV Host / Events Host / SC: chinoluipio / For inquiries: japluipio@gmail.com,84746,881,422,46,0,13376,0,0,0,68593717,0,human,96.08503401360544,0.0035134933094116767,0.15784629544408652,107,11,0,0.0,13,3,0
21447363,KATY PERRY,katyperry,,Love. Light.,106938028,215,141231,6158,1,9358,0,0,0,21447363,0,human,495083.4675925926,0.6580831285393739,8.751797735116289e-05,12,9,0,0.0,10,2,0
904994826,أنور مقبول الأشجعي,1434Re,القريات ,‏متذوق شعر,1059,2218,0,430,0,11821,0,1,0,904994826,0,human,0.47769265434880576,0.036457452207748264,11.152830188679244,10,6,4,0.6666666666666666,18,3,0
301112153,Cracker Barrel,CrackerBarrel,,Eat. Shop. Relax. Pleasing People since 1969.,113396,305,513,7047,1,8767,0,0,0,301112153,1,bot,370.578431372549,0.8038321167883211,0.0773212695221214,45,13,0,0.0,14,2,0
1135877646,Iron Clad Larrie ⛓,1D_Beards,Xfactor bathroom & The Closet,@Harry_Styles & @Louis_Tomlinson are in a committed relationship the rest is just bs. 😇😍💚💙👬 fan account (duh),91834,28832,634,67677,0,273414,0,0,0,1135877646,0,human,3.1850657233031594,0.24752848234369,2.9772417923449663,109,9,1,0.1111111111111111,18,4,0
17679977,CBC Radio,cbcradio,Canada,"CBC Radio One's official Twitter feed, run by the Radio Digital Programming department.",113916,744,2363,14936,1,37950,0,0,0,17679977,0,human,152.90872483221477,0.39358646675976916,0.3331460624840893,87,8,0,0.0,9,2,0
20972371,Dan Carlin,HardcoreHistory,New Media,"Dan Carlin's Hardcore History Twitter feed
quote: Yes, I know the show is late... endquote",203020,68,1810,16,0,7410,0,0,0,20972371,1,bot,2942.3333333333335,0.0022938874645796786,0.03650361292674157,91,15,0,0.0,10,2,0
23457682,Marcos Witt,MarcosWitt,Houston,I try to help people know Jesus so they can live better. || Intento ayudar a las personas a conocer a Jesús para que vivan mejor. || Algunos tweets por staff CZ,1202565,205,4082,796,1,9157,0,0,0,23457682,1,bot,5837.699029126214,0.0870277353133872,0.007615382440547961,160,10,0,0.0,11,2,0
4842711789,Best Actor,bestactor16,,,1182,1,504,0,0,228414,0,1,0,4842711789,1,bot,591.5,4.377996191143313e-06,193.08114961961115,0,11,2,0.18181818181818182,10,2,0
218570536,GSMArena.com,gsmarena_com,,http://t.co/apQ62Wbj official twitter account,145927,1,1955,7,0,40251,0,0,0,218570536,1,bot,72964.0,0.00019874788830368678,0.2758346581875994,45,12,0,0.0,12,1,0
552725164,Çılgın Yazar,cilginyazar,cilginyazarr@gmail.com ,,752789,269663,431,837,0,34483,0,0,0,552725164,0,human,2.7915850836596654,0.024301125159494258,0.045808259939691016,0,11,0,0.0,12,2,0
55307193,Jay Glazer,JayGlazer,"ÜT: 34.072426,-118.400527","Cast member of FOX NFL Sunday and Ballers on HBO, Founder of MVP: Merging Vets&Players and Unbreakable Performance, host Bellator MMA and of course, ass model",1130781,171,15767,36,1,15876,0,0,0,55307193,1,bot,6574.313953488372,0.0023304150658184798,0.014040725798606627,158,9,0,0.0,10,2,0
2359556900,felix silva,63Felixsilva,caracas,la caballería motorizada socialista de Venezuela PSUV,2683,4929,13,60,0,50142,0,0,0,2359556900,1,bot,0.5444219066937119,0.0012165207506531321,18.682190760059612,53,12,2,0.16666666666666666,11,2,0
101011196,David Johnson 🐝,DavidJohnsonUK,London / Manchester / Belfast.,Northern Irish TV Presenter & VoiceOver. @ITV network live continuity announcer. Founder of @AerialVideoTV & @SMLiveUK. Views are my own,32587,665,53,1220,0,5663,0,0,0,101011196,0,human,48.930930930930934,0.2155720338983051,0.17380630907082362,136,14,0,0.0,15,3,0
3586579334,Marital Intelligence,MaritalIntel,"Los Angeles, CA","Better Marriage & Relationship Coaching and Consulting: CEO, Founders, Heart Healers, Mentor, Speakers, Private Coaching: Lovers of God & Family",1396,869,43,40,0,17412,0,0,0,3586579334,1,bot,1.6057471264367815,0.0023545626830528913,12.464566929133857,144,12,0,0.0,20,2,0
2806238839,smudged writing,bleepinUFO,that's proprietary,I don't want to swim the ocean; I don't want to fight the tide.,362,374,12,18845,0,19728,0,0,0,2806238839,0,human,0.968,0.9552435501039079,54.349862258953166,63,10,0,0.0,15,2,0
446974963,i Rashed  ﮼راشد,iRashedC,Kuwait,اقدّم الفائدة في مجال التقنية .. #المفضله_تفيدكم,134930,421,1302,4226,0,82231,0,1,0,446974963,0,human,319.7417061611374,0.051403346629049516,0.6094374161608526,48,8,0,0.0,15,3,0
43768063,isa,belaxcated,"Santa Bárbara d'Oeste, Brasil",🐶🐱🐴🐮🐄🐾❤,881,657,37,13813,0,127163,0,0,0,43768063,0,human,1.3404255319148937,0.10863137365921173,144.1768707482993,7,10,0,0.0,3,1,0
1018240472,Bᴇʟᴜ,belu_lavorerio,"Montevideo, Uruguay",• 👻Snap: belulavorerioo •,932,657,4,4162,0,8579,0,0,0,1018240472,0,human,1.417933130699088,0.4851981351981352,9.196141479099678,25,14,0,0.0,4,1,0
771103752,Kevin Retuya,HappyKevinR,"Tokyo-to, Japan",🇯🇵🇵🇭Social Media Ambassador | Singer | YouTuber | Introvert | Marketing | business email hknrbiz@gmail.com,80118,3936,77,203,0,977,0,0,0,771103752,0,human,20.3502667005334,0.2085889570552147,0.012206842322045957,106,11,0,0.0,12,2,0
3299257600,1/23 ❄️,Aleahcharde_,,20 | Mixed 🍯 | Future ultrasound tech 👩🏽‍⚕️💕,1848,1253,1,6329,0,18496,0,1,0,3299257600,0,human,1.474481658692185,0.34221765691733796,10.003785830178474,44,12,0,0.0,7,2,0
130823503,Centro Cultural BOD,CCulturalBOD,"Torre BOD, La Castellana. Ccs","Somos el centro cultural más activo del país. Teatro, conciertos, eventos corporativos y exposiciones conforman nuestra variada programación",133629,7768,852,2008,0,53527,0,0,0,130823503,0,human,17.200411893422576,0.037531759079360336,0.40056873456559156,140,12,0,0.0,19,3,0
1587497743,Grand Metropolitan,GrandMetMall,"Bekasi, West Java",Official Account Grand Metropolitan Bekasi | Like our fanpage : Grand Metropolitan & Instagram : grandmetropolitan | (021) 29464646,29593,4843,31,226,0,12916,0,0,0,1587497743,1,bot,6.109413707679604,0.01757374003251529,0.43647360951544234,131,12,0,0.0,18,2,0
27368199,Iyanla Vanzant,IyanlaVanzant,"Silver Spring, MD",Bestselling #Author & #Producer of #FixMyLife. Life coach at @IVSLM who loves #lawandorder and mixing @masterpeacebody blends. Acts of Faith is turning 25! 👇👇,1979768,692,5436,166,1,31797,0,0,0,27368199,0,human,2856.809523809524,0.005251902635385873,0.01606146979773903,158,13,0,0.0,14,2,0
14418045,DAP Malaysia,dapmalaysia,Malaysia,"Malaysian First | 
Democratic Action Party | 
Malaysian Malaysia",141231,105,444,21,1,76850,0,0,0,14418045,0,human,1332.377358490566,0.00028626823333463455,0.5441472187606208,66,11,0,0.0,12,2,0
165761267,Alviro Petersen,AlviroPetersen,South Africa,"Husband, Dad, Entrepreneur, Peak Performance Coach, Bachelor of Law student. Director of Sport. Where GOD guides he provides.",143155,829,431,1880,1,9414,0,0,0,165761267,0,human,172.47710843373494,0.19978757302177377,0.06576741456872223,125,14,0,0.0,15,2,0
14392252,Broadcast Music Inc.,bmi,,The global leader in music rights management. #MusicMovesBMI,118885,9983,1666,7737,1,28048,0,0,0,14392252,1,bot,11.907652243589743,0.2758743627223787,0.2359319011489999,60,3,0,0.0,20,3,0
15790423,ASOS,ASOS,London,"Giving you the confidence to be whoever you want to be - without judgement 🙌 For Customer Care, tweet @ASOS_HereToHelp",1034902,4386,5275,12869,1,223834,0,0,0,15790423,1,bot,235.90221107818556,0.057497710367011415,0.21628597076247727,118,4,0,0.0,4,1,1
1851545900,BTP,blrcitytraffic,Bengaluru-560001,Bengaluru City Traffic police is on the threshold of major technological breakthrough to manage the congestion and chaos on the roads in an efficient manner.,547877,103,270,11161,1,69660,0,0,0,1851545900,0,human,5268.057692307692,0.16023312901049366,0.1271469195696852,157,14,0,0.0,3,1,0
5649672,音楽ナタリー,natalie_mu,東京,国内No.1の情報量を誇る音楽ニュースサイト。コミックナタリー（@comic_natalie）、お笑いナタリー（@owarai_natalie）、映画ナタリー（@eiga_natalie）、ステージナタリー（@stage_natalie）、ナタリーストア（@natalie_store）もあわせてどうぞ。,1257821,7,22155,0,1,152481,0,0,0,5649672,1,bot,157227.75,6.558151126034548e-06,0.12122700986308078,152,10,0,0.0,6,1,0
312751823,DANIELA CHALÁ🍻,DaniiChala,Medellin- Colombia ,Cuando La Vida Te De Una Oportunidad No Seas Bobo aprovéchela Se Que No Volverá!  ATLETICO NACIONAL REAL MADRID RACING CLUB AV ⚽https://t.co/M7gwaYT1CI,998,725,10,25873,0,31477,0,0,0,312751823,0,human,1.3760330578512396,0.8219709003113286,31.50950950950951,151,10,0,0.0,14,2,0
1408706821,jitacrist xd,jitacrist,Dios d los jitanos( ͡° ͜ʖ ͡°) ,,92486,63178,106,2786,0,949,0,0,0,1408706821,1,bot,1.4638883173206287,2.933684210526316,0.010271713862488782,0,9,0,0.0,12,2,0
896533819,abo salman alshammri,abo_slmann,الرياض,دكتوراه في الخدمة الاجتماعية - مهتم في الاحصاء الاجتماعي -حساب شخصي -,20220,9807,11,775,0,22328,0,1,0,896533819,0,human,2.061684339314845,0.034753011778404765,1.1042480589486179,69,10,0,0.0,20,3,0
2374652118,Who is @BenPhrases?,ChicksDigRap,"Chicago, IL","Also Followed by @BenPhrases, @Phrasesfla, and @HipHopAllNite!",75529,77420,142,119,0,17166,0,0,0,2374652118,1,bot,0.9755751023624082,0.006990155530960564,0.22728717066066464,62,12,0,0.0,19,3,0
114157893,総督D(次期監督募集中),SoutokuD,横浜、魚釣島、ナゴド、舞鶴鎮守府,このアカウントは、艦隊これくしょん(と、ドラゴンズ情報、たまに東方)でフル回転となっていますので、フォローする際はお気をつけ下さい。(フォローしたいと思ったならば、コイツがどんな発言しているか、2日分くらいは見てから考えよう。)野球艦娘界隈から来た人、天龍がキライになるから、フォローは要注意だ,830,0,77,2546,0,151449,0,0,0,114157893,1,bot,831.0,0.016817431495543083,182.2503008423586,147,8,0,0.0,12,1,0
2768922304,cmad,cmadmax,,FDREleanorRooseveltMollyIvinsMadeleineAlbrightMarkTwain HarryTrumanAnnRichardsHillaryClintonJFKMalala BarackObama ChaneyGoodman&Schwerner GabbyGiffordsMLKLBJ,2596,3775,174,242675,0,240072,0,1,0,2768922304,0,human,0.6877648305084746,1.010842535395484,92.44243357720447,157,7,0,0.0,4,1,0
15846407,Ellen DeGeneres,TheEllenShow,California,"Comedian, talk show host and ice road trucker. My tweets are real, and they’re spectacular.",76974277,33103,108151,1300,1,18392,0,0,0,15846407,0,human,2325.2258941517644,0.0707334311966509,0.00023894995156693773,91,12,0,0.0,15,2,0
5940642,JD Hancock,JDHancock,"Austin, TX","Full-time toy cartoonist tweeting laughs to 100,000+ people worldwide through #PopFig. Fresh funny weekdays. Join the fun!",76317,68150,883,13196,0,113936,0,0,0,5940642,0,human,1.1198368329151442,0.11582716764527766,1.4929243428811028,122,9,0,0.0,10,2,0
303177646,i-Tal,AitalYakovlev,,Valar morgulis,1656,720,8,5942,0,69605,0,0,0,303177646,0,human,2.2981969486823854,0.08538057064046203,42.007242003621,14,13,0,0.0,5,1,0
1710779965,معلومات طبية,Health_ksa_1,اسأل الله لكم الصحة والعافية,#معلومات وحقائق وتوعية #صحيه يومياً⏰ لكي نصل الى مجتمع واعي ويهتم في #الصحة,104031,30,165,3685,0,14019,0,0,0,1710779965,1,bot,3355.8709677419356,0.26291012838801714,0.1347662257766841,75,12,1,0.08333333333333333,12,2,0
1335682831,あや太🤮,cv_aya,二葉→海小・中・高→EUマスコミ ちばらき,成人済夢BLGLNL地雷なし雑多垢。ミュート推奨、ALL自己責任／ツイ消し芸人ブーメラン職人／ぷよ部／GeroTreasureTour余韻／具体名を出していない話題に関して、個人の憶測等を事実のように拡散する行為はお控え下さい。【https://t.co/YewWejYmsk】♡I&I♡,620,319,10,22989,0,44402,0,0,0,1335682831,0,human,1.940625,0.517757809157039,71.5024154589372,144,6,0,0.0,4,1,0
815679446,Autopista Central,AutopCentral,Chile,"Cruzamos Santiago de Norte a Sur por los ejes #Ruta5 y Gral. Velásquez, y somos parte de #VíasChile. Acá encontrarás información de tránsito en tiempo real",177177,75133,371,1495,1,169150,0,0,0,815679446,1,bot,2.3581600873106714,0.008844168819575409,0.9546952781948097,155,12,0,0.0,17,2,0
486624314,club4matrix,club4matrix,Germany,Automatic Money Machine  + Traffic + Earning . Join Our CLUB with the Best (∞ x10) Unlimited Matrix   .,40711,10746,32,272,0,55297,0,0,0,486624314,1,bot,3.788219968363264,0.004936887410032912,1.358272745136569,103,11,1,0.09090909090909091,11,1,1
299291756,岸明日香,asupons02,,6月〜オスカープロモーションへ移籍致しました。 10月12日スタートTBS『大恋愛〜僕を忘れる君と』ちはる役レギュラー出演❤️ テレ東『激！今夜もドル箱！』MC 『警視庁ゼロ係〜生活安全課なんでも相談室』『不能犯』#岸キッチン 11月28日3rd写真集発売決定❤️,180533,569,1372,32,0,23464,0,1,0,299291756,0,human,316.7263157894737,0.0014063498828041764,0.12997551707711566,132,9,2,0.2222222222222222,4,1,0
21271500,Advertising Week,advertisingweek,"NYC, London, Tokyo, Mexico, Sydney",The world’s premier annual gathering of marketing and communications leaders.,120657,13243,3690,4837,0,71793,0,0,0,21271500,1,bot,9.11038961038961,0.06738724684514026,0.5950206368413201,77,15,0,0.0,16,2,0
93155616,🇮🇳 Ğяєєи мσик,iGreenMonk,India,"I don’t buy what you are selling My hobbies are Breakfast, lunch & Dinner. My Tweets search : @BeingTwiter",84263,3575,1727,886115,0,648752,0,0,0,93155616,1,bot,23.563758389261746,1.365875764736348,7.6990529763600115,106,10,0,0.0,13,3,0
762496814,Gab.ai/paulschmehl,PaulSchmehl,"Richardson, TX","Retired computer security professional, proud grandfather, Navy vet, Constitutionalist, founding member Vietnam Veterans for Factual History",5142,3115,49,746,0,46298,0,1,0,762496814,1,bot,1.6505134788189988,0.016134257759346855,9.002333268520319,140,11,0,0.0,18,1,0
43154983,Rap Star Angelina,angelinaonline,"Atlanta, GA","ANGELINA - Artist & Co-Ceo of TRACKWRITERZ 🎼MIXTAPE ""FROM THE UNDERGROUND TO THE GRAMMYS"" Available NOW at https://t.co/hG5DoNI5zw",102808,66017,593,4622,0,114895,0,0,0,43154983,0,human,1.5572874064649036,0.04023638768973681,1.1175675281346964,130,14,0,0.0,17,3,0
156016720,girassol 🌻,_Akrauss,"Rio de Janeiro, Brasil",Quando você começa no topo pra onde pode ir a não ser pra baixo? ⬇️,1001,703,1,13163,0,56830,0,0,0,156016720,0,human,1.4232954545454546,0.23163414333726312,56.71756487025948,67,8,0,0.0,10,2,0
591612748,Deliciously Ella,DeliciouslyElla,London,Celebrating plant based food and working to make vegetables cool ✌🏻️,195262,349,1329,48928,1,18056,0,0,0,591612748,0,human,557.8942857142857,2.709697070388215,0.0924752769341862,68,15,0,0.0,16,2,0
3166813130,(analie)MAIDEN MACAU,AnalieWang,Macau,love God above all things,957,2222,9,1259,0,17977,0,1,0,3166813130,1,bot,0.43094916779127307,0.0700856602514184,18.76617954070981,25,10,0,0.0,20,2,0
1644129194,Abdullah..عّبدالله 🕊,2fl6l6,World ,"انسان انطوائي .. ""يعشق العلم والعمل والموسيقى ومؤمن بالحرية .. اخشى البشر كثيراً "". ""لا قدوة لدي فّ انا قدوة نفسي"" personal account #حساب_شخصي و #حّرية_شخصية",82400,515,75,177,0,72996,0,1,0,1644129194,0,human,159.6918604651163,0.002438456374919517,0.8858751714178226,157,6,3,0.5,20,2,0
164345318,Catalina Gómez,apuntesdecata,"Bogotá, Colombia","Presentadora Dia a Dia, Canal Caracol. https://t.co/vpaXElEtAY Instagram:Apuntesdecata, Facebook:Catalina Gómez",951474,84,2678,495,1,3882,0,0,0,164345318,0,human,11193.823529411764,0.127736286376513,0.004081032081767782,111,13,0,0.0,14,2,0
2363967920,صحيفة البلد السعودية,albaladsa,,صحيفة البلد السعودية اجتماعية رياضية .. عصرية بمذاق مختلف .. كن معنا 0540410142 https://t.co/g7rtXtQI2s للتواصل تجدون نجومنا ضمن قائمة المتابعة,110375,17,89,208,0,43774,0,0,0,2363967920,1,bot,6132.0,0.004774414620217019,0.3965988983112271,143,9,0,0.0,20,3,0
797755586,Wavy🌊,Almighty_Dai,"Detroit, MI",SC: Almighty.Dai,1259,841,3,2711,0,17715,0,0,0,797755586,0,human,1.496437054631829,0.15308195981034092,14.06031746031746,16,12,0,0.0,5,1,0
126578536,Dan Gregg,danielgregg_,Melbourne,Executive producer at Lipp Media (@gaysrevolting @cherandretweet @wordofthegaypod) & host and DJ at @PopchopsPodcast.,1922,896,19,9689,0,4789,0,0,0,126578536,0,human,2.1438127090301005,2.022964509394572,2.4908996359854396,117,12,0,0.0,9,2,0
490406701,نوره الشريف,Ano_sh2,,""" للاعلانات التجارية""وللتواصل: @biiro_mr "" أن يدي لاتُلوى وقلبي لايُهان وأنا لاأسقُط.",117284,511,219,1568,0,105155,0,0,0,490406701,0,human,229.072265625,0.014920689261668379,0.896585241079422,85,7,1,0.14285714285714285,11,2,0
106139099,五月@篠山線とノアズノーツと血界戦線をよろしく,karasugai,東京ときどき篠山&福知山うっかりHL／にゃぽ1196,口鉄篠山線(廃線)が好きな人／ジャンル問わず広く浅くそして凄くRTします。 血界スティレオ＆ソニステ沼に落ちて特に腐ってます。 Jag intresserad svensk fotboll (IF Elfsborg),1217,1145,82,31628,0,365876,0,0,0,106139099,1,bot,1.0628272251308901,0.08644708467599767,300.39162561576353,108,9,0,0.0,23,1,0
2206110948,†,_Incredulas,,✊🏼💚,98897,5,152,25828,0,17843,0,0,0,2206110948,1,bot,16483.0,1.4474893521631922,0.18042832008736273,3,11,0,0.0,1,1,0
1226530075,cait,caitlynn_skyee,"Davis, CA",a bad mama jama • UCD,1206,810,16,72239,0,82803,0,0,0,1226530075,0,human,1.4882860665844637,0.8724216221438578,68.60314830157415,21,14,0,0.0,4,1,0
95755947,🥶,Blvckmonk,HURTSON MF TEXAS,That nigga with the bag 💼 🇱🇷 SISU Customer Support CEO 💪🏾,94828,54440,372,2188,0,32417,0,0,0,95755947,0,human,1.7418673426277989,0.067524214942316,0.3418574486707653,57,9,0,0.0,1,1,0
419731813,Jaume Barberà,JaumeBarbera,Catalonia. Europe.,"Journalist. 
""Magical Realism is defined as what happens when a highly detailed, realistic setting is invaded by something too strange to believe"". (Narcos)",114525,404,1441,41,1,57778,0,0,0,419731813,0,human,282.78024691358024,0.0007269077000294225,0.5045055271292108,156,12,0,0.0,13,2,0
236942183,Gökhan Özen,gokhanozen,"California, USA","Producer / Singer / Songwriter / Director    
Gökhan Özen Official Twitter Account",489454,0,384,7,1,2581,0,0,0,236942183,0,human,489455.0,0.003098373353989156,0.005275255130706602,82,10,0,0.0,11,2,0
241192205,Canal 44,CANAL44TV,"Guadalajara, Jalisco","Whatsapp: 33 2242 0690 ¡La señal de todos! Noticias, series, documentales, análisis, programación infantil, cine, musicales y más.",138620,15939,482,7605,1,160561,0,0,0,241192205,1,bot,8.69642409033877,0.047371108979708774,1.1582804914118352,130,9,2,0.2222222222222222,8,2,0
4855688674,Abby 💖,Abbypatato,United States,💕 iM bOrEd,2066,1885,3,4241,0,2511,0,1,0,4855688674,0,human,1.0959703075291622,1.6886942675159236,1.2152878567972907,10,10,0,0.0,6,2,0
2792831540,bebo Shawky‏,bebo20205656,Egypt / Cairo,‏ابتسم فسبحان من جعل الابتسامة في ديننا صدقة وعليها نؤجر,719,1225,0,1064,0,17417,0,1,0,2792831540,1,bot,0.5872756933115824,0.06114364450568378,24.191666666666666,56,12,8,0.6666666666666666,12,2,0
1427819088,core,core1013,綺麗な海に行きたい,"好き勝手にイラスト描く
アズレン/ドルフロ/ S.T.A.L.K.E.R.
何かあったらこちらへ【core1013.hsw1997〇https://t.co/N8GNSmAmm4】
ヘッダー:左野ナオイさん(@naoooi)",1335,621,60,92827,0,79990,0,0,0,1427819088,0,human,2.147909967845659,1.160480554062332,59.87350299401198,112,8,4,0.5,4,1,0
34323417,Sunshine Knowlin,Ambitions1992,ct,All I got is A Dollar and a Dream. Are you gonna roll with me? Rest In Peace Little Bro Daylon ❤️❤️,964,842,6,9573,0,61697,0,0,0,34323417,0,human,1.1447212336892052,0.1551752082725534,63.935751295336786,99,13,4,0.3076923076923077,16,2,0
283087496,brend,BrePeixoto,"Sao paulo, Brasil",Heaven is a place on earth with you. 22.01 ❤️💑,1225,707,4,14474,0,127513,0,0,0,283087496,0,human,1.731638418079096,0.11351694715874336,104.00815660685154,46,10,0,0.0,5,1,0
27014121,Georgetown Cupcake,GTownCupcake,DC - NYC - Boston - LA - ATL,"Home of TLC's DC CUPCAKES & Cupcake Cam LIVE | DC, NYC, Boston, Los Angeles & Atlanta | Nationwide Shipping",101186,5,1320,10126,1,16460,0,0,0,27014121,0,human,16864.5,0.6152117125326529,0.16267900026683269,107,12,0,0.0,18,2,0
387720865,"Kabar, Nasehat & Pepatah",NasehatHebat,Indonesia,"Setiap tweet nasehat adalah juga pengingat bagi diri para adminnya.

Bahagia itu pasti jika DIA slalu ada dlm hatimu.

FOLLOW IG: @nasehatuntukhebat",1038757,14,508,217,0,34442,0,0,0,387720865,0,human,69250.53333333334,0.0063292976802253,0.033157867376232,148,12,0,0.0,24,4,0
1069776961,anto☁,AntonellaNocco,"Santiago del Estero, Argentina",¿Qué hace un universo como tú en un planeta como éste?,947,1614,1,14285,0,20631,0,0,0,1069776961,0,human,0.5869969040247678,0.6924195424583172,21.763713080168777,54,14,0,0.0,5,1,0
37372338,Everardo Herrera,alpiedeldeporte,Costa Rica,El sitio del fútbol de  Costa Rica y lo mejor del fútbol mundial. Además notas entretenidas para aprender y relajarse.,118052,542,349,475,0,184790,0,0,0,37372338,1,bot,217.40883977900552,0.0025758830246061766,1.5653223552133364,118,15,0,0.0,16,2,0
162929585,ABDULLAH_ عبدالله,aboban9,,لاإِلهَ إِلَّا أَنْتَ سبحانك أني كنت من الظالمين.,60958,85476,91,14642,0,322238,0,0,0,162929585,1,bot,0.7131626051452438,0.04544142701535196,5.286159549861382,49,7,1,0.14285714285714285,17,2,0
383587781,kayla,babycupKAY,"California, USA",,871,407,2,31675,0,93502,0,0,0,383587781,0,human,2.1372549019607843,0.33876987904131417,107.22821100917432,0,10,0,0.0,5,1,0
953692489,David Scocelli,david_scocelli,,"Buscando hombres que les gusten usar las tangas, morboseando de regreso! viendo hombres sexy en tanga",88783,2034,390,44281,0,29958,0,1,0,953692489,1,bot,43.62850122850123,1.4780867185153042,0.33743692557217514,101,14,0,0.0,14,2,0
1275451704,Dazah,Bruhhhitsdazah,,20|Psalm 46:5 🦋,1503,576,10,47152,0,104588,0,0,0,1275451704,0,human,2.6065857885615253,0.45084091061201464,69.54055851063829,15,14,0,0.0,5,1,0
26483183,Jeremy Gutsche,jeremygutsche,Toronto,"CEO of Trend Hunter (@trendhunter), NY Times Bestselling author of BETTER & FASTER + Exploiting Chaos, innovation keynote speaker http://t.co/KrXvPmBvrr",87098,1231,1602,2104,1,58458,0,0,0,26483183,0,human,70.69724025974025,0.03600814245881729,0.67117877357949,152,13,0,0.0,14,2,0
2955302197,Real Madrid CF,JayalahMadrid,Indonesia-Madrid,Hala Madrid = Jayalah Madrid,846,31,0,0,0,12862,0,0,0,2955302197,1,bot,26.46875,7.774236181295187e-05,15.186540731995278,28,13,0,0.0,14,3,0
44446850,Portal A Crítica,ACritica,Manaus - Amazonas - Brasil,"Notícias de Manaus, e os principais acontecimentos da Amazônia, do Brasil e do mundo, em tempo real.",199197,129,494,1328,1,129142,0,0,0,44446850,1,bot,1532.2923076923078,0.010290917819781174,0.6483147421158847,100,8,0,0.0,16,3,0
182173149,Desana Moses❤✌,Desana88,WORLDWIDE,•Booking Inquiries The365Management@gmail.com •Instagram:Desana_Moses                         •Snapchat: Desana88,113145,466,621,619,0,96536,0,0,0,182173149,0,human,242.2826552462527,0.00642240798864684,0.853207360401605,113,8,2,0.25,14,2,0
17896311,BBC 606,bbc606,,"Hi all. We will no longer be updating this account.

But don't worry, you can follow us during the new season via @5liveSport and get in touch using #bbc606",110484,606,982,5090,1,38063,0,0,0,17896311,0,human,182.0181219110379,0.1337484237074401,0.34451735529709915,156,6,3,0.5,7,2,0
266887195,Chloe Sims starship✨,Chloe_Sims,Essex,Management - MISFITS • PR enquiries • luke@misfitscelebritymanagement.com • ITVBE • TOWIE,1059945,1028,829,8504,1,23710,0,0,0,266887195,0,human,1030.0738581146745,0.3586942769178862,0.022370007528685423,89,10,0,0.0,20,3,0
23043294,Los Angeles Dodgers,Dodgers,1000 Vin Scully Avenue,The Official Twitter account of the Los Angeles Dodgers // Photoblog: https://t.co/R4M1CoJxBA // Blog: @DodgerInsider,2092157,4350,8295,23081,1,103534,0,0,0,23043294,1,bot,480.8453229142726,0.22293910271888734,0.04948718022252621,117,7,0,0.0,19,3,0
1634516120,loser,AbbeyHemmo,muke/4+band,"too young, too dumb, to know things like love || l.h.",81744,16273,158,69961,0,119575,0,0,0,1634516120,0,human,5.023042890500184,0.5850839633371245,1.4627928313658327,53,10,0,0.0,5,1,0
31744917,Diez Minutos,diezminutos_es,España,"Twitter oficial de la revista Diez Minutos. Si quieres estar a la última en la crónica social, Diez Minutos es tu revista",131588,3341,584,103,1,54043,0,0,0,31744917,1,bot,39.37432675044883,0.001924357930575087,0.4107030222890971,121,14,0,0.0,12,2,0
192730275,Arturo López Gavito,algavito,Mexico,"Coleccionista, corredor y melómano. Librando una lucha eterna contra la mediocridad Instagram: @gavipost",113151,17,623,533,0,28223,0,0,0,192730275,0,human,6286.222222222223,0.018920068027210885,0.2494343891402715,104,8,0,0.0,19,3,0
569704121,相互フォロー （リフォロー）1000％,adstwi,,リフォロー100％ | 100% follow back. |  #相互フォロー #followme #followback #teamfollowback #autofollow #followme #followmejp #refollow #refollowjp #相互 #リフォロー #フォロワー,117030,98061,323,2,0,379092,0,0,0,569704121,1,bot,1.1934388448124655,7.913625416454538e-06,3.239252847536123,152,6,0,0.0,19,2,0
62159419,Eladio García,buscavuelos,"Burgos, España","Información sobre viajes y turismo, vuelos, aerolíneas, destinos y hoteles. Consejos y ofertas para viajar.
Todos los precios de los vuelos en tiempo real.",105321,88844,1143,3747,0,372745,0,0,0,62159419,1,bot,1.1854578197985255,0.010055104548405617,3.5391086382712063,156,11,0,0.0,13,2,0
603385285,Dory,imFindDory,Worldwide,Shit I'm lost lol.,85208,11,129,9,0,35191,0,0,0,603385285,1,bot,7100.75,0.00028415548988406454,0.4130080155852081,18,10,0,0.0,4,1,0
2589923834,️,ApegoDoCris,"Sorocaba, Brasil",''Eles voaram daquele carro direto para os braços do pai e do meu coração eles não vão sair nunca mais.'' ❤ #amortenaomataoamor 🙏,910,507,1,267,0,9467,0,0,0,2589923834,0,human,1.7933070866141732,0.02830587241233629,10.392974753018661,129,11,0,0.0,1,1,0
1027350758,معلومة وفائدة,EH3H,,الحساب الأول في تويتر الذي يقدم لكم المعلومات الغريبة (بالمصادر) - للإعلان واتساب 0548888840,1577091,1,2961,0,0,36657,0,0,0,1027350758,0,human,788546.0,2.727917507774565e-05,0.02324404663773578,92,4,1,0.25,13,2,0
948676610,brenda,BrennLobos,Buenos Aires,brillar hasta con el alma rota ✨,604,216,1,20419,0,38612,0,0,0,948676610,0,human,2.7880184331797233,0.5288374381684925,63.82314049586777,32,10,0,0.0,6,1,0
244714785,@CandangaNoticia,candangaNoticia,venezuela,"Difundimos los avances y logros de la revolución. Chávez vive,la Patria sigue",136531,29486,361,5089,0,537561,0,0,0,244714785,1,bot,4.630243836266829,0.009468675241181482,3.937260129493452,77,15,0,0.0,16,1,0
876320406,Amina🌹,AminaPrez,Santa Rosa,Snap: amina.perez// instagram/amina.perez,1837,1926,5,6105,0,77095,0,0,0,876320406,0,human,0.9538142189932538,0.07919995849330705,41.945593035908594,41,9,0,0.0,6,1,0
1496739522,Bazi,BaziVettorazzi,"Ponta Grossa, Brasil","O baguio é o @SantosFC e o @OFECoficial, o resto quero que se foda! 👽",1978,1834,4,6751,0,58237,0,0,0,1496739522,0,human,1.078474114441417,0.11593804732305367,29.42799393633148,69,14,0,0.0,4,1,0
464656204,Gulf Managers,GulfManagers,,Official Twitter Page of Gulf Managers Executive Search. A Leading Executive Search Firm & One To One Employment Solutions in the Middle East & GCC. #Jobs,39388,32587,136,169,0,4987,0,0,0,464656204,1,bot,1.2086964526819688,0.03408179631114675,0.1266343395364188,154,12,0,0.0,13,2,0
337399038,joemaalouf جو معلوف,joemaalouftv,Lebanon . Beirut,Lebanese influential citizen|Exec.producer |tvhost |GM @jarasscoop @powerfmlebanon |founder at scoop production. joe.maalouf@gmail.com 78999966,162362,801,167,15633,1,58034,0,1,0,337399038,0,human,202.44763092269326,0.26938916171275956,0.35743981079433124,143,12,0,0.0,19,3,0
71225650,Kanal D,KanalD,,,1313017,235,818,8542,1,103821,0,0,0,71225650,1,bot,5563.635593220339,0.08228506482248464,0.07907126939615451,0,6,0,0.0,7,2,0
121284072,みかん星人,mikanseizindesu,某関東地方南部,壁|ωФ)よろしくです(￣ ー ￣ ゞばらを育てる仕事をしてます。 プロフの画像は愛すべき ゴン隊長。(長期パトロール中)ツイッターは続けることに意義があるかと。,1017,973,0,60038,0,235896,0,1,0,121284072,1,bot,1.0451745379876796,0.25451362247082415,231.72593320235757,81,15,0,0.0,5,1,0
17193794,HP,HP,USA,"Engineering experiences that amaze. We create technology with a purpose: to make life better for everyone, everywhere. #KeepReinventing.",1072907,2604,5998,8943,1,38228,0,0,0,17193794,1,bot,411.8648752399232,0.23395851317062963,0.03563120043843461,136,2,0,0.0,2,1,1
301655015,Cyril Petit,CyrilPetit,Paris,Rédac chef central et SGR du Journal du Dimanche/lejdd.fr (@lejdd) - Secrétaire du CA de l'@esjlille - Chroniqueur #InstantM sur @FranceInter - Président @CNMJ_,144513,1590,622,5973,1,47466,0,0,0,301655015,1,bot,90.83218101822753,0.12585585775380792,0.3284595264126659,160,10,0,0.0,11,2,0
233488091,Alper Taş,alper_tas,,Özgürlük ve Dayanışma Partisi Başkanlar Kurulu üyesi,111209,1774,287,5,1,9903,0,1,0,233488091,0,human,62.653521126760566,0.0006058158319870759,0.08905673950184335,52,9,0,0.0,9,2,0
235793053,Azul Duran,AzulDuran_,,💚,1149,643,1,3998,0,40949,0,0,0,235793053,0,human,1.7857142857142858,0.09765567765567766,35.608695652173914,1,10,0,0.0,10,2,0
1433367608,Irene Camera,IreneCamera15,"Santa Lucia, Corrientes. ","♍
~🏆🏆🏆 ~Santa Lucía, Ctes.
~Snap: irenecamera15
~Fc: Irene Camera
~India❤🐶❤Arón.
~YerokiVera💥💚💃",1307,864,4,2844,0,11131,0,0,0,1433367608,0,human,1.5121387283236993,0.2555695292849443,8.510703363914374,95,13,2,0.15384615384615385,12,2,0
70179948,Lalit Kumar Modi,LalitKModi,Everywhere,Founder @IPL President Modi Enterprises https://t.co/YOalv3Lqxu & soon https://t.co/sT2JRV4Tq4 cutting edge #cancer care for all,4052414,2789,5200,8759,1,22191,0,0,0,70179948,0,human,1452.478494623656,0.39473684210526316,0.005476240710786037,128,10,0,0.0,16,3,0
75279848,Metrô de São Paulo,metrosp_oficial,"São Paulo, Brasil","Twitter oficial do Metrô de São Paulo, que transporta 4 milhões de usuários/dia. Monitorado de seg.-sexta, das 8 às 19h30. Central de Informações: 0800-7707722",1831879,657,1480,4149,1,111122,0,0,0,75279848,1,bot,2784.012158054711,0.0373460039775744,0.060660632792541,159,15,0,0.0,18,4,0
556122117,ContactoCantv,ContactoCantv,Venezuela,"Canal oficial de atención al usuario de #Cantv, ente adscrito al MPPEUCT. Horario de atención: lunes a viernes de 8am a 6pm y los sábados de 8am a 2pm",160582,64739,464,0,0,137115,0,0,0,556122117,1,bot,2.480429409947482,7.293094897750809e-06,0.8538637340191677,150,13,0,0.0,13,1,1
26565946,Justin Timberlake,jtimberlake,"Memphis, TN",,64753684,288,74751,357,1,4058,0,0,0,26565946,0,human,224061.1937716263,0.08819906380881991,6.268369128336094e-05,0,11,0,0.0,17,2,0
134138478,卜⊃こラ(CV.佐倉綾音),totukou,フクダ電子アリーナアウェイ側ホーム自由席,サッカー/ジェフ/ウイイレ/野球/歴史/ギター/お笑い/茅原実里/佐倉綾音/声優/DGS/FPS/BF1942/マイケミ/リンキン/オフスプ/Sum41/福山雅治/バンプ/ミリタリー/映画が好きな法学士。チロルチョコ要素はありません steam:totukou,1022,1662,49,5924,0,278051,0,0,0,134138478,1,bot,0.6151533373421527,0.02130896379094558,271.80058651026394,130,7,0,0.0,13,1,0
377669856,Brett Ridenour,awesome_brettq,"Raleigh, NC",I love to travel ✈️ I’m a cryptominer ⛏ DM me.,3159,4019,18,9129,0,4563,0,1,0,377669856,0,human,0.7860696517412935,2.000438212094654,1.4443037974683544,46,14,0,0.0,14,2,0
1494549962,木場勇治,Kiba_horse_bot,とあるマンションの一室,仮面ライダー555の『もう一人の主人公』、木場勇治（ホースオルフェノク）の非公式bot。公式様、役者の方とは一切関係ありません。1時間に1回呟きます。お別れはブロックでお願いします。何かございましたらDMにて。★登録済み台詞：1～47話、劇場版、HBV、その他,840,1107,17,2,0,555573,0,0,0,1494549962,1,bot,0.7590252707581228,5.399820725951898e-06,660.6111771700357,130,14,0,0.0,4,1,0
925537664,よーか@尾道＊VANTELIN’sﾏﾈｰｼﾞｬｰ,happyswing1970,猫の肉球の隙間,"ダンナさん（ける）とネコ4匹（ふく、れん、とわ、まる）で尾道に住んでます♪
趣味はダイエット、特技はリバウンド。
座右の銘は『死ぬこと以外かすり傷』
2013.9.25～福島県福島市。
2016.8.11～広島県尾道市。",1120,996,27,878,0,127786,0,0,0,925537664,1,bot,1.1243731193580742,0.006878633976852106,113.99375557537913,110,14,4,0.2857142857142857,24,1,0
124450567,Inter,Inter,"Milano, Lombardia",Profilo Twitter ufficiale dell'Inter. English: @Inter_en; Bahasa: @Inter_id; Japanese: @Inter_jp; Arabic: @Inter_ar; Portuguese: @Inter_br; Español: @Inter_es,1625028,75,4873,901,1,73373,0,0,0,124450567,1,bot,21381.96052631579,0.012293182871316815,0.04515242497210819,158,5,0,0.0,5,1,1
1575510320,حومة فكر,0k__2,🇸🇦🇰🇼 مصير مشترك 🇸🇦🇰🇼,👍👍@9are_7👍👍,135867,132385,122,630,0,185803,0,1,0,1575510320,1,bot,1.0263018748206003,0.003396051753460636,1.3675331939823947,11,5,2,0.4,8,2,0
26516576,Booking.com,bookingcom,,"Welcome to https://t.co/fk1NcLyb5u's official Twitter page. Follow us for great travel trips, destinations, and inspiration.",145399,4239,1320,9378,1,55250,0,0,0,26516576,0,human,34.29245283018868,0.1697525836636441,0.3799931224209078,124,10,0,0.0,11,1,0
986775452,hysoo🇹🇷,hysoo777,"İstanbul, Türkiye",أنـَا لَستُ إنـسَانَـاً .. أنـَا دِينَامـِيـتْ ..! . | مترجم لغة تركية🇹🇷,210528,126,430,21491,0,279979,0,1,0,986775452,1,bot,1657.708661417323,0.07676262590185014,1.3298880439274399,72,8,3,0.375,7,1,0
849258957768192004,Mollie,MollieOfficial,,mollie is now tweeting from @mollieking • download back to you here - https://t.co/ugWZ1cjFD4,245,5,0,128,0,1,0,1,0,849258957768192004,0,human,41.0,64.5,0.008130081300813009,93,14,0,0.0,6,1,0
476621523,عبدالمحسن الأحمد,abdulmohsnAH,,يا قلبي تدبرها إن أردت الفلاح (ولله غيب السماوات والأرض وإليه يرجع الأمر كله فاعبده وتوكل عليه وما ربك بغافل عما تعملون) محبكم عبدالمحسن بن محمد الأحمد,1364812,71,1673,338,0,10718,0,1,0,476621523,0,human,18955.73611111111,0.03162608452280996,0.007853823197756762,151,12,0,0.0,16,2,0
277106086,🇨🇱💯🎣🌟DonAlvaro🌟🎣💯🇨🇱,aRolasx,"Taltal, Antofagasta,Chile.","No quiero soñar mil veces las mismas cosas, ni contemplarlas sabiamente ...siempre cruzado 🐟🎣",1039,2307,12,2838,0,10834,0,1,0,277106086,0,human,0.4506065857885615,0.262021227503461,10.41826923076923,93,7,0,0.0,19,1,0
2824210848,About ART Magazin,aboutARTmagazin,Österreich,"About #ART #Magazin - is #artmagazin for and about #art #collectors, #artists, #galleries, art #fairs, #museums. Be our friends. We #followback all our friends",237312,259628,1131,30742,0,144110,0,1,0,2824210848,1,bot,0.9140465818533369,0.2133286147483537,0.6072612962627416,159,15,0,0.0,17,3,0
434268450,Lys,a_guidaa,"Alabama, USA",• @xashdatchickx is my GF❤️ • cosmetologist,826,770,1,6663,0,32658,0,0,0,434268450,0,human,1.072632944228275,0.20404788879022628,39.49093107617896,43,8,0,0.0,3,1,0
3249308366,كاريزما الدوسري 👱🏻‍♀️,_36Batool,اللهم أرحم أبي 'اللهم احفظ أمي,حمدلله ع سلآمة صوتي,20529,11353,3,2858,0,37113,0,1,0,3249308366,1,bot,1.808173330984675,0.07703292558064342,1.8077934729663907,19,9,2,0.2222222222222222,21,3,0
168625831,Jandino ♥,JandinoAsporaat,Rotterdam,Kaartverkoop Judeska in de TBS kliniek is NU gestart!,100809,0,210,1274,1,16147,0,0,0,168625831,0,human,100810.0,0.07895714639583849,0.16018252157524054,53,15,0,0.0,9,2,0
27801361,Marcus Lemonis,marcuslemonis,Chicago via Miami via Lebanon,#theprofit on @CNBC,584342,11429,1715,12720,1,24687,0,0,0,27801361,0,human,51.1236220472441,0.5152705767984446,0.04224915845659142,19,13,0,0.0,14,2,0
968714948,Chino Telible™,ChinoTelibleES,"Región de Murcia, España","¡No soy chino pelo lo sé, soy telible!  Publicidad/ contacto: elchinotelible@gmail.com",102786,13686,103,3189,0,1349,0,0,0,968714948,1,bot,7.509826842989698,2.362962962962963,0.013133956628756554,86,14,0,0.0,14,2,0
182069086,Bravíssimo,BravissimoCity,COLOMBIA,Bravíssimo es un programa de entretenimiento y variedades. Conéctate los Fines de semana de 7:30 am - 12:00pm por el canal Citytv.,201726,842,269,10437,0,71363,0,0,0,182069086,1,bot,239.29655990510082,0.14626422285746316,0.35376523717697683,130,14,0,0.0,10,1,0
3853777899,Chistes En Fotos.™,ChistesEnFotos,Dominican Republic,Todo tipo de imágenes con sentido de humor para tratar de sacarte una risa mientras estás en Twitter. CONTACTO/PUBLICIDAD; johanpublicidad@yahoo.com,28439,3181,31,449,0,2665,0,1,0,3853777899,1,bot,8.937774984286612,0.16879219804951237,0.09374120956399437,148,14,0,0.0,18,3,0
2150773897,Ari,Arielle_H10,"Zone 6, East Atlanta, GA",GOD | ENL x JNN | KUWBB'20,947,628,14,26590,0,37563,0,0,0,2150773897,0,human,1.507154213036566,0.7078852092428921,39.62447257383966,26,11,2,0.18181818181818182,3,1,0
4062837748,Ian & Satya Davies,ian_satyadavies,"Jacksonville Beach, FL",Abundantly free and living our dream! Look 10 years younger! Call 904-595-5177,20860,12649,165,1,0,7186,0,1,0,4062837748,1,bot,1.6490909090909092,0.0002782802281897871,0.3445184794592781,78,15,0,0.0,18,4,0
36240413,Chris Johnson,ChrisJohnson28,"ÜT: 33.985365,-118.396649","THE REAL CJ
A REAL 2K THANG
IG: CHRISJOHNSONTWO8",920374,920,5446,18,1,12308,0,0,0,36240413,0,human,999.3213897937025,0.0015435859939881389,0.013373896509574901,48,14,2,0.14285714285714285,13,2,0
161126952,Rita Schwarcz,RitaSchwarcz,Australia,"💫Change the way you look at things, and the things you look at change 💫 Follow me here: https://t.co/iAWTY9RpdK",1061,485,81,74,0,10452,0,0,0,161126952,1,bot,2.185185185185185,0.007174973691763131,9.842749529190208,111,12,0,0.0,13,2,0
2835653131,Mia K.,miakhalifa,"Austin, TX",The DC Sports Girl. Lebanese-American-Cylon. Business Inquiries: @jerfsolo SNAPCHAT: 🦇,2472396,719,3372,22143,1,19455,0,1,0,2835653131,0,human,3433.884722222222,1.138157894736842,0.00786928636460892,86,10,0,0.0,6,2,0
3021259014,あのちゃん,YiFace99,,,812,938,8,511,0,113595,0,1,0,3021259014,1,bot,0.865814696485623,0.0045072009577802035,139.72447724477246,0,8,2,0.25,5,1,0
759251,CNN,CNN,,It’s our job to #GoThere & tell the most difficult stories. Join us! For more breaking news updates follow @CNNBRK  & Download our app 📲https://t.co/Xgo5kjIt8c,41183185,1111,137121,1449,1,222669,0,0,0,759251,1,bot,37035.239208633095,0.006511878564692145,0.005406818209742199,159,3,0,0.0,3,1,1
34253207,BBC Good Food Show,BBCGoodFoodShow,,BBC Good Food Shows - the ultimate foodie day out! Please note all chefs shown may not appear at all shows. Instagram & Facebook: /bbcgoodfoodshow,116996,1105,833,12382,1,24442,0,0,0,34253207,0,human,105.78390596745027,0.5066072086077814,0.20891988683470517,146,15,0,0.0,18,4,0
947217853,Don Burro,DonBurroReal,Ecuador,"Con el pueblo, por el pueblo y para el pueblo. Movimiento civico ciudadano #DonBurro Directora y Vocera @Jksinche",99546,98,126,813,0,22934,0,0,0,947217853,0,human,1005.5252525252525,0.035491606714628296,0.2303936833857374,113,12,0,0.0,9,2,0
19708968,Jacqueline Laurita,JacLaurita,"Franklin Lakes,NJ",Mother. Autism Advocate. Humanitarian. Author. RealityTV.Personality/Bravo. Licensed Cosmetologist. jacquelinelauritapr@gmail.com #GetIt!#TheLittleKernel,871041,2531,3771,7581,1,23120,0,0,0,19708968,0,human,344.01342812006317,0.327926992777129,0.02654407020556988,153,10,0,0.0,18,2,0
413482537,Ingrid Macher,adelgaza20,"Miami, FL",Bajar de peso en una semana! Aprieta aquí para obtener gratis mi dieta para adelgazar en 5 Días - http://t.co/ltRDnjyrTN,112648,396,164,3483,0,26087,0,0,0,413482537,1,bot,283.75062972292193,0.1335479914136768,0.23158660973466252,120,10,2,0.2,13,2,0
579307831,Caleb,calebsivic,301,FSU ‘20 🐾,1232,583,11,39654,0,20888,0,1,0,579307831,0,human,2.1113013698630136,1.898367561874671,16.94160583941606,9,10,0,0.0,5,1,0
100731315,RT en Español,ActualidadRT,,"El primer canal de TV ruso en español con alcance mundial. Les brindamos las noticias que realmente importan. Lo más relevante del panorama internacional, en RT",2956599,75,11604,116,1,517249,0,0,0,100731315,1,bot,38902.63157894737,0.0002261962300628323,0.17494757491713456,160,12,0,0.0,13,3,0
233522143,AnimeVoice,AnimeVoice,Amazon.co.jp associates,アニメや声優、ゲーム、グッズ等の情報をひたすら配信します。新着情報のみをピックアップするLite版(サブアカウント)もよろしくお願いします。ツイートが多すぎると思ったらこちらへ→ @Anime_Voice,81283,70525,1142,1,0,723958,0,1,0,233522143,1,bot,1.1525394889827865,2.762587384092193e-06,8.906537571969883,102,10,0,0.0,10,1,1
193093810,Stockfilm,COdomainnames,,"World's largest collection of  8mm and Super 8 home movies in 4k resolution. 42,639 clips! 1583 film reels! Interested in buying the collection? Contact me.",28767,5830,82,1587,0,35532,0,0,0,193093810,1,bot,4.933630595095181,0.04469085075844989,1.2351571190211346,156,13,0,0.0,9,1,0
1195263056,Cinthia Cruz,cinthiacruz,"São Paulo, Brasil 🇧🇷 Brazil",🇧🇷Actress 🎭Model👠Singer🎙Digital Influencer 🔥Contato p/ Shows📍contatoartistico.cinthiacruz@gmail.com✍ https://t.co/SpvKRUjgPA,177963,937,79,9251,1,12547,0,0,0,1195263056,0,human,189.727078891258,0.7373286579534587,0.07050864219729833,124,11,0,0.0,12,2,0
295413356,Braay⚪🔴⚪,Braay_Bueno,Argentina,19 años|Leo♌|26-06-11 te jure amor eterno❤|05-08-15😍|♡24-11-14♡|09-12-18,1159,1239,1,16065,0,43489,0,0,0,295413356,0,human,0.9354838709677419,0.36941825707059095,37.491379310344826,72,11,0,0.0,8,1,0
25688061,Alvaro Garnero,AlvaroGarnero,,Empresário e apresentador do 50 por 1 na TV Record. Fundador e dono do Cafe de a Musique! https://t.co/T4UL7HDteT - contato@alvarogarnero.com.br,622896,1385,1773,2052,1,33703,0,0,0,25688061,0,human,449.42063492063494,0.06091265131735105,0.05410846416020626,144,13,0,0.0,14,2,0
122965433,BIG NOTHING,BIG_NOTHING_Co,Tokyo,"レコード・レーベル。洋楽アーティストの契約、A&R、マネジメント、PR(宣伝)、マーケティング他を行う。また、邦楽アーティストのマネージメント、PR、コンサルティングも行う。Record Label. A&R, management and PR company for music lovers in Japan.",1102,532,95,1,0,18287,0,0,0,122965433,1,bot,2.069418386491557,0.00010936132983377078,16.58023572076156,158,14,0,0.0,11,2,0
19426551,NFL,NFL,,Official Twitter account of the National Football League. Our Social Media Policy: https://t.co/EyuKeWltUk,24236940,2559,49014,1268,1,183594,0,0,0,19426551,1,bot,9467.555078125,0.006911952939894877,0.007575007093510687,106,3,0,0.0,3,1,1
2399173802,Twit Majalengka,TwitMJLK,Majalengka,Berbagi informasi Kota Majalengka. Kirim informasi dari anda dengan mention kami @TwitMJLK,1035,745,2,0,0,90972,0,1,0,2399173802,1,bot,1.388739946380697,1.0992272432479966e-05,87.81177606177606,90,8,0,0.0,15,2,0
380570951,AS Roma,OfficialASRoma,Roma | Rome,Twitter ufficiale dell’AS Roma. Altre lingue: @ASRomaEN @ASRomaArabic @ASRomaEspanol Copyright: https://t.co/JKX2nMGBGl,1732798,709,4355,3770,1,62211,0,0,0,380570951,1,bot,2440.561971830986,0.060615315373239886,0.03590260613031286,119,14,0,0.0,7,2,0
23977873,Evangelist Gerald®,BieggsLegacy,London,Evangelist / FiveFold Ministry Servant / C.E.O(Mcank Group & Mcank Logistics) /Human Right Activist / Movement Against Corruption / Politics & Gov.,51551,91084,114,1209,0,7964,0,0,0,23977873,0,human,0.5659768348246144,0.15191462649089768,0.1545041899441341,147,12,0,0.0,18,2,0
3236431915,Adam McArthur,BigMacFlashy,"Phoenix, AZ",CEO of @thebambox and @comiconauction. Love Deadpool. Ultra optimistic. Crazy about nostalgia. Spread geek.,331,154,1,350,0,325,0,0,0,3236431915,0,human,2.141935483870968,1.0766871165644172,0.9819277108433735,107,12,0,0.0,13,2,0
388843527,Badrul,BadruulAminn,"Petaling, Selangor","20 / YouTuber + Streamer / Married /

Come support my content on YouTube and Twitch!",71105,62028,27,1818,0,27006,0,0,0,388843527,0,human,1.1463347788937432,0.06735290850520236,0.37981323657637894,84,12,0,0.0,6,1,0
2566083968,Sav🌸,anxietyhes,,woke up the girl who looked just like you I almost said your name @ryleen97 @Harry_Styles,99769,67170,335,27192,0,81781,0,0,0,2566083968,0,human,1.4853136025963585,0.3325059304003326,0.8197053222411547,89,10,0,0.0,4,1,0
250121556,遠@原付ベトナム縦断準備,EN_owl,なごやちほー,"旧型クロスカブ改(プラウダ戦車色)に乗るガルパンおじさん。ノンナと愛里寿推し。日本一周2017年組。
キャンプ、登山、サバゲー(ドラグノフ狙撃銃,AKS74N)もやります。バイクと旅の記録は個人サイト「放浪オートマタ」にたまに書き残してます。日本一周の次はベトナムを原付で縦断するぞー！",1222,244,102,382,0,70120,0,0,0,250121556,1,bot,4.9918367346938775,0.005461987136521156,57.335241210139,143,6,0,0.0,12,1,0
498378398,Cess,cessdomingo_,,,1308,1017,0,39669,0,44078,0,0,0,498378398,0,human,1.2858546168958742,0.8999750448059166,33.67379679144385,0,12,0,0.0,4,1,0
