id,name,screen_name,location,description,followers_count,friends_count,listed_count,favourites_count,verified,statuses_count,protected,default_profile,default_profile_image,user_id,target,raw_label
613512037,Baseball Quotes,BaseballQuotes1,The Diamond,Quoting America's Pastime in 280 characters or less.,121500,346,532,35894,False,21246,False,False,False,613512037,0,human
19263978,Cleveland Cavaliers,cavs,"The Q | Cleveland, OH",Official Twitter of the 2016 NBA Champion Cleveland Cavaliers. @NBAGLeague Affiliate @CantonCharge. #BeTheFight,3227215,1946,9039,16134,True,45791,False,False,False,19263978,0,human
1624329463,‏المهاجر 1M,muohajer_12,المملكة العربية السعودية,,864968,767106,1371,23,False,875763,False,True,False,1624329463,1,bot
550610050,BC.20,Bc20_,,R.I.P JRL21//R.I.P Monica💙 IG//b.20c #GLOHIOBOYS,951,275,9,22147,False,88862,False,False,False,550610050,0,human
149714640,mia 🧜🏾‍♀️🖤💋,_Blkahontas,"Hollywood, FL",to die for 🔮🤞🏾👸🏾,1412,623,12,5582,False,142073,False,False,False,149714640,0,human
76943986,Optimus Prime,crmnvctr,,The only way home is winning.,1615,182,27,34629,False,85419,False,False,False,76943986,0,human
728040086848319489,.,997JK,,,155,0,2,57,False,4098,False,False,True,728040086848319489,0,human
131279295,Alan Hoglund,alanhoglund,"Minneapolis, MN","📺 @KSTP Producer, Emmy Winner, Husband, Dad x2, Singer, Black Coffee Addict - Saved by Grace 📨 ahoglund@kstp.com",1231,1089,68,2017,False,22256,False,False,False,131279295,0,human
294150384,Infomedia 🇦🇷,Infomedia24hrs,Buenos Aires - Argentina,Noticias las 24hrs con Opinión #Independiente - #Ratings 📺 - #Revistas #Diarios ⚽️ en PDF  - #News 🌎  24/7 -,378218,347,646,120,False,110251,False,False,False,294150384,1,bot
2669946973,"안녕,봄",hi_springjk,with 정국💜,"너는 나에게 봄이었고, 미소였고, 햇살이었고, 설레는 봄바람이었어 #방탄소년단 #BTS #정국 #jungkook •weibo ➡️ https://t.co/T2rIao3iIg •instagram ➡️ hi_springjk •공지는 마음통",820881,5,8578,924,False,13559,False,True,False,2669946973,1,bot
3019325733,Kip Dynamite,JoeHeadTV,,Full time singer/song writer & sensitive Proud owner of a 50” TV and a working fridge,23454,284,13,4332,False,3106,False,True,False,3019325733,0,human
1038692990,It’s pronounced like Ann-knee,annemuyfresca,TEXA$,A1 SINCE DAY 1 | 4.30.16,808,513,5,12325,False,100989,False,False,False,1038692990,0,human
558652897,ダイエットの名言,_diet_meigen_,,ダイエットの成功を目指す、あなたモチベーションを上げるためのアカウントです。一時間に一回、ダイエットのやる気を出させてくれる名言の数々をつぶやいていきます。 LINEでダイエットサポートのアカウント「ダイエットトレーナー」も展開しているので、登録してみてください。 #LINEでダイエット,136685,0,613,1763,False,35406,False,False,False,558652897,1,bot
14448642,Dinamalar,dinamalarweb,"39, Whites road, Chennai","https://t.co/Jax7cEBSuN is the No.1, Tamil News website in the world. It offers various news like Political,General,Cinema, Sports,Temple news in Tamil language",325236,311,654,14,True,522604,False,False,False,14448642,1,bot
3073042992,副業で稼ぐ＠相互フォロー,happy_osu,,"大学生の時にネットで稼ぎはじめ，そのままOLとなりました！社会人になって時間がなくなりつつも変わらず稼いでいます。18歳以上の女性であればどなたでもできる安全で簡単な仕事ですので気になる方はDM下さい♪
https://t.co/5LGNMiIzhW",3755,4996,1,0,False,24831,False,True,False,3073042992,1,bot
278561826,عبدالرحمن البدر,albader900,Riyadh,ممثل وكاتب | https://t.co/CdXThrLQVH,99787,248,124,266,False,874,False,True,False,278561826,1,bot
61484151,Kingsley,kingsleyyy,,I played the role of Brandy in “The Boy Is Mine” in my upstairs hallway in 1999.,790829,320,4406,25209,True,298,False,False,False,61484151,0,human
553785251,العربية مصر,AlArabiya_EGY,Dubai,حساب #العربية الخاص بالأخبار في #مصر,1154173,37,1559,1,True,37704,False,False,False,553785251,1,bot
14897840,ABC 7 News - WJLA,ABC7News,"Washington, DC","Breaking news, weather, sports and information for the Washington, D.C. area from the ABC 7 Newsroom.",151634,901,2824,4685,True,279822,False,False,False,14897840,1,bot
943073006,صحيفة أوان الكويتية,awan_kuwait,الكويت,أوان دائماً معك حيث تكون وفي كل لحظة.,99661,67618,90,22,False,30789,False,False,False,943073006,1,bot
16667262,Jillian Michaels,JillianMichaels,"Los Angeles, CA",Leading fitness expert & world renowned life coach. Checkout my #JillianMichaelsApp for personalized workouts and meal plans,1749279,119,10702,6789,True,18357,False,False,False,16667262,0,human
135938060,Annie García Hdez,aninisis,Guadalajara,"Quiero saber todo lo que se pueda saber; me hago responsable de lo que digo, no de lo que entiendas. Casada con @mariocobos",1033,1814,31,2111,False,22692,False,False,False,135938060,0,human
168789642,marci nelson,1jedi2,"Lacey, WA","*Illusion of Democracy*
*Silence IS Complicity.*
*#25thAmendmentNOW!*
*They got money for Wars, but Can't Feed The Poor!- TuPac.*
*Coup d'état*",1557,4281,64,6601,False,95717,False,False,False,168789642,1,bot
766852874,Anne Nishadi,Annenishadi,USA,"Hi, I am Anne Nishadi",29294,7010,101,840,False,37567,False,False,False,766852874,1,bot
558572709,AS Monaco 🇲🇨,AS_Monaco,Monaco,Twitter officiel de l’AS Monaco ! 🇬🇧@as_monaco_en 🇧🇷@as_monaco_br 🇪🇸@as_monaco_es 🎮@ASMonacoEsports,2063542,346,2427,2365,True,53732,False,False,False,558572709,0,human
227296786,مجموعة الطيار للسفر,altayyaronline,Saudi Arabia,"الحساب الرسمي لمجموعة الطيار للسفر والسياحة المساهمة المدرجة في السوق السعودي. 

خدمة العملاء: 920012333",249730,56,418,87,True,35944,False,False,False,227296786,1,bot
147233107,おなかちゃん／kenken76,as_kenken76,神奈川県川崎市中原区,ハロヲタ兼鉄ヲタ。一応、現場系。Juice=JuiceやBitter&Sweetの現場に主に出現しますが、ずっと「team℃-ute」です。長文投稿が多く、時には連投することもあります。うるさい場合は適宜処理なさってください。表示名が変わった件については気にしないでください。,1122,646,39,7671,False,71620,False,True,False,147233107,0,human
399830372,Jose Rebolledo,1JOSE_JOSE_JOSE,Hey there!,|Eastern Kentucky University| |BBN| |ΠΚΑ|,862,503,4,24455,False,5990,False,False,False,399830372,0,human
22885574,Leo Jaime,LeoJaime,Rio de Janeiro,metamorfose ambulante from mars. https://t.co/jAeuneV9eG,935068,1185,3063,23884,True,81189,False,False,False,22885574,0,human
330432644,Mercedes Lambre 🎀,Mechilambre,Argentina,Actriz Argentina🇦🇷Mi frase favorita en el mundo: Todo lo puedo en Cristo que me fortalece 💘 💪🏻 Filipenses 4:13 Redes:  Manager: Jorge Galli,1073392,535,1603,7074,True,5523,False,False,False,330432644,0,human
338163791,江崎びす子@2/9原宿イベント,5623V,Tokyo Harajuku,「病みかわいい」の人です。イラストレーター・漫画家・デザイナー・モデル。(@ppg_5623V)(@5623V2)(@manapis_5623)(@usatan_mhc)(@yumekawaboys)(@B_S_K_E_Z_K )【ezakibisuko@gmail.com】☜ご連絡はコチラ,156108,4603,2203,29923,False,35313,False,False,False,338163791,0,human
115637932,Koolinvestor,atchutneelam,,Real Estate Investor : Entrepreneur :,47798,112656,1292,13922,False,117603,False,False,False,115637932,1,bot
81225298,Gui,Aguinaldinho,Minas Gerais,"meu animal de estimação se chama 'paz, amor, luz, vida nova' assim posso invocar coisas boas sempre que for chamar por ele. contatoaguinaldinho@live.com 📧",736785,285,1608,21387,False,88262,False,False,False,81225298,0,human
415745334,Definitely A Douche,DefinitelyaDbag,,All things that make someone...Definitely a Douchebag,86958,71070,176,77,False,84655,False,False,False,415745334,1,bot
2904024759,Buggy!,Bkeepitreal,WestBank!,MillyBrother,1512,1072,4,3733,False,21248,False,False,False,2904024759,0,human
113125130,Ali Saffari A.,AliSaffari26,Panama,,860,302,2,347,False,28574,False,False,False,113125130,0,human
18131961,Ken Jeong,kenjeong,,Instagram model.,821272,1730,7282,60604,True,39600,False,False,False,18131961,0,human
72047325,Lili Estefan,LiliEstefan,"Miami, Florida",TWITTER OFICIAL desde JUNIO del 2011 | TV Host for UNIVISION Network @ELGORDOYLAFLACA l Facebook Oficial: http://t.co/JFyNICsbIg,1040549,1105,2220,11826,True,15496,False,False,False,72047325,0,human
23536653,Orlando Alzugaray,BigOShow,"Miami, Florida","Starting March 1st @1210TheMan 3-6pm, Host @SiriusXM @MaddogRadio Ch. 82 Sat 3-7pm & Sun 3-7pm. Columnist @TheAthleticMIA. #Podcast search #BigORadioShow",104027,81261,523,29717,True,164130,False,False,False,23536653,1,bot
312960864,ふじーひろし,sokohaka_fuzy,山梨県八王子市,1969年京都生まれ。ライターを経て現職：瘋癲（ふうてん）。年に数回壊れますが基本的にはくだらないことしかつぶやきません。関連アカウント：勝手邦題bot→@katte_houdai,1427,1638,43,2643,False,132682,False,False,False,312960864,1,bot
90997089,Hector Contreras,contrerashector,,"sígueme en Instagram @contrerashector
Manager @chynomiranda

TV host. DJ. 
Mi gran amor la radio",87200,1226,229,3778,False,12397,False,False,False,90997089,0,human
144666448,Alejandro Gil,AleEnForma,Caracas,Co-Fundador de @EstandoEnForma. Conferencista. Egresado de la Facultad de Ciencias UCV. Advanced Fitness Trainer Specialist(IFBB). 📩ale@estandoenforma.net,88539,69,517,23,False,70107,False,False,False,144666448,1,bot
251724140,Litigation Edge,LitigationEdge,Singapore,"​Asia's Premier #LitSupport, Paper & #eDiscovery Consultants and Cloud-based #DocReview Provider. #DataProtection #AI #DataCollection",1265,885,147,374,False,9250,False,False,False,251724140,1,bot
124266832,Chilevision,chilevision,Santiago de Chile,Twitter oficial de Chilevisión #VamosContigoCHV 😉,1323493,2074,1779,2814,True,180339,False,False,False,124266832,1,bot
105970552,アシケンタ,art_d_ashiken,TOKYO,アートディレクター、グラフィックデザイナー。呼吸するように創ってます。ネコとジムとヒロアカが病的に好きです。ヒロアカ3期は神ターン。オールマイト好きすぎます。口癖は「ジム行こ」です。,1145,329,21,876,False,51563,False,False,False,105970552,0,human
4080133834,Adams,WritersUSA,"Dubai, United Arab Emirates",,819,92,1612,0,False,374878,False,True,False,4080133834,1,bot
2431613352,干物妹キョロ,reonnopiopi,,アカウント変えました→@UMRUMR123,654,968,18,72290,False,100502,False,True,False,2431613352,1,bot
2590473956,Magui,DanuInsua,,"https://t.co/sxmjNI7QEj 
https://t.co/F8S6ZPLCdL",1293,1219,5,5828,False,25176,False,False,False,2590473956,0,human
36204399,Destructoid,destructoid,"San Francisco, CA",video games. updates all day every day,309042,133,2451,414,True,95371,False,False,False,36204399,1,bot
343791862,Danny Sheridan,DannySheridan1,,Handicapper & Sports Analyst for USA TODAY,428415,723,549,15,False,16119,False,True,False,343791862,0,human
872978711116746752,سليمان الرشيدي,3bs_sa,"شاطئ نصف القمر, المملكة العربية السعودية",,225,383,0,0,False,1179,False,True,False,872978711116746752,1,bot
2385417602,さば@GR城ホ12/8.9余韻,3838mckrl,三重⇆名古屋 ときどき関西,うたプリに貢ぎ続けるロデオガール🐮🤘初ライブはBUMPのホームシップ衛星✩スタバ歴は10年以上☕️BROTHERS CONFLICT/夏目友人帳/進撃の巨人/マクロスF/イナイレ/CCさくら/文スト/RAD/Gero/SHiN,473,432,16,35517,False,48254,False,True,False,2385417602,1,bot
625458452,キノピオ,DSkinopio_bot,キノコキャニオン,いただきストリートＤＳに登場するキノピオのセリフを集めたbotです。３０分に１度ツイートします。作成者→@kino777777,1279,1674,17,0,False,83740,False,True,False,625458452,1,bot
506437283,‎علوشش #أههليجده.🇸🇦MBS,ali_alsbai,Jeddah ,..الله ثم المليك والوطنء 🖐🏻🇸🇦💚. لاتجادلني في عِشق الملككي أذهب وشجع من تشاء واتركني اهلاوي اليوم وغداً وإلآ الابد .. AHLI.Jeddah💚,13348,16827,31,6523,False,133138,False,False,False,506437283,0,human
177194756,Государственная Дума,dumagovru,"Россия, Москва",Официальные новости Государственной Думы Федерального Собрания Российской Федерации. For English tweets follow https://t.co/mcL09caVPr,931011,168,1630,155,True,15748,False,False,False,177194756,1,bot
628092930,Joven Poeta ღ,CitasDePoeta,Latinoamerica,"Créeme, lo pudimos ser todo incluso cuando no éramos nada. #FollowBack #mgwv #Siguemeytesigo",102646,39725,213,107562,False,15448,False,False,False,628092930,0,human
49337907,beerboy,ibeerboy,โลกใบนี้,ชื่อเบียร์นะ ไม่ใช่บอย กำลังพยายามหัดวาดรูป #ทาสแมว,207945,1056,116,98,False,180558,False,True,False,49337907,1,bot
2920864913,Chistes En Twits,ChistesEnTwits,Dominican Republic,"Chistes, Indirectas y Frases para que pases buen rato en Twitter. CONTACTO/PUBLICIDAD: johanpublicidad@yahoo.com",33270,1883,50,578,False,2902,False,False,False,2920864913,1,bot
155769461,Natalie Vertiz,natvertiz,"Lima, Peru",Fashion Is My Passion❤️✨ love can change the world 🌎 #SuckerforLiam,1049130,522,877,18129,False,13284,False,False,False,155769461,0,human
124405878,#ConElPezHastaElFinal,Dorados,"Culiacán, Sinaloa, México.",Cuenta Oficial del Club Social y Deportivo Dorados de Sinaloa que juega en el @AscensoMX,172757,196,450,13152,True,62725,False,False,False,124405878,1,bot
102200239,Helga PaClassi,CultClassiq,Baltimore-Washington Parkway,"Best friend's sister, grown woman and all. Host of #CultTV, an interactive talk show where culture connects. Tune in via IG live | TUES 9 PM 😹 =/= DM",1430,1421,40,26820,False,83296,False,False,False,102200239,0,human
388502138,Cristian Rodriguez,Cristian__Ro,Buenos Aires,"Mi tesoro mas lindo                                                    @LAA_R_🌎✈️.                                          Forex🔥DELTA. 
 Platinum 1000| IML",1221,578,17,50344,False,85674,False,False,False,388502138,0,human
71382295,Steph,Stephbutta,NYC,"I’m here to raise awareness & to talk my shit.

• IG: @stephbutta
• Awareness Blog IG: @_spooniewarrior_

#FUCKLUPUS
#LupusWarrior
💜🎗",952,942,17,1831,False,101693,False,False,False,71382295,1,bot
315895692,Allie Pugh,allie_pugh7,,😊❤️⭐️💃🏼🌴☀️🍦,1012,817,5,3109,False,49500,False,False,False,315895692,0,human
767184145,صحيفة أضواء الوطن,adwaalwatan,"الرياض, المملكة العربية السعود","‏‏صحيفة أضواء الوطن | صحيفة مرخصة من قبل وزارة الإعلام |  للتواصل مع رئيس التحرير ‎‎@basheersaad | للتواصل معنا 
info@adwaalwatan.com",139483,5,121,59,False,100651,False,False,False,767184145,1,bot
1329900518,novo: @RelatosFrases,FraseFilipeRet,,"Mudamos o user, as frases do Ret continua no twitter: @RelatosFrases",405,241,0,0,False,178,False,False,False,1329900518,0,human
737081035,Aj KLUI,AjKLUI,,อาจารย์ขลุ่ย ( Facecook Page : Aj KLUI ),191735,133,78,5752,False,25498,False,True,False,737081035,0,human
221394758,iFrasesCortaspe,ifrasescortas,"Lima, Peru","Estoy aquí para salvar y proteger al planeta de la destrucción, tengo el superpoder de la moral y el bien.",962391,134,2769,7898,False,15746,False,False,False,221394758,0,human
1490300052,Bernice Fischer,Bernice_Fischer,Cape Town / Kapstadt,"Author / Autorin of JEFF MADISON #fantasybooks and #audiobooks, Voice Arts® nominee 2015 & 2016, Poet of magic spells. #IFNRTG",56051,2134,1152,886,False,129023,False,False,False,1490300052,1,bot
225987587,Christina,bobeina,"Missoula, MT","I will steal your woman, sir🌈",1095,629,6,47786,False,69610,False,False,False,225987587,0,human
84219696,Larissa Riquelme,lari_riquelme,"Asunción, Paraguay","Modelo, Actriz, Tapas de las mejores Revistas del Mundo.🌎 📷 https://t.co/fRCJ8fBYV6 Contratos: liliberifru@hotmail.com 💍 @fabbrojony17  ❤️",899817,42,4655,117,True,18659,False,False,False,84219696,0,human
1081279532,Science Fan,ScienceFan4,Milky Way,,854,1301,126,22,False,91147,False,True,False,1081279532,1,bot
59985934,Italo #IR4M,italoomult,"Embu, São Paulo",Instagram - https://t.co/SP9FCO1R8K Facebook - https://t.co/US5OeeSYJG Publicidade: canalitalomatheus@hotmail.com,207868,44,0,45734,False,405220,False,False,False,59985934,1,bot
2895024571,ㅤ,DearBrokenMsgs,usa,,220693,209100,255,24,False,5191,False,True,False,2895024571,0,human
44310851,Rustem,Rustemka,,,1324,1889,0,0,False,5150,False,True,False,44310851,1,bot
2379160873,club ROSARIO,_clubROSARIO_,大阪市中央区東心斎橋2-4-6 さよかビル2F,ミナミで最も勢いのあるホストクラブグループ、GO Group 5号店！！ROSARIO ロザリオです！,745,825,5,1,False,9559,False,False,True,2379160873,1,bot
1209342523,The Originals,cworiginals,,Official account for #TheOriginals | Watch @cwlegacies  Thursday at 9/8c on The CW | Stream free only on The CW App!,1717111,59,2100,607,True,4465,False,False,False,1209342523,0,human
117202778,laura 🌻,Jai5SOS,5/4 ,"being a fangirl is so hard, my idols should pay me.👽 || lauragarciaj 👻 || ✨🌙",78610,89747,524,91774,False,136745,False,False,False,117202778,0,human
2729506932,Twinkle Khanna,mrsfunnybones,,A bona fide member of an ambiguous tribe of the new age Indian woman; heavily armed with the weapons of my choice : google and lame jokes.,5120701,82,953,1038,True,5458,False,True,False,2729506932,0,human
522220085,Indonesia Traveling,IDTraveling,Indonesia,"We Love Indonesian, info, traveling, social culture. #IDTraveling #IDTravelovers | Media Partner CP: 0812 9535 2255. / email: yukstraveling@gmail.com",92606,29,133,60,False,8594,False,False,False,522220085,0,human
2477327017,sr anitto 🐷,AnittaVerdades,Brasil,"Fã clube da cantora Anitta, informação e entretenimento!! Comentarista de BBB também!!!",3089,3907,19,10586,False,28848,False,False,False,2477327017,1,bot
1972216999,د. عبدالله النفيسي,DrAlnefisi,,الحساب الرسمي الوحيد د.عبدالله فهد النفيسي أستاذ العلوم السياسية University of Cambridge - Churchill College - UK- 1972 - Ph.D,2492897,0,4265,2,False,3113,False,True,False,1972216999,0,human
358233640,Matt Smith,13mattsmith,"St Petersburg, FL",wise words from an indecent man,847,1138,2,14636,False,36423,False,True,False,358233640,0,human
1160675580,البدر اللحاوي  1M,7b000,,أستغفر الله العلي العظيم وأتوب إليه..-Saudi Arabia.. #الجوف_طبرجل #الخاص_مهمل...,1179313,1180137,462,12,False,11590,False,True,False,1160675580,0,human
2161115061,Kierra Coffey,coffeycakes_23,,Im an asshole 017' 860.... ✈️ 386,905,1437,2,11921,False,9259,False,True,False,2161115061,0,human
57339160,CNBC Africa,cnbcafrica,Africa,"Find breaking news, multimedia, videos, reviews and opinions on African business, finance, private equity infrastructure and more. Watch CNBC Africa on DStv 410",198552,620,1721,518,True,78596,False,False,False,57339160,1,bot
15371662,MERALCO,meralco,Philippines,The OFFICIAL Twitter Account of the Manila Electric Company. Call Center: 16211 SMS Messaging: 0920-9716211(SMART)/0917-5516211(GLOBE)/0925-7716211 (SUN),2155295,23915,1513,1290,False,166374,False,False,False,15371662,1,bot
3313360990,Dawn French,Dawn_French,UK,"Official Twotting account for actress, author , nosey parker, mumpsimus, thalassophile and giddy eejit, Dawny McFrenchface.",321150,1077,638,19332,True,4272,False,True,False,3313360990,0,human
105783456,たっぷ,tapsansan,神奈川・池袋,水曜どうでしょう、CUE、ナックスさん達が好きな神奈川県民です。ゴリパラも最近好きです。お気軽にフォローミーヾ(´ω｀＝´ω｀)ノ,920,716,73,909,False,80840,False,False,False,105783456,1,bot
39927901,Nadeem Malik,nadeemmalik,ISLAMABAD,#NadeemMalikLive -:- (Mon to Thur 8pm 🇵🇰) Only ID on Facebook & Twitter @nadeemmalik (Managed by Team) - Watch Live: https://t.co/5AFyN8DpmD,2303744,498,1219,1,True,2397,False,False,False,39927901,0,human
1607223709,Indo_nesia3,Indo_nesia3,NOT FOUND,cc @akbarriyan,786,10,87,0,False,31453,False,True,False,1607223709,1,bot
107930490,Beautylish,beautylish,,We love makeup & beauty fiercely!,890996,173953,3621,6068,True,30099,False,False,False,107930490,0,human
2465436362,شامل نيوز 🇰🇼,liferdefempire,للتواصل  90948204,خدمة إخبارية شاملة - مرخصة من وزارة الإعلام,2063778,2141379,2063,634,True,62043,False,False,False,2465436362,1,bot
238291167,laura,boesings,tm/rs,⚢,1674,1122,5,25035,False,39956,False,False,False,238291167,0,human
80921539,oropeza jenny,jennyoro1,,“Periodismo es publicar lo que alguien no quiere que publiques. Todo lo demás son relaciones públicas.” George Orwell,145058,1414,1141,1388,False,51926,False,False,False,80921539,1,bot
3384167860,Rotsy Márquez,MarquezRotsy,,"18. Enamorada de las letras de @pulmonarios 💜 De ella, los animales y la naturaleza. Ni política ni religión. Del @DvoTachira Quiérete, ámate, gústate 23💜",1696,1225,29,15913,False,19695,False,False,False,3384167860,1,bot
46318078,Billy Horschel,BillyHo_Golf,Ponte Vedra Beach,"PGA Tour Player, UF Grad, Boston Sports Fan. Father to Skylar Lillian and Colbie Rae! Travel the world and play golf. Wouldn't change a thing! love my life!!",169519,260,1119,6192,True,16997,False,False,False,46318078,0,human
129082472,ジェネシック☆医薬品,asagiriasagi,パラ宿,プリパラはいいぞ。 規制垢→@asagichanprpr,1013,2462,60,60378,False,288782,False,False,False,129082472,1,bot
826754628,شبكة عقارات المملكة,aqrksa,,"حمل تطبيقنا المناسب لهاتفك أو أفتح موقعنا الالكتروني وسوق عقاراتك على الجمهور مباشرة بكل سهولة لأعلان والاستفسار التواصل
0502713451",118887,1256,166,341,False,25222,False,False,False,826754628,1,bot
822815182393065476,Hel,biebercellbit,,Desire 💙 Repetel 💙 Langer,4,2,0,6,False,3,False,True,False,822815182393065476,0,human
1130996444,حلم,7lm_Follow_Back,,,105569,82293,258,7,False,69997,False,True,False,1130996444,1,bot
1294912754,カンフー猫,kanfuneko,埼玉,声優さん業界推しです(≧▽≦)黒ネコ同盟、S.C.NANANET、m-smile、に入ってます。ゆいかおり、キタエリ、MISHAORU、PeaceLoveも好きですヾ(≧∇≦)特撮も大好きです。中国武術も大好きです♪カイロプラクターでもあります(≧∇≦)b気軽にフォローしてください(^^)/,1126,2313,38,13176,False,51784,False,True,False,1294912754,1,bot
375481345,Inspirational Quotes,InspowerMinds,,"Think Big, Dream Big, Believe Big and the Results Will Be Big. Sign Up for Mindset Early Access👇",1335442,15,5370,32,False,88322,False,False,False,375481345,1,bot
58432995,Lady (Michelle) Mone,MichelleMone,London,"The Baroness Mone of Mayfair OBE. Award Winning Entrepreneur, Global Speaker, Designer, Mentor, Government Biz Tsar 2015,No1 Autobiography ""My Fight To The Top""",397999,743,1055,226,True,22652,False,False,False,58432995,0,human
1606033945,柿 ピ ッ ピ  ⌒ ☆,chibireeei00,今年も君に会いに行こう,"(旧名)チビれーちゃんまん♡低浮上🙅22歳♡大阪♡柿ピー🙆ベルが大好き(ハロ夢人明弥正人)next 8/4,
5 ベル無料ワンマン×インスト♡V系♡色々きくけどベル1番♡妄想族副総長♡おもちモチモチ",850,1142,0,40743,False,93304,False,False,False,1606033945,1,bot
496584998,Callum Swan,CallumSwanny,,Professional thumb twiddler.,88281,589,151,0,True,4285,False,False,False,496584998,0,human
250191109,THEREALDAIISICKEEYY✨,Daiisickeeyy,"New Orleans, LA",minding my business & keeping my distance🖤,1166,1604,0,2070,False,20780,False,False,False,250191109,0,human
24693705,NERVO,nervomusic,,,1075927,39,2172,4271,False,8954,False,False,False,24693705,1,bot
1038380123710545920,زيادة متابعين,abo_rayan18,,,65,23,0,0,False,7,False,True,False,1038380123710545920,0,human
251686253,Anika Noni Rose,AnikaNoniRose,#TakingAKnee,Stacked like a can of Pringles. IG: AnikaAroundTheWorld. Not for the faint of Art. #CarmenJones #AssassinationNation #TheQuadBet #EverythingEverything #Power,121682,2305,792,14812,True,54192,False,False,False,251686253,0,human
299945621,Boy4ME.com,Boy4ME,México,"¡7 años siendo tu Revista Gay Online! - Información, Entretenimiento y Más. Todo lo que nos interesa saber del ambiente.",107447,99090,537,2839,False,161463,False,False,False,299945621,1,bot
242618658,AppSame,AppSame,"CA, TX ",A Conservative Political Marketing Firm helping to bring America back to its greatness https://t.co/cAiiMFlAQd,354410,208859,1381,212752,False,323597,False,False,False,242618658,1,bot
4082696954,xXGirlsTalkBoysXx,Banana_Kawaii13,☪Valle De Godric ☪,"❀No todas las personas somos felices como los demás❀

|Nací Con El Don De Guardarme Todo Lo Que Siento Y Matarme  Lentamente Con Mis Sentimientos|",806,3183,0,751,False,988,False,False,False,4082696954,0,human
17838453,Promotions-Marketing,abdo4,"Toronto, Ontario","My YouTube Channel
https://t.co/UNZHY9xcvm

Social Media & Video Promotions https://t.co/31yVUOcsFy",39817,29167,44,2887,False,10056,False,False,False,17838453,1,bot
592981251,أ. د. أحمد الباتلي,DrAhmadAlbatli,السعودية - الرياض,أستاذ السنة وعلومها بكلية أصول الدين - جامعة الإمام، صفحة الفيسبوك https://t.co/wSB4nGtZM4,136464,73,386,47,True,63229,False,True,False,592981251,1,bot
538949379,1TVNewsAF,1TVNewsAF,AFGHANISTAN,"1TV is a leading news and entertainment television station in Afghanistan. 1TV prides itself on rapid, objective, and factual reporting.",309255,52,339,142,True,80146,False,False,False,538949379,1,bot
178045174,Laura Ubfal,laubfal,,,970786,1940,1427,460,False,115423,False,False,False,178045174,1,bot
1196559378,Born to Workout,BornToWorkout,"New Castle, Delaware",Hi. My name is James Gold. I'm a Fitness trainer @ Born to Workout. My goal is to inspire and motivate you to live a better life.,0,0,0,55429,False,55520,False,True,False,1196559378,1,bot
178118507,αℓαнм∂ι  (؏),Abdullatif_9,الأهلي & برشلونة,سبحان الله وبحمده سبحان الله العظيم,95530,17803,37,21,False,67469,False,False,False,178118507,1,bot
544655767,Azza El-Garf,AzzaElGarf,,‏‏‏الحساب الرسمي للنائبة عزة الجرف عضو برلمان الثورة حزب الحرية والعدالة وعضو الجمعية التأسيسية لصياغة دستور الثورة - 2012- كاتبة صحفية - النصر صبر ساعة,247509,173,413,23165,True,15952,False,False,False,544655767,0,human
815647194,Fakhrul Rozi,10Rozzi_,Banda Aceh,"JANGAN PERNAH TANYAKAN SAYA SEJAK KAPAN SAYA MENCINTAI AC MILAN, TAPI TANYAKAN SAYA SAMPAI KAPAN KESETIAAN SAYA UNTUK MILAN..!!!!!! Milan per sempre nel coure:)",1112,679,5,113,False,31543,False,False,False,815647194,0,human
123580195,Lulu Santos,LuluSantos,"Rio de Janeiro, Brasil","Equinócio e Solstício , Leste, Oeste, Norte ou Sul , eu me chamo Luiz Mauricio, mais conhecido como Lulu ⚜️🔱",1531439,609,484,7637,True,13235,False,False,False,123580195,0,human
213240534,知ってたようで知らなかったこと,kanntigai_1,,100%フォロー返します。,834,1624,17,0,False,142379,False,True,True,213240534,1,bot
1293031512,خــــجـــل العتيبي¹ᴹ,__5jll__,الحجاز ,وقد تظن أنكَ مهزوم ، ثُم يأتيك لُطفُ الله ⠀⠀⠀⠀⠀⠀⠀⠀⠀⠀⠀ ⠀⠀⠀⠀⠀⠀⠀⠀⠀⠀⠀⠀ ⠀⠀⠀⠀⠀⠀⠀⠀⠀⠀⠀⠀⠀⠀ ⠀⠀⠀⠀⠀⠀⠀⠀⠀⠀⠀⠀⠀ ⠀⠀⠀⠀⠀⠀⠀⠀⠀⠀⠀⠀⠀ ⠀⠀⠀⠀⠀⠀⠀⠀⠀⠀⠀⠀⠀⠀⠀⠀⠀⠀⠀⠀⠀⠀⠀⠀⠀⠀⠀⠀⠀,924037,747236,895,813,False,25818,False,True,False,1293031512,0,human
918372090,Hermaine M,HermaineM,South Africa,"#DEKADE EP OUT now on iTunes & other digital stores : https://t.co/wp5jlnQbYC


Bookings : bookings@agcrafts.co.za | PR : pr@agcrafts.co.za",362642,18994,546,8842,False,29763,False,True,False,918372090,0,human
73954053,chocquibtown,chocquibtown,"Chocó, Colombia","🔰Chocó, Colombia - South A ✌🏾️Agrupación nominada y ganadora de Grammy Lat 🖊Booking roadmanagerCQT@laindustriainc com 📱+57 317 3677658",1095072,753,1707,17986,True,17001,False,False,False,73954053,0,human
22610091,Би-2,b2band,"Russia, Moscow","«Горизонт событий»: 
iTunes: https://t.co/ezkItcolCh
Google Play: https://t.co/tMlMb5vJIM",1212688,5089,648,446,True,6175,False,False,False,22610091,0,human
579380239,معلومات وخواطر,Information__1,,ففي أي شيءٍ تذهبُ النفسُ حسرة ً⚜️ وَقَدْ قَسَمَ الرَّحْمَنُ رِزْقَ الْخَلاَئِقِ,62876,69434,246,4,False,96296,False,True,False,579380239,1,bot
226040501,JA$ON DOLLA$™️ FOLLOW,JASONDOLLAS,DENVER ✈ MIA. ATL. L.A. NYC.,https://t.co/PbFPLxsGw6,92534,7707,101,2870,False,5003,False,False,False,226040501,0,human
1596661453,Cash,CashNastyGaming,The Trap,Do not take life so seriously. You won't get out of it alive. #2Hype https://t.co/P1jHTiDCnM For business inquiries: cashandashbusiness@gmail.com,934796,1471,505,9552,True,59108,False,False,False,1596661453,0,human
32626186,Cheryl Abla🦋,cherylabla,Colorado,Wife | Mom | Life-Long Learner | Consultant | Passionate about helping Educators | Instructional Technology | #McRELchat co-moderator | Co-Author of #Tools4CITW,4223,3956,201,15420,False,10384,False,False,False,32626186,0,human
88950376,Alberto RUY-SÁNCHEZ,AlbertoRuy,En placentero desplazamiento,Novelista y poeta: trato de escribir ritualmente mis asombros. Ensayista y editor: trato también de sumar al placer de contemplar el placer de comprender.,107129,1167,1276,66986,True,43832,False,False,False,88950376,0,human
1405381086,best coupons,bestcoupons_pro,ALL WORLD,"купоны, купоны бесплатно, скидки, акции, выгодно =)",779,490,6,0,False,289981,False,True,False,1405381086,1,bot
2740307758,topicsnews,topicsnews,baltimore ,📸🔌,19,131,1,106,False,8,False,True,False,2740307758,1,bot
1342207069,*********,btaaal444,,ا,96661,101216,81,2328,False,60305,False,True,False,1342207069,1,bot
31090827,20minutos.es,20m,Spain,"Cuenta oficial de 20minutos, el medio social y ciudadano. Información, análisis y contacto personal con los lectores las 24 horas del día http://t.co/W3CI8vms",1354991,51117,14092,2718,True,270994,False,False,False,31090827,1,bot
52544027,JÚNIOR COLET,JCOLET,"Marau, Brasil",#Gremio #BorussiaDortmund #Followback,105580,114831,39,3119,False,54834,False,False,False,52544027,1,bot
1036461709,Faturrahman Vikri,CeritaHitam,Indonesia,#nothingspecial,873,744,53,11,False,451194,False,False,False,1036461709,1,bot
33705457,Insta: FelipeSolari,felipesolari,"São Paulo, Brasil",Comunicador - Esporte e Entretenimento || Aquele que era da Mtv || TV Host and FilmMaker,912073,1357,4325,3578,True,32292,False,False,False,33705457,0,human
28706024,P!nk,Pink,los angeles,it's all happening,31939855,456,64527,532,True,7155,False,False,False,28706024,0,human
166026159,Flavio Mendoza,flaviomendoza,,"Bailarín, coreógrafo y director artístico argentino. Seguime tambien en @siddhartateatro y https://t.co/ixfrlBLLE2",1011749,542,1139,1484,True,43099,False,False,False,166026159,0,human
52558480,El Malpensante,malpensante,"Bogotá, Colombia","Revista literaria colombiana. Hablamos bien, pensamos mal.  #lecturasparadojicas 🌶️",1147655,1474,3867,3124,True,23755,False,False,False,52558480,1,bot
44908912,Cinemax,Cinemax,,Follow @Cinemax for thrilling movies and exciting original series. #StrikeBack returns January 25 at 10PM.,102342,1285,846,2000,True,18604,False,False,False,44908912,1,bot
46982118,Caterina 💚,caterinack,"Buenos Aires, Arg.",Chilenaitalovenezolanargentina. Pearl Jam/música. Federer/tenis. Politics. Boludeces varias,1718,1695,30,46162,False,84855,False,False,False,46982118,0,human
373024213,Vik,iBlali,"Köln, Deutschland","Twitch: https://t.co/8JtwBPnHdi, Youtube: https://t.co/nK8gxOf3CY, E-Mail: aliproductions@hotmail.de",1467540,300,514,9864,True,15057,False,False,False,373024213,0,human
26239116,Iceland Foods ❄️,IcelandFoods,In a UK town near you,"Hello! Welcome to the Iceland Foods Twitter Page, follow us for our latest offers, products, competitions, customer care & more. Discover the #PowerofFrozen",164278,2432,498,22309,True,80003,False,False,False,26239116,1,bot
1499232864,‏﮼عبدالله🇸🇦,2014Abdallh,لكل شي نهاية سنرحل يوماً ما,ليتني أملك السعاده...كى أضعها في تلك القلوب التي أراها تتألم”,123128,122775,74,6005,False,211676,False,True,False,1499232864,1,bot
731587116,ANGEL,AngelCantu20,"Kingsville, TX. ",NO MORE ORDINARY LIFESTYLE #FULLSEND,1254,926,6,9649,False,27207,False,True,False,731587116,0,human
921426764,Victoria,inthefrow,London,"Fashion, beauty, travel blogger, author of #TheNewFashionRules, Glamour columnist with a PhD https://t.co/tHTjX2mKqG https://t.co/HSoE80zSdt",206564,539,640,64675,True,26869,False,False,False,921426764,1,bot
1033984048056729600,BFM Business,bfmbusiness,,Compte officiel de BFM Business. Canaux TV et fréquences radio sont ici : https://t.co/NmCOdzphe1,9365,56,74,25,True,1365,False,True,False,1033984048056729600,1,bot
66926876,Greeneration.org,greenerationid,INDONESIA,#ResponsibleJanuary | Greeneration Foundation| a sustainable organization that help the world to achieve green attitude & green environment | +62-22-2046-3529 |,197479,1511,252,263,False,34129,False,False,False,66926876,0,human
567373425,مطبخ حواء,hawacook,السعودية,اكسبي قلب زوجك واتقني الطبخ ويمكنك ذلك بشراء كتاب #مطبخ #حواء افضل واسهل #كتب الطبخ بشهادة الكثيرات تجدينه في مكتبة #جرير #اطباق #طبخات #حلويات #كيك #س #ا #ب #ت,103351,10,178,564,False,69055,False,False,False,567373425,1,bot
45406850,Jimmy Wong,jfwong,LA,"Actor, Host, & Filmmaker; Ling in Mulan, Ted from @VGHS; Din in Wish Dragon; Chef @FeastOfFiction; Magic Podcast @commandcast Jimmy Wong",138533,1942,719,49544,True,63033,False,False,False,45406850,1,bot
203145074,Claro El Salvador,claroelsalvador,,La compañía de telefonía celular más grande de El Salvador. Nuestros horarios de servicio al cliente son: Lunes a domingo son de: 8:00 a.m. a 10:00 p.m.,117564,43968,157,414,True,136194,False,False,False,203145074,1,bot
1944025602,Maria De Filippy,defilippi_m,Generalmente su un gradino,Per la maggior parte del tempo traduco i tuoi pensieri in italiano e siedo sul mio @scalinodimaria di #UominieDonne. È naturalmente un fake; o forse no?,222065,16,132,10538,False,31553,False,True,False,1944025602,0,human
2172327199,15.2cm単装砲（たんそーちゃん）,6in_gun_single,ブイン基地,艦これの15.2cm単装砲の非公式なりきり？アカウントです。「提督、こんな私でも使っていただけますか？」 アイコンは寺田しれー @mell_pp 、ヘッダは喜栄座しれー @kieyza にいただきました！,1269,1204,55,84403,False,201164,False,False,False,2172327199,1,bot
2490828194,CHiCO オフィシャル,CHiCOxxx_tweet,ゲームとアニメとマンガと美味しいものが好き,CHiCO with HoneyWorks=ボーカルCHiCOとクリエイターチームHoneyWorksのコラボユニット★3月16・17日初のアリーナワンマン2days決定！★10枚目の両A面コラボシングル「ミスター・ダーリン／ギミギミコール」発売中★ニコラジパーク火曜日はユゲチコ！,198804,257,1347,4802,False,14891,False,False,False,2490828194,0,human
378743736,بدر العتيبي,Al_otaibiq8,"Cannes, France",🇬🇧 باحث ماجستير .⚖/Snap/ baderal_otaibi,80970,11675,32,79,False,17169,False,True,False,378743736,0,human
701815436,Prasetyo New Real,SETYO_OFFICIAL,Kota Pekalongan,Real account Prasetyo New Real,589,39,15,330,False,282640,False,False,False,701815436,1,bot
2557928030,أديـب.,__489_,,"""عندما تهبّ العاصفـة على حقل صبّـار، من يتألم أولاً؟""",580960,465,1201,4774,False,10640,False,True,False,2557928030,0,human
1029820639,Ca,Caamiiluchis,,19. // Boca Juniors❣,892,614,1,8401,False,70840,False,False,False,1029820639,0,human
1574012922,Alex,incorrectIy,,,59121,18761,141,5256,False,7950,False,False,False,1574012922,0,human
222860091,Alicia Poliana,aliciapoliana,"Lajeado, Brasil","https://t.co/Gfepi6w2Hh 


 


























Sport Club Internacional 🇵🇪",1129,707,2,3506,False,59912,False,False,False,222860091,0,human
105554581,おおいしやすし,skinnyape,東中野＞新座＞名古屋＞船橋＞府中＞名古屋市千種区,だから建築は一度やったらやめられない。,968,274,48,28577,False,45893,False,False,False,105554581,0,human
387435166,DJ,Blackmon_20,"Las Vegas, NV",B.S in Civil Engineering 🏗 | Travel Fanatic ✈️ | Fitness 🏋🏾‍♂️| Goal Achiever 📈| IG: the_body_engineer94 📸,1170,568,11,10569,False,26576,False,True,False,387435166,0,human
71783170,MarocTopNews,MarocTopNews,Royaume du Maroc,Maroc,1701884,18377,987,3877,False,6673,False,False,False,71783170,0,human
3289240398,みりん☁︎,aqua9donkur,姫路,音ゲー引退気味の音ゲーマー。色んなゲームやってます(最近やれてない) 歌い手とかyoutubeも好きです。永遠のくも推し☁︎  ライバルズ→キスケGAME所属,994,505,5,2687,False,14425,False,True,False,3289240398,0,human
821215184660393986,Steve Miller,indignadosvene2,,I'm into travel and photography...sometimes both at the same time.,52,17,1,17,False,14,False,True,False,821215184660393986,1,bot
1592747288,Nikita S. Kothari,nikitaskothari,Mumbai,"Homeopath,Simple gal,Luv SRK,VIRATKOHLI & SAINA a lot :-)
Inspirated by VIRAT & SAINA immensely.. :-D
#SainaSquad Member.
Admin of @viratliciousFC #ViratKiToli",1497,460,27,6938,False,29906,False,False,False,1592747288,0,human
90635543,christine Boutinن,christineboutin,"Paris, France","Ancien Ministre, President d'honneur du PCD (Parti Chrétien Democrate) contre fusion 78/92. Je bloque les insultes. Soutien #GiletsJaunes",93752,2069,1425,6925,True,47535,False,False,False,90635543,0,human
1608220916,دلع🍹ℳ.1,_5l5_,,"‏‏‏‏‏‏‏‏‏‏‏‏‏‏‏‏‏‏‏‏‏‏‏‏‏‏‏‏‏‏‏‏‏‏‏‏‏سأكون النبضه المبعثره لحواسك بفوضويه لذيذه♡


















@Ojf__‎❤",1429881,1250468,1529,8,False,4048,False,True,False,1608220916,0,human
148326667,松尾大生,Hitorimatsuo,札幌市  円山裏山道,1964年 札幌 生まれ 54歳　アートプロデューサー　マネジメントコンサルタント　札幌市民芸術祭大賞受賞 　大学教師等を歴任 　新聞雑誌等に執筆　芸術系現場主義！札幌ドラッカー研究会、札幌アンチエイジング倶楽部、主幹　ライティング、ミュージックを愛し演じる　18０センチ。69キロ。アル中,92284,104675,1201,593,False,222094,False,False,False,148326667,1,bot
460279825,J,Jirkko,,Snap : Jirkko,77712,10739,72,7299,False,27014,False,False,False,460279825,0,human
2203975074,Karen Cunningham,CakeCunningham,Troy NY,I'm 35 & I have 3 Kidz. I have an Associates in Criminal Justice & an Associates in Business Administration: Currently Attending Bryant & Stratton College.,987,908,68,85837,False,37843,False,False,False,2203975074,0,human
47070156,borsagundem,borsagundem,Turkiye,"Türkiye’nin en çok takip edilen borsa haber sitesi. Anlık borsa verileri, canlı hisse takibi, kulis haberleri ve borsa gündemine dair her şey.",105051,16,451,17,False,234561,False,False,False,47070156,1,bot
321000402,الأهلي أولاً,ALAHLI_SC,"Jeddah, Kingdom of Saudi Arabia",#الملكي #قلعة_الكؤوس #سفير_الوطن #الاسود,136918,1474,292,1258,False,105334,False,False,False,321000402,1,bot
96738962,ArabNet عرب نت,ArabNetME,Middle East & North Africa,The hub for digital professionals & entrepreneurs to connect & learn | ملتقى محترفي القطاع الرقمي وروّاد الأعمال,167574,2815,1057,5357,True,22142,False,False,False,96738962,0,human
6017542,Breaking News,BreakingNews,"NYC, LA, London",,9286073,549,89023,6,True,102220,False,False,False,6017542,1,bot
1651619426,brenda💫,BrenUnrein,"Santa Fe, Argentina",hagas lo que hagas quitate las bragas | nací perra porque gatas ya había muchas,1060,554,7,17609,False,36086,False,False,False,1651619426,0,human
180848288,キュー子（ろbot）@1/25崩壊天使アストレイア発売ですし,DigitalCuko,DigitalCute,えろいゲームを作ってるDigitalCuteのマスコット。絶対にアンドロイドなのですし。お知らせの他はろbot状態でお話ししますです。※皆さんのお話を学習します。・ニュースだけ@DigitalCuteNews・わたしのことhttp://t.co/sGqwtoQg・ろぐhttp://t.co/4GxxVsL3,83471,83902,3326,34319,False,1058850,False,False,False,180848288,1,bot
415781653,dietaquemagrasa,dietaquemagrasa,,"Aprende a Eliminar Grasa Comiendo los Alimentos Adecuados.
Por ser mi seguidor te regalo este Ebook
http://t.co/3ad12ImC",95212,14708,276,30,False,69154,False,False,False,415781653,1,bot
21037096,CTV Calgary,CTVCalgary,"Calgary, Alberta, Canada","Calgary’s best source for local, breaking news & weather + headlines from across Canada & around the world. Send your news tips to Calgarynews@bellmedia.ca",164333,536,1494,871,True,128133,False,False,False,21037096,1,bot
17889250,Andrew Giambarba,andymiami,"Miami, FL","Passionate about helping businesses manage risk. Fan of great food, Specialty Coffee, innovative & inspirational people in the 305 and beyond.",1186,2317,51,6092,False,7453,False,False,False,17889250,0,human
2449235599,ひしょーたん,0ts__,ミシシッピ川の端の方,,27559,33,2,2873,False,13037,False,True,False,2449235599,1,bot
391639417,ClimaCordoba,ClimaCordoba,"Córdoba, Argentina","Datos del tiempo de la Ciudad de Córdoba, Argentina. Datos proporcionados por Foreca.",108000,85825,176,259,False,99925,False,False,False,391639417,1,bot
34895713,IIHF,IIHFHockey,"Zurich, Switzerland",Welcome to the official Twitter account of the International Ice Hockey Federation. For live scores from our events also follow @IIHFScores.,146591,384,1691,683,True,21830,False,False,False,34895713,1,bot
481594107,LauraLV,Artemisa0209,La Molina,"Contador público, demócrata por decisión, anti caviar, anti izquierda, anti webera y sus defensores, mamá a tiempo completo.",3087,1043,13,103151,False,88770,False,True,False,481594107,0,human
3273557347,じわるオイル。@マスペ,5atzj5v2n9fBcHW,さよなら片思い。おかえり愛してくれる人。,趣味で絵を描いてる者です。ワラサー団るぅと班 UFOと炎上します。ｱｲｺﾝ/ﾍｯﾀﾞｰ【@UFO12041204】安定の相棒【@A__ma_te_ra_su】アマテラス専用絵師やってます。人生9割はネタで生きてます。,484,72,3,3184,False,7771,False,True,False,3273557347,0,human
2209583375,TS,TheKid_TS2,Dorm Room,"Never changed up, I just leveled up | Seton Hall University '21 | #HallIn | IG: @thekid_ts2 | Sports Account: @TStokesII_SHU",1370,1113,9,16993,False,81690,False,False,False,2209583375,1,bot
36958020,Kitti  Singhapat,Kitti3Miti,"ÜT: 13.749229,100.553326","Reporter,I host 3mitinews on TV3, 22:45-23:15,.LFC.
Instagram@kitti3miti. RTs are not automatically approvals.",1655466,815,2539,570,False,37757,False,True,False,36958020,1,bot
181376957,Abo Zainab,Abozainab939,khorfakan,مظلوميتنا عبر الأزمان فاقت كل كلام…عزاؤنا دائم حتى ظهور القائم/ #موسى_شهيد #غُـرَبـاء_التُــرَاب #لبيگ_مـٓا_بقينـا /هكذا هي حياتنا:سفر فغربة ثم تربه/Visca Barça,24031,464,15,7396,False,46712,False,False,False,181376957,0,human
1901949198,Albur,albur1948,,"DOMINICANO, médico, escogidista , libre pensador. (RT no implica aprobaciòn)",2469,339,18,1712,False,192902,False,False,False,1901949198,1,bot
523495375,ككِبريآٳء,_2485586347482,"جدة, المملكة العربية السعودية",‏- ﻟا تقارني بِ أححَد فأنَا لم أخلَق حتى اككون نسخَه من شَخص💭🎵,935,554,1,41,False,3567,False,True,False,523495375,0,human
139954867,AKHTYSSD,AKHTYSSD,考え方による,手広くやりたい。,953,1683,24,16,False,44528,False,True,False,139954867,1,bot
3949481069,brynn,animperialmarch,,stupid bitch hours are 24/7,2253,95,157,109644,False,25241,False,True,False,3949481069,0,human
200077738,エアリス（Manual Blacｋ ）,aerith_bot_,ミッドガル５番街スラム,アイシクルロッジ出身ミッドガル5番街スラムに住む花売り古代種、スラム花売りだからお店なくてもへっちゃら だよ、FF7エアリス非公式botだよ。手動な時あっても、いい、よね？？@FF_Reno_bot とFF以外のネタもコントしてる、かなｗ  ついったーってむずかしいねｗ,921,754,52,57,False,606838,False,False,False,200077738,1,bot
2727609826,Christine Conley,cconley723,"buffalo,N.Y.",have been a huge Glambert fan of Adam lambert ever since 2009/10!!! and many years to come in the near future!!! I have all of his albums!!! and TOH!!! 47 yr,1615,3957,15,65176,False,10272,False,True,False,2727609826,0,human
111275676,Carlos Latre,Carlos_Latre,,El hombre de las mil caras,940082,987,2928,10409,True,34428,False,False,False,111275676,0,human
900045860,Amarna Miller,AmarnaMiller,"Los Angeles, CA, USA",World Traveler • Activist • Art graduate • Currently living in a van while I travel the US 🇺🇸🇪🇸 amarna@amarnamiller.com https://t.co/Mfz4dU5USE,205494,4915,1387,85367,True,60342,False,False,False,900045860,0,human
927340061997314049,الديربي,alderbecom,,,455,0,0,0,False,2,False,True,False,927340061997314049,0,human
34507480,Ariana Grande,ArianaGrande,ǝʌɐ uooɯʎǝuoɥ,"thank u, next",60310698,62225,62694,38421,True,43576,False,False,False,34507480,0,human
422028358,Amanda Hilby,AmandaHilby,Wisconsin,smile!!!!!!!! ✝,878,351,1,6384,False,3665,False,False,False,422028358,0,human
4477044201,blackbullpromote4.7k🤙🤙🔥,blackbullrt,"South Carolina, USA",Im a promoter and fetish model for anyone who need the help proflie and cover pic @bossyassdelilah @diamonddivine0 #WIP my group rt group dm to join,5043,4077,230,56234,False,204793,False,False,False,4477044201,1,bot
2258714606,Pz Blue,Bluex,ATL,From the Wilderness,2182,316,18,11598,False,31157,False,False,False,2258714606,0,human
37494271,Buenos Aires Ciudad,gcba,"Buenos Aires, Argentina",Twitter oficial del Gobierno de la Ciudad Autónoma de Buenos Aires,1858994,114,2490,1,True,16199,False,False,False,37494271,0,human
55420922,د. نجيب  الرفاعي,DRALREFAE,الكويت,"مدرب و مؤلف في البرمجة العصبية اللغويه   من عام ١٩٩٤
شعاري :  نتعلم .  نتغير .  نتقدم
nlpskill@gmail.comتواصل معي عبر البريد",139512,9,507,5606,False,44985,False,False,False,55420922,0,human
2569615681,cam.,acamilamr,"Puerto Ordáz, Bolívar",18a.| Rdam24,938,747,8,1722,False,17957,False,False,False,2569615681,0,human
717268808,زهايمر🇰🇼,Boo77aa,دولة الكويت,‏شخصيه متزمهره نسيان طبع يؤدي للراحه النفسيه بس خلاص #لا انصح النفسيات بمتابعتي,81403,290,44,64,False,36999,False,False,False,717268808,0,human
336157900,vanessa Rivas,vanessaMorillo1,venezuela,,1326,1924,0,11,False,4765,False,True,False,336157900,1,bot
456605888,.❁❁   البيـــان  ❁❁.,Al_byaan,,حساب يستحق المتابعه إذاعة النهج الواضح | @AnnahjRadio,93551,19770,74,752,False,17965,False,True,False,456605888,0,human
534026385,anna sofia,annadgaf_,stark's tower at night,"fitzwilliam darcy hath bewitched my body and soul, and i love... love... love him.",953,498,13,26818,False,66680,False,False,False,534026385,0,human
2311267801,Rahmat Hidayanto,tamhaRHidayanto,,Hanya manusia biasa http://t.co/JKyj0HJApx,2009,1234,41,0,False,422652,False,True,False,2311267801,1,bot
100629223,ANGUS O'LOUGHLIN,Angus_OL,,// RADIO GUY // MGMT: marina@marinapaul.com,77324,1010,269,29522,True,38730,False,False,False,100629223,0,human
1002309236,Daniela OFFICIALMGWV,danimar2311,Italy -San Marino,"@DjKingAssassin 
#TM1DN #AMS #MUZZIKZONE #TEAMMZBNIKKI #MEL_LILY
My Dear Friends @misnikki72 @aleskavio @LavorattoT",113745,96703,410,141,False,254028,False,False,False,1002309236,1,bot
11178902,The New York Review of Books,nybooks,New York,‘The premier literary-intellectual magazine in the English language.’,2278335,642,15841,5962,True,12577,False,False,False,11178902,0,human
1491180668,Cami,CamiBee__,"Houston, TX",,1333,769,12,23585,False,42708,False,False,False,1491180668,0,human
257467708,Sivuyile Black Excellence Mtshabe,tilostyln,Mthatha,come again,2123,641,8,319,False,96429,False,False,False,257467708,1,bot
773465515,6,6sungjai,,CP : @forjaeya,731,199,4,729,False,50050,False,False,False,773465515,0,human
1548662102,B 🌸💕,brisagirk,"Dallas, TX",,2553,957,17,66421,False,39625,False,False,False,1548662102,0,human
223617437,永谷喬夫 Bot,N_Takao_Bot,,椎名君！はじまってますよぉ！あ、すみません。本人ではないです。サーフィスのギタリスト永谷喬夫さんのBotです。アブノーマールな発言、名言、迷言を呟きます。オフィシャルではないので信じるも信じないもアナタの自由。 いきなり辞めるのは僕の自由。 フリーダム！！椎名君真似してごめんね☆,902,976,19,14,False,140937,False,False,False,223617437,1,bot
2268691220,墓穴の指名者ターン1つけろ協会会長,a28j52t,,ちょっぱーです/金沢大医医5/陸上/400m49.35/400mH54.11/漫画とアニメを少々/にわかYP/MTG初心者/知り合い、大学関係の方はこちら→@a28j52r,945,689,44,61190,False,149617,False,True,False,2268691220,1,bot
735613874,Luke,iLukasx100,Birmingham,Search and Discard creator. Retired YouTuber. #AVFC,95034,563,55,8717,False,46164,False,True,False,735613874,1,bot
255425706,IG : @footballs_id,Football_ID,Indonesia,News Indonesia Football | Barometer Sepakbola Indonesia | Semua Bersaudara #SatuIndonesia | Follow @Sports_ID | kerjasama ke kontakindofootball@gmail.com,1198060,38,289,39,False,157131,False,False,False,255425706,1,bot
373495222,Brad Corey,brad_corey,UK,"British guy who does that YouTube thing, I also like Whales   For all business enquiries contact: TheBradCorey@gmail.com",76712,7498,104,7682,False,31383,False,False,False,373495222,0,human
1249904934,Daniela Caro 🌻,daniela___caro,"Punta Arenas, Chile ",24 años • Futura matrona • Magallánica viviendo en Santiago ⛄️☀️,1192,1006,7,21531,False,63207,False,False,False,1249904934,0,human
2218438975,四則演算bot,bot_sisoku,,４つの数字を使って10になるような数をツイートします。難易度は様々です。自動でリフォローします。,2336,3320,7,0,False,87781,False,True,False,2218438975,1,bot
1079455709320892416,Daam,DamianLoyarte,"Rocha, Uruguay",Música 🎶 café ☕️ y el mar🌊. Satírico por naturaleza. Tengo veinti5 años y nací por parto natural. Me gusta el color verde.,73,15,0,220,False,48,False,True,False,1079455709320892416,0,human
14790085,CA Technologies,CAinc,"New York, NY",CA Technologies is now a Broadcom company. Follow @Broadcom to stay up to date on company news and products.,124359,16559,1824,13100,True,30331,False,False,False,14790085,0,human
229191436,Caixa,Caixa,Brasil,A vida exige que um banco vá além. Essa é a proposta da Caixa. Conte conosco também no Twitter.,161773,10763,409,409,True,63321,False,False,False,229191436,1,bot
2534800813,Kabar Apdet,kabarapdet,Jakarta,"Akun berita, event, budaya, iklan, dsb.",815,1824,7,8,False,97182,False,True,False,2534800813,1,bot
15792031,IHOPKC,ihopkc,"Kansas City, MO",A community partnering in the Great Commission by advancing 24/7 prayer and proclaiming the beauty of Jesus and His glorious return.,125759,310,889,377,False,36725,False,False,False,15792031,1,bot
77920426,Diego Escosteguy,diegoescosteguy,"Rio de Janeiro, Brazil",Jornalista. Contato profissional: diego@mykolab.com. Seja uma fonte: https://t.co/yi5T8lIXRc,233927,1194,1024,371,True,31558,False,False,False,77920426,0,human
158906112,Diego Iglesias,IglesiasDiego,Buenos Aires Argentina,https://t.co/W1zcnqtFZh. Periodista. Conductor de @DiasMetro Sab. de 10 a 13 hs. por @Metro951. Crónicas en @infobae.,126224,2884,603,15105,False,24751,False,False,False,158906112,1,bot
526926393,henny 🥃🤩,chrishaunaxx,In my bag 🎒,she brown like hennessy | sc: chrishaunaxoxo,1966,1788,8,27910,False,107083,False,False,False,526926393,0,human
226646643,We Don’t Deliver Love Notes,ayyo_nik,,just nice with it...,977,779,21,2344,False,63860,False,False,False,226646643,0,human
1433472060,عُمر العمار,3marr_1112,القصيمم . عُنيزهه,سسامحوني اخوتي وذكروني ببب الخير  وللي حاب يتواصل واتس /٠٥٠٠٦٠٣٦٧٨,809,784,0,1159,False,40101,False,True,False,1433472060,1,bot
482622453,د. حيدر اللواتي🇴🇲,DrAl_Lawati,Muscat,اكاديمي وبروفسور ، عميد سابق بجامعة السلطان قابوس، مساحة خاصة اغرد فيها عن الانسانية والوجود والسياسة,533756,160,545,7599,True,38396,False,True,False,482622453,0,human
20332679,Domus,DomusWeb,Milano,Empowering inspirational thinkers. Since 1928.,211695,1454,2755,2315,False,28621,False,False,False,20332679,1,bot
34676280,Garrett,JoblessGarrett,"Seattle, WA","Main: https://t.co/7ErVBgmeSx | 
Fortnite: https://t.co/1dhxCw1gmV | 
RDR2: https://t.co/6bdAWIMUU0",203050,849,168,40513,True,41915,False,False,False,34676280,0,human
326984697,بسيّم,__bassam,,يقولون نصراوي                                             snap: ibassam48,161122,398,660,296,False,21444,False,False,False,326984697,0,human
382258177,Reloading,ReloadingBR,"Brasil, Brazil, BR","Seu podcast semanal sobre os acontecimentos mais importantes do mundo dos videogames 
https://t.co/bQeciPcA9Z
https://t.co/v1biZq030s https://t.co/RniBhZ1PKC",4392,7,35,808,False,3907,False,True,False,382258177,1,bot
1968633367,Çağrı Taner,cagritaner,,İnternette gezerken hoşuna giden komik video ve fotoğrafları paylaşan içinizden birisi.  iletişim;cagritaneriletisim@gmail.com,1809903,290,472,44303,False,22497,False,False,False,1968633367,0,human
55284063,Circuito Éxitos,CircuitoExitos,Venezuela,"Circuito Éxitos... Radio de tendencias que ofrece a sus oyentes “Sonidos en primera fila”. Somos un estilo de vida, lo mejor de todos los mundos.",137438,135,1078,142,False,114093,False,False,False,55284063,1,bot
46476526,"Joyce Knudsen, Ph.D. Change Agent",drjoyce_knudsen,Nashville/Worldwide,Award of Excellence for Education/AICI) International Author/The ImageMaker Inc® #DreamTeam teaching Effective Communication Skills #TrueGiversRevolutiion,801517,724805,5563,1817,False,112946,False,False,False,46476526,1,bot
628267790,Diana,hatuncokiyi,İstanbul / Ataşehir,İletişim hatuncokiyi@hotmail.com,505205,285511,356,41590,False,16855,False,False,False,628267790,0,human
8963312,おさ/スパム関連は質問前に固定ツイ見て,osapon,"Osaka, JAPAN",ぶろるっくhttps://t.co/J3l4KEBjQy を運営しています。最近は分散SNS https://t.co/n99OcrGA7Q に居ます。お知らせなどはそちらを見てください。,1662,695,102,54796,False,88658,False,False,False,8963312,0,human
2225699838,Cami🖤,camiricco,"Rojas, Buenos Aires, Argentina",Instagram: camiricco3,1754,1009,5,47316,False,55835,False,False,False,2225699838,0,human
729101640,Abby💛🌻🐣,AbbyHooven,"San Diego, CA","Orlando, FL ✈️ San Diego, California // US Navy 🇺🇸⚓️💙",855,385,1,20885,False,15432,False,False,False,729101640,0,human
2241611899,Pampa💚,AgusBeux,"Colonia, Uruguay","•Estudiante de Derecho• Géminis hasta las 👐🏻 • La vela, un vino y vos 🐷🐽",1123,599,2,7472,False,73373,False,False,False,2241611899,0,human
147020852,Domenica Saporiti,DomeSprt,,God♥                                                IG domesprt,1077637,1010,1582,322,False,19043,False,False,False,147020852,0,human
859364185,Unguided Sorrow,ChicaCascabel,Ieneka,"Mi vida se resume en mi música.
Si piensas que me vas a conocer por esta mierda, te invito a que te vayas de mi TL.",973,379,32,16642,False,22433,False,False,False,859364185,0,human
710772673,Dr. Ender Saraç,haydrendersarac,Istanbul,"Resmi Dr. Ender Saraç Hesabı; Aile Hekimi, Ayurveda, Akupuntur, Estetik Medikal, İş Yeri Hekimliği Uzmanı.",98574,169,141,4291,False,13505,False,False,False,710772673,1,bot
47132215,Alex Campos,CamposAlex,Colombia - Bogotá,facebook/AMIGOSDEALEXCAMPOS canal oficial de youtube/videosalexcampos instagram: camposalex,1125234,351,3568,839,True,10582,False,False,False,47132215,0,human
555862555,Dahi ALDosari,D_bin_M,,الألقاب ليست سوى وسام للحمقى والرجال العظام ليسوا بحاجة لغير اسمهم- الهلال وريال مدريد هما عشقي 💙 .. انستقرام dahialdosari سناب dahialdosari,83031,77394,20,1318,False,6074,False,True,False,555862555,0,human
1048747987,bolaholicID,BolaholicID,Indonesia,UPDATE INFO SEPAKBOLA • Facebook & Instagram: bolaholic.id,63811,281,63,2129,False,54902,False,False,False,1048747987,0,human
348093624,Amanda ۞,araujjo97,Rio de Janeiro,"Se ame ao ponto de não querer o que te faz mal
 Estudante de Marketing
Snap: araujjo97

      29° EAC",947,713,5,12891,False,51464,False,False,False,348093624,0,human
14423603,Beats by Dre,beatsbydre,,Music the way Post Malone and Swae Lee intended.,973056,1366,2480,5514,True,27058,False,False,False,14423603,0,human
101772207,Boletín Viajes,BoletinViajes,ÜT:,"Noticias sobre viajes y turismo, aerolineas, lineas de cruceros, hoteles, destinos, paquetes turisticos, consejos para viajeros, ofertas, descuentos.",1313683,397078,3124,128,False,75735,False,False,False,101772207,1,bot
18538525,Aditi (hot takes 4 koolkidz),awryaditi,"Mumbai, India",a-blah nari|my nephew/intern tweets for me|blessed to be followed by PM(Paneer Mattar)|parody (of herself) acc.|Unrelateable content| tshirts on @thesouledstore,382832,2941,619,29847,True,104825,False,False,False,18538525,0,human
196467013,東洋大ｯｨ^^ﾉｼ,youflwmeiflwu,東京 文京区,東洋大学のニュースをツイート / 東洋大OB/OGをＲＴ(リツイート) / 東洋大お得情報などをＲＴ  / 東洋大タグをＲＴ / 東洋大生は相互フォロー(フォローしてくれたらフォローし返します) / 東洋大関係アカウントも相互,777,1244,7,92,False,34703,False,False,False,196467013,1,bot
950391445,➰ أبومالك .,majed6617,في أرض الله الواسعة. ,‏‏‏‏‏‏‏‏‏‏‏● ‏اللهم إني أسألك الأنس بقربك اللهم دبر لي فأني لا أحسن التدبير .,993,1146,2,14721,False,47540,False,True,False,950391445,1,bot
918346674,Story in Pictures,ClassicPict,DM to get tweets removed ,"Conspiracy, Mysteries, Life Hacks, Facts & Truth to change your views about the world • Posts may be controversial. | We do not claim the rights to the pictures",1088241,356,2379,206,False,5146,False,False,False,918346674,0,human
391432644,💛♥️ Hakan Şükür 💛♥️,hakansukur,İstanbul-Sakarya - Türkiye,"""İnsanlara öyle aldatıcı yıllar gelecek ki,yalancılar doğrulanacak,doğru sözler de yalanlanacaktır.Hainlere güvenilecek,güvenilirler de ihanetle suçlanacak""SAV",730622,399,1015,11489,True,24272,False,False,False,391432644,0,human
252828803,코카-콜라 코리아,CocaCola_Korea,,"한국 코카-콜라(Coca-Cola Korea Company) 공식 기업 트위터입니다. 1886년부터 함께해온 코카-콜라 히스토리부터 매일매일 톡톡튀는 코카-콜라 소식까지, 코코가 발빠르게 전해드립니다! 2012 인터넷 에코 어워드 브랜드 분야 대상 수상
#코카콜라",130219,94421,529,2771,True,454291,False,False,False,252828803,1,bot
377341555,เนยจะอยู่,BuT39TeR,"Thailand, Surat Thani","always here , อยากกอดเก้าคน , น้องเค้ก , เจนลิซ , #jenrene #minayeon #พิชมดาวิเขมิ .",937,989,7,17565,False,147132,False,False,False,377341555,1,bot
194394147,Eugenia Tobal,eugtobaloficial,,"Eugenia Tobal, Actriz Arg https://t.co/etZ922sorJ No pretendo imitar a l Naturaleza.Intento encontrar los principios q ella emplea.",966860,533,970,15748,True,26669,False,False,False,194394147,0,human
1288442766,Ariana Grande,iArianaGrande4u,Honeymoon ave.,"Live, Love, Laugh and enjoy each moment of your life. ღ.  ♥Parody Account♥ (Promotion Business/ Content Removal requests contact: publicizing@outlook.com)",203807,171844,162,48,False,156412,False,False,False,1288442766,1,bot
129112241,ビッグバン BIGBANG TV!,BIGBANG5TV,日本 東京都,日本語ツイートも上げます。 たくさんフォローをお願いします We tweet about BIG BANG and their video. It’s BIGBANG TV.,96906,1917,265,99,False,64674,False,False,False,129112241,1,bot
47281118,عبدالرحمن اللاحم,allahim,"Riyadh, Saudi Arabia ",محام و كاتب سعودي ... سنابي (a_allahim) ٠٠٩٦٦١١٤٦٢٢٨٨٨,185352,532,811,474,True,58617,False,False,False,47281118,0,human
1367531,Fox News,FoxNews,U.S.A.,"America’s Strongest Primetime Lineup Anywhere! Follow America's #1 cable news network, delivering you breaking news, insightful analysis, and must-see videos.",18578849,398,65488,0,True,418058,False,False,False,1367531,1,bot
757303975,Chelsea Clinton,ChelseaClinton,"New York, NY","Mom of Charlotte & Aidan, Married to Marc, Advocate, Author, Teacher, @ClintonFdn & @CHAI_health & @HealthierGen, New Yorker",2426157,603,9847,19017,True,12217,False,False,False,757303975,0,human
2976581543,Cisl Lazio,Cisl_Lazio,,,2528,1847,32,2337,False,6409,False,False,False,2976581543,0,human
622143,BBC Wales 🏴󠁧󠁢󠁷󠁬󠁳󠁿,BBCWales,🏴󠁧󠁢󠁷󠁬󠁳󠁿,"The best of the @BBC, #MadeInWales • Cymraeg » @BBCCymruFyw • Corporate » @BBCWalesPress • https://t.co/puHwv08WGk • https://t.co/JCMcDC6eeg",176975,230,1122,10641,True,140632,False,False,False,622143,1,bot
221839043,Melissa,BlazingRoselia,By the Palm trees ,"Aspiring VA, Anime Lover & Gamer If it's just a game at least be brave enough to run towards the guns & die! -Sinon #SwordArtOnlinell boyfriend @dude_mysterious",1678,2294,93,125232,False,162675,False,False,False,221839043,0,human
80424488,c,_amora,SP,"não acho que quem ganhar ou quem perder nem quem ganhar nem perder vai ganhar ou perder vai todo mundo perder


♓️  🏐  🇧🇷",1244,236,22,906,False,102345,False,False,False,80424488,0,human
231354142,B.M.G @buddamack,BMGbuddamack,"Oakland, CA","https://t.co/M42oxGLxMq For Booking: Inquiries, Performances or Appearances. CONTACT: admin@baymusikrecords.com",39828,2762,35,10237,False,5290,False,False,False,231354142,0,human
73650794,Eat*Sleep*Run,cherly_u_jest,"Florida, USA","Running, coffee, Disney, dogs, kindness, knitting, books, food, travel and sarcasm. Apparently I love running through the summer heat to train for fall races.",1350,1944,175,66355,False,52266,False,False,False,73650794,0,human
453510918,Country Words,Country_Words,USA,The original country lyric page! Revolutionizing the way lyrics are viewed in country music... CountryWords@yahoo.com,981705,794,880,735,False,59076,False,True,False,453510918,1,bot
200570353,Jaime Maussan,jaimemaussan1,,"Periodista investigador desde el 13 de noviembre de 1970

Actual director de @tercermilenio",130470,93,924,380,False,18846,False,True,False,200570353,1,bot
1151660538,Sludge Factory,Barbarasanchezs,Venezuela,,916,454,29,6121,False,49440,False,False,False,1151660538,0,human
362284562,Alex Chance,AlexChancexxx,Sin City,🦄Porn Star🌈 alexchancexxx@gmail.com Spoil: https://t.co/iUotdHb644 https://t.co/TINfNdjcTZ SnapChat: @lovealexchance https://t.co/2X7jxRNK2M,162489,4940,878,47740,True,79636,False,False,False,362284562,0,human
274251944,Cameen,Cameen23,"New England, Brooklyn-NY","New England Music Awards Top five Artist Of The Year Nominee, Hollywood Producer's Choice for Soul Artist of the yr & recipient of a ST.JUDE participation award",48561,16802,56,4425,False,6917,False,False,False,274251944,0,human
2363987964,ali_abuibrahim,ali_abuibrahim,جدة,اذا الإيمان ضاع فلا أمان .. ولا دنيا لمن لم يحيِ دينا,596,441,1,1985,False,27299,False,False,False,2363987964,1,bot
106903512,CASSIANE,CASSIANECANTORA,BRASIL,"Mulher,amiga,filha,esposa de @jairomanhaes ,mãe de Jay ,Caio & Joshua & serva de Deus muito feliz e realizada!! Sou simples como meu Jesus!!",1127741,429,2358,108,True,30737,False,False,False,106903512,0,human
1697531264,Georges Monfils Official,GeorgesMonfils,"California, USA","Contemporary artist, in NYC as a teen, became immersed in the 'Factory' movement and his self-titled 'Nouveau Pop"" art style was born.",202131,218,95,9390,False,12281,False,False,False,1697531264,0,human
2358642654,動くから塗りにくいww,ugoku_nurie_,,動くから塗りにくい絵の紹介ボット。,653,0,7,0,False,51206,False,True,False,2358642654,1,bot
5763262,Kara Swisher,karaswisher,San Francisco,Grumpy lady of tech,1280304,1676,14982,43608,True,113418,False,False,False,5763262,0,human
2351661019,Taiwan Agent,Taiwan_Agent,,"taiwan, Taipei, Formosa, East Asia, Taiwanese, KMT, Taichung",982,1723,132,0,False,62829,False,True,False,2351661019,1,bot
33612908,AKA,akaworldwide,,https://t.co/PBx6vOAxTt,3626000,7,1688,168,True,1076,False,False,False,33612908,0,human
31016461,Le Journal de Québec,JdeQuebec,"Québec, Canada","En tout temps, soyez au fait de l’actualité de votre région. Le Journal de Québec, le quotidien numéro 1 à Québec et dans l'Est-du-Québec.",166751,1969,1256,22,True,133717,False,False,False,31016461,1,bot
2744574160,Rahime Badem,BademRahime,,Üstüm başım yara bere.,393,156,0,1854,False,469,False,True,False,2744574160,0,human
2826913680,MatiFernandizta14®,carlitrooCC3,,"15 de octubre 2013 le di un beso a Mat14s ❤
11.07, V❤",1155,102,16,9290,False,62904,False,False,False,2826913680,0,human
47107785,BIGGA RANKIN,BiggaRankin00,FLA/ATL,"A&R (TiG) ThinkitsaGame...#MIXTAPEZ hostin/Event Hostin,intros, call now 770-363-0748 or email Bookbigga@gmail.com",108098,1772,641,100,False,119510,False,False,False,47107785,1,bot
18678924,Jonathan Martin,jmartNYT,"The 703, 202, 504 or on the road","Nat'l Political Correspondent, NY Times. Husband of the incomparable @bfischermartin. Email: https://t.co/YoeNWfXIdo",244232,6805,5326,8512,True,128048,False,False,False,18678924,1,bot
132330417,﷽,IslamicThinking,UK,﷽ If we learn one new thing about our deen everyday we open our minds to a better day :) | Snapchat: Islamic.Snaps | Enquiries: islamicthinking@hotmail.co.uk,1594290,92,3136,352,False,9346,False,False,False,132330417,1,bot
3800348718,AKIO,AKIO3JSB,,感謝の気持ちを忘れずこれからも頑張ります！ 元ゆず2018メンバー。No.1792。 今年の目標は紅白でゆずと2018人の皆さんと一緒にうたエールを全国に届けたい！エキストラに参加などしたりしてます。AAA、TWICE、LDH、ジャニーズ全般、三浦大知が大好き！,2343,3968,11,8154,False,15026,False,True,False,3800348718,0,human
604842260,Laney 🎄,Bballin_Laney42,,Isaiah 41:10 ✞ || { faith over fear } radford university wbb #42 🏀 • find your confidence in Christ •,1218,550,1,7227,False,17346,False,False,False,604842260,0,human
2844734828,القايدي,a_s8588,المملكة العربية السعودية جدة,إن كآن حظك مآ فرش لكك وغطآك لآترتجئ من حظ غيرك يغطيكك,120161,139253,68,32,False,22776,False,True,False,2844734828,0,human
395725333,〽️amanucyy🤞🏾💙,BlaqueeStallion,Jeanerette,,1219,1097,1,459,False,38806,False,False,False,395725333,0,human
2491508162,ル    リ,24TRIBE_3951,日本 北海道,"☀️￤田崎敬浩￤今市隆二￤数原龍友￤小森隼￤☀️ LDHfanさん繋がろう。気軽にﾌｫﾛｰ&ﾘﾌﾟしてね。EXILETRIBEが1番☺︎︎ Love,Dream&Happiness",866,1597,8,9392,False,13320,False,True,False,2491508162,1,bot
142980929,C4 Paralympics,C4Paralympics,,Official account for Channel 4's coverage of Paralympic sport.,129242,866,775,5837,True,25449,False,False,False,142980929,0,human
276360590,Manu Viale,china_viale,,"ACTRIZ, Geminiana potenciada instagram: @manuvialeok snapchat:chinaviale. @media_pilaok 2017 COMING SOON. Mis perras son todo lo que está bien 🐶🐶",100139,611,119,2931,False,4333,False,False,False,276360590,0,human
804835993,ابــو عــزام الثقفي,abu_azam19,مكة المكرمة,🌴⭕ سبحان الله وبحمده سبحان الله العظيم ⭕🌴🍃🌴عابرُون في هذه الدّنيا سنمضِي يومًا تاركين كل شَيء خلفنا .. ربي اختمْ حياتنا بعمل صَالح نلقاك بِه🌴,104922,104391,42,612,False,11434,False,True,False,804835993,0,human
456723411,Литература,literabook,,"Самое интересное, что есть на земле - это человек. По всем вопросам adv.dimaruru@gmail.com",2209692,24,1054,0,False,37043,False,True,False,456723411,0,human
737927700,Hilton Ariel Ruiz,hiltonarielruiz,"New York, NY",Director/Creator of @ZombieWaShotgun and @6666_theseries and Sci-Fi Graphic novel @AM_GraphicNovel #horror #supportindiefilm #comics #zombies #filmmaker,257493,273670,858,25492,False,22653,False,True,False,737927700,1,bot
29820945,24sata,24sata_HR,"Zagreb, Croatia",dnevna doza tweetova s našeg portala,165296,1842,304,1225,True,128798,False,False,False,29820945,1,bot
46291977,Nefu,NefuDaBoss,,"CEO of @TuneHype Daytrader, CryptoTrader, Option Trader, Traveler, Brand Mgmt, Music Mentor https://t.co/164j8lu6un",520171,117287,897,42644,True,3808,False,False,False,46291977,0,human
2727195089,Barbara 🐳,BaahMaarques20,,♡,1875,125,3,7769,False,41403,False,True,False,2727195089,0,human
14282169,Billy Hallowell,BillyHallowell,"New York City, New York","Christian, husband, dad, author. @PureFlix comms guy. Bylines: WaPo, Faithwire, TheBlaze. My book: https://t.co/CyCqjhz52C. Views expressed here are my own.",104452,34960,2672,26398,True,81809,False,False,False,14282169,0,human
247977754,Bianca 🌴,biancabizb_,"Arauco, Chile",18  •  🐾💘,1285,944,7,5568,False,39747,False,False,False,247977754,0,human
334921284,Félix de Bedout,fdbedout,"Miami, FL","Periodista, presentador del Noticiero Univision Fin de Semana. WRadio Colombia. @fdbedout en Instagram.",1976948,582,2953,125,True,27342,False,False,False,334921284,0,human
101258547,Envíos de USA a Vzla,DMZenvios,Miami fl,Empresa dedicada al manejo de envíos #aéreos y #marítimos desde USA a Venezuela (212) 7719286 /  +1-786-355-1622 Correo: dmzenvios@gmail.com,84101,69240,93,2851,False,28565,False,False,False,101258547,1,bot
63604508,Bec,beccalynann,"Murrells Inlet, SC",Jersey Native•Coastal Carolina University Alumni•Special Educator,1123,1090,8,23631,False,27342,False,False,False,63604508,0,human
9983602,コピペ運動会,copipe,インターネットの海,2007年スタートの「コピペ運動会」という主に2chのコピペ投稿サイトのアカウント。自動で人気ツイートを投稿してるbotではないです。当サイトに投稿された新着情報や短いネタを呟きます。管理人とかもちょいちょい呟くよ。,76772,55414,634,699,False,121448,False,True,False,9983602,1,bot
391826877,﮼رتويت﮼السعوديه 1M🇸🇦,6ar7k,Kik: 6ar7k + BBM: DDDDDDH,خبيرأيفون ايباد أيفون برامج السيديا والجلبريك+ https://t.co/dkMrZbe0lu BBM DDDDDDH  LINE: S3udi  https://t.co/MFo15RQvjh,1226941,1063169,5532,449,False,5503,False,False,False,391826877,0,human
288948026,Chelsea Gill,Chels_gill,,Be the change; Shine your light; Love where you are • CUWSA • IX • Romans 15:20-21 •,995,736,0,1678,False,12085,False,True,False,288948026,0,human
3082647453,Ronaldo's Money,DinheiRonaldo,The Bank,I am the Automat€d Ronaldo's Mon€y Bot.,965,96,15,0,False,1346492,False,True,False,3082647453,1,bot
2773297820,khalid rafiq,khalidrafiq138,Pakistan,"all about #Pakistan #India

http://t.co/pPN1gDtlIb",1020,0,107,0,False,2113176,False,True,False,2773297820,1,bot
2193607094,Chill Vibes,ChiIIVlbes,,"Sincerely, nothing but chill vibes. ☮ ☯ Submit/Contact: ChillVibesTweets@gmail.com",1484727,21,1617,2,False,34960,False,False,False,2193607094,1,bot
790680,BBC News Brasil,bbcbrasil,"Londres, GB, e São Paulo, BR",Twitter oficial da BBC Brasil. Aqui você encontra o melhor do nosso conteúdo e participa de um diálogo global. Junte-se a nós!,2090741,906,7342,398,True,171379,False,False,False,790680,1,bot
225731980,iis dahlia,iis_dahlia,Indonesia,Mothers who care to families who can sing★ CPElsih:+628174955755 or @Beduumbara IG IsdaDahlia ❤️❤️ MyOfficial App ❤️❤️,1179026,258,1217,106,True,26725,False,False,False,225731980,0,human
41077970,DECC,DECCgovuk,"London, UK","Account of the former Dept of Energy & Climate Change. Please follow the Department for Business, Energy & Industrial Strategy @beisgovuk",86239,4838,2258,15,True,8162,False,False,False,41077970,1,bot
3348071480,🍎あかこ🍏,akakoseizin,,,1061,990,19,36621,False,28968,False,False,False,3348071480,1,bot
63320347,ヨッチ,STiSG5,ちーばくん( ´ ▽ ` )ﾉ,ストレイテナー/the HIÄTUS/NCIS/THE BACK HORN/Ken Yokoyama/MONOEYES/HAWAIIAN6/Superfly(SC会員)/etc Punk Rock好き40代♂ NEXT Live 1/19/ストレイテナー/幕張,1069,1062,23,7359,False,126685,False,False,False,63320347,1,bot
44554692,La Jornada Impresa,LaJornada,,Twitter oficial de la versión impresa del diario.  Siga también a @LaJornadaOnline para noticias de última hora.,1181359,13,4980,26,False,189602,False,False,False,44554692,1,bot
3317108412,سعد التويجري,b2_xv,,,938,3059,1,1843,False,2809,False,True,False,3317108412,0,human
2804332173,So Baked,IAmSoBaked,TURN MY NOTIFICATIONS ON,Tha High Life.,97781,11855,217,7797,False,71,False,False,False,2804332173,1,bot
420219280,Leya Montana,AleyaWhaaatt,Austin Texas,I really been itching to go tf off.,1205,836,11,46389,False,83542,False,False,False,420219280,0,human
955529995,cass,Cassidy_Coletti,,Fl | 19 | Pharmacy💊,1119,798,0,16114,False,15276,False,False,False,955529995,0,human
1853693322,AGNEZMO FAN BASE,agnezmo_crew,WORLD,"We are Agnes Crew | DREAM, believe, and make it happen!",1092,17,5,1,False,79482,False,False,False,1853693322,1,bot
317114365,Dove Cameron,DoveCameron,Probably my kitchen,crazy crazy baby baby,1445659,2305,2623,16862,True,15782,False,False,False,317114365,0,human
18944209,"VandeVelde,Christian",ChristianVDV,Chicago,,114050,400,5151,7775,True,2940,False,False,False,18944209,0,human
1614247400,Box Azteca,BoxAzteca7,México,¡Somos #LaCasaDelBoxeo en México! ¡Cada sábado #HayTiro por @AztecaSiete!,154670,58,421,1893,True,37281,False,False,False,1614247400,0,human
35293850,Susan Shumsky,AwakenToGod,,"Best-selling author of 11 books, foremost spirituality expert, pioneer in self-development field, highly-acclaimed professional speaker, Doctor of Divinity",110861,98945,1776,2,False,196623,False,False,False,35293850,1,bot
110403465,arda turkmen,arda_turkmen,,"Kim ne derse desin, #mutfaginizdasefsizsiniz ...",109454,434,161,34,True,29141,False,False,False,110403465,0,human
46578464,Dj Giann Live,djgiann,"ÜT: 10.5835572,-66.9618441","Giann Live - Live Music- info djgiannmusic@gmail.com
Instagram- DjGiannLive
Facebook- GiannLive
Tel.787-420-6165 
Dj Giann",92586,1813,359,235,False,80,False,False,False,46578464,0,human
3888664280,Chinhurel,chinhuush,,Чи битгий хуц,1017,1260,0,988,False,2642,False,True,False,3888664280,0,human
65773523,Kyle Richards,KyleRichards,Beverly Hills,"Mom of 4 , wife , animal lover , actress , author , A Real Housewife Of Beverly Hills , TV producer ,  United Talent Agency #AmericanWomanTV #RHOBH",1228718,500,3724,1338,True,38800,False,False,False,65773523,0,human
147032692,Dato Femenino,DatoFemenino,Guatemala,"Todo lo que necesita la mujer de hoy, activa, exitosa, en forma, sana y única.— Contacto: publicidad@datofemenino.com",959380,123,812,13,False,5897,False,False,False,147032692,0,human
2397349010,ÃRSLÃN CUMÃ,cumarslan46,((TÜRKİYE)),Vatan haini isen uzak dur..!attığım tweet lerin altına hakaret içerikli yorum yazanlar delikanlı isen adam isen gel yüzüme söyle yüreğin yetiyor ise.? K.MARAŞLI,106070,67805,31,19414,False,3236,False,True,False,2397349010,0,human
20499770,JOEL ROSS,joelrossradio,"Manchester, London.....Scarborough ","Sony,Bafta and Rose D'or winning TV/radio host.Hider in the House,Scorpion Island,JK and Joel Wrestling,racing,Heart Breakfast 
Enquires joel@jkandjoel.com",51415,1119,104,11,True,51013,False,False,False,20499770,0,human
29844579,Actors Access,ActorsAccess,"Los Angeles, CA","An Actors Access profile is free to set up & maintain & is THE profile seen by Studios, Networks & Casting. Largest, most diverse choice of professional talent.",131537,12505,1415,16187,False,42232,False,False,False,29844579,0,human
235667666,918,AlexNunez__,,What they’ll never know,1234,1004,7,351,False,60733,False,False,False,235667666,0,human
15450695,Coheed and Cambria,Coheed,New York,We are a band from New York.,112155,459,1724,5001,True,7126,False,False,False,15450695,0,human
1289603089,Athena,Care4ux333,Clark Atlanta University ,,1596,872,6,23821,False,61789,False,True,False,1289603089,0,human
21212604,CTV Ottawa,ctvottawa,"Ottawa, Ontario ",CTV Ottawa covers local stories that matter to you. Our Web reporting team and other staff update you with the latest news.,189791,323,1670,350,True,79856,False,False,False,21212604,0,human
104609993,Aveda,aveda,,"Beauty, wellness, environment, fashion and art since 1978. Proudly people-tested and cruelty-free. 🐰",103842,947,1050,13166,True,23117,False,False,False,104609993,0,human
90800950,🏌🏻‍♂️ IG: @Simonx6,Sim0nRD,Av. Siempre Viva!,Addicted to Gaming..,1101,438,17,206,False,56535,False,False,False,90800950,0,human
225445834,Camila Vallejo Dowling,camila_vallejo,Santiago de Chile,"Diputada @PCdeChile por La Florida, Puente Alto, La Pintana, San José de Maipo y Pirque. Geógrafa Universidad de Chile y Ex Pdta y Vice-pdta FECh 2010-2012.",1254922,2351,3570,2354,True,11810,False,False,False,225445834,0,human
3281348820,💖Son of Royal Sardar💖,BHULLAR_22_,"Abohar, India",ੴ ਧੰਨ ਧੰਨ ਸ੍ਰੀ ਗੁਰੂ ਰਾਮਦਾਸ ਜੀ ੴ,13516,12325,110,346028,False,530044,False,True,False,3281348820,1,bot
23151437,Kevin Hart,KevinHart4real,Philly/LA,My name is Kevin Hart and I WORK HARD!!! That pretty much sums me up!!! Everybody Wants To Be Famous But Nobody Wants To Do The Work,34845256,552,23640,94,True,38190,False,False,False,23151437,0,human
2333462725,三福商店 相互フォロー,mifukukaban,奈良県桜井市,"ヤフオクにメンズバッグを大量に出品しています。就活やビジネスから旅行、普段使いまでメンズバッグを取り揃えています。特に鞄の名産地、兵庫県豊岡の職人が作った国産の鞄に力を入れていますので是非御覧ください。フォロー１０００％返します！！！
ネットショップはこちらです。
http://t.co/zzLTcOouRl",848,1323,3,0,False,25602,False,True,False,2333462725,1,bot
2785480981,Make in India,makeinindia,,"A major national program designed to facilitate investment, foster innovation, enhance skill development and build best-in-class manufacturing infrastructure.",3689552,142,1683,492,True,20011,False,False,False,2785480981,1,bot
17343387,はるよし(halyosy)🏠🌳,halyosy,Tokyo,江戸にて音楽屋を営んでおります。ご依頼はこちらにて→ https://t.co/5G6TttdBYn （halyosy/ﾊﾘｰｵｼｮｲ/晴義/はるにぃ/よっP）👨制作中のため低浮上,99116,1112,2540,385,False,32809,False,False,False,17343387,0,human
244628228,El Amor es una Decisión,AmorUnaDecision,"Santiago, Chile","El Amor «Todo lo sufre, todo lo cree, todo lo espera, todo lo soporta.» {1 Corintios 13:7} ❤️ Ministerio ➡️ @adoradores Fundador ➡️ @MiguelNunezH",108113,2352,302,4,False,157369,False,False,False,244628228,1,bot
109237155,Gerardo Lara,GLaraLopez,Madrid,"News, articles, guides, presentations and more about social media and...",1028718,138,4272,3,False,47835,False,False,False,109237155,1,bot
712443214112935936,دمــوع الـورد,07Alghamidi,المملكة العربية السعودية ,‏‏‏‏‏‏سبحان الذي لاتطيب الروح الا بذكره ♡ -,1089,0,4,2607,False,2176,False,True,False,712443214112935936,0,human
1721742157,محبو محمد بن سلمان,aqaratm2013,,محبو صاحب السمو الملكي الامير محمد بن سلمان ولي ولي العهد   ووزير الدفاع حفظه الله .,57188,8365,10,4,False,7915,False,False,False,1721742157,0,human
3116779908,كوت تويت | جواب,arabqoute,Twitter,لعبة الإقتباسات نحن نسأل وأنت تجيب ||للإعلانات: التواصل في الرسائل فقط,292766,16,843,136,False,33623,False,False,False,3116779908,0,human
1368178176,く,bonyon_aaa,健斗,うーくんだけの,1718,846,0,17683,False,19896,False,True,False,1368178176,0,human
2155965720,Ace Tinashe.,AceTinashe,,Blessings flowing | The Great Year,31762,31,239,19918,False,226040,False,False,False,2155965720,1,bot
378376122,EMBLEM3,EmblemThree,West Coast,We write and create music @keatonstromberg @wesleystromberg @truechadwick,818152,18715,2802,6744,True,10786,False,False,False,378376122,0,human
128154362,공지영,congjee,서울,소설가 허락없이 기사금지함 페이스북 계정은 jiyoung gong 나머지는 다 사칭 계정임,851737,2258,11474,64522,False,86196,False,False,False,128154362,0,human
224916991,milagrosleiva,MilagrosLeivaG,"Lima, Perú",lo que sucede conviene... Instagram:@milaleivagalvez Blog Base4: https://t.co/TWPI97ypuS #EdicionMatinal en @atv_noticias,1978015,873,1421,453,False,106243,False,False,False,224916991,0,human
1335999216,IndonesiaMorningShow,IMS_NET,Indonesia,"Official Twitter of Indonesia Morning Show | 
Daily at 8am on NET. | 
mail:
indonesiamorningshow@netmedia.co.id
IG:
@indonesiamorningshow_net",123195,78,139,2251,True,42071,False,False,False,1335999216,0,human
562540682,Aliando Syarief,AIiandoKEPO,indonesia,It's never too late to set things right.,143524,124696,22,0,False,692814,False,False,False,562540682,1,bot
423926299,CiberCTM Puebla,CTM_Puebla,"Puebla, Puebla",Confederación de Trabajadores de México  División Cibernautas CTM Puebla   #FollowBack #SiguemeYteSigo,1010,38,9,12,False,9442,False,False,False,423926299,1,bot
33619791,Carlos Calderon,CarlitosTwit,,EMMY Award Winning Smile Creator. This account expresses my personal point of view only and not of any company. IG: @carlitoscalderon FB: @carloscalderonabarca,95757,1095,283,13243,True,9697,False,False,False,33619791,0,human
75827044,アルファルファモザイク,alfalfafafa,,フォローして頂けると今後の活動のモチベーションアップにつながります。,97402,105251,3165,0,False,340238,False,False,False,75827044,1,bot
265014120,gabriela ramirez,gabyramiirezz,Dios conmigo y nadie contra mi,"Si la vida te hace llorar, mata esa lágrima con una sonrisa bien fuerte♥ 📩:Somos@amigoscool.com https://t.co/VCIvyMhXrv",1489209,352,1884,869,True,22375,False,True,False,265014120,0,human
24472704,Kid Ink,Kid_Ink,"Los Angeles, CA",Alumni x Batgang | Booking: MBlackman@icmpartners.com | New Tour Dates: https://t.co/zRusUeF8Ts,1085241,5314,2098,6946,True,28636,False,False,False,24472704,0,human
130314799,Creators,CreatorsProject,"Brooklyn, NY",Art and culture by @VICE.,120547,8985,3828,1764,True,32449,False,False,False,130314799,0,human
168731366,Brenda.,blopzx,"South Florida, USA",8/2 ❤️,812,858,5,4450,False,20913,False,False,False,168731366,0,human
48336713,ELLEfashion,ELLEfashion,"Paris, France",Compte @ELLEfrance,1193760,248,2407,63,False,36565,False,False,False,48336713,0,human
150711216,OSCARCITO,oscarcitomundo,BESOS DE CHOCOLATE AQUI,Contrataciones@oscarcitomundo.com Instagram: @oscarcitomundo besos de chocolate REMIX VIDEO aquí https://t.co/001zyFuzss,1101617,486,1706,10568,False,23493,False,False,False,150711216,0,human
2439220064,ioia ♡,DayanaMartini,Uruguay,"Todo pasa por alguna razòn ~Mi mundo, mis  reglas~18/10/13 ❤Nina10-12-15
Snap: dayanamartini",1302,252,3,17977,False,37954,False,False,False,2439220064,0,human
116588052,BANDA MS,BANDA_MS,,GRACIAS POR ESTAR AL PENDIENTE DE NOSOTROS. LO QUE HACEMOS ES PARA USTEDES. Nuevo disco APPLEMUSIC https://t.co/cR3VsmEIzB ITUNES https://t.co/JmKyarYsth,1278139,2592,852,4271,True,33256,False,False,False,116588052,0,human
24645354,Gary,BlueWaterDays,USA,Politically Independent. Christian. Sapientia melior auro.  #BuildTheWall #NotPC #BlueLivesMatter #SOT #Trump2020 #DrainTheSwamp,112613,57708,1545,20585,False,187780,False,False,False,24645354,1,bot
86864472,Daihatsu Indonesia,DaihatsuInd,Indonesia,Daihatsu Sahabatku | Like Facebook Page Daihatsu Indonesia https://t.co/zRE6ddk6mj,100218,13010,151,447,False,41039,False,False,False,86864472,0,human
471378714,V.Morgan ❤️,_BabyGirlPretty,A l a b a m a ,#AUM19 | IG: @_BabyGirlPretty,952,880,2,3557,False,25492,False,False,False,471378714,0,human
1252587218,Brittany,BHookedCrochet,United States,"Crochet Designer, Crochet Instructor. Professional blogger and Serial Fiber Artist.
#bhooked #crochet",2578,519,52,3314,False,3956,False,False,False,1252587218,0,human
20270332,Andrew Perloff,andrewperloff,,"Dan Patrick Show, Leisuremen on NBC Sports Radio/podcast",131455,1013,1514,7384,True,21349,False,False,False,20270332,0,human
365728243,Absorta,_CinFiltro,Buenos Aires,,937,450,15,45470,False,40282,False,False,False,365728243,0,human
220785771,Mel,AsapTwelvyy,COKE BLOCK,https://t.co/12Y1kbNOR1,209727,17520,694,205,True,57070,False,False,False,220785771,1,bot
1583766667,Cαмιℓα🌹,CamiiMiichel,Córdoba - Corral de Bustos,🔞🔞🔞,901,455,2,1593,False,7534,False,False,False,1583766667,0,human
13353862,L'Express,LEXPRESS,Paris,"Tous les jours, toute l'info. Suivez-nous !",1285658,690,8272,128,True,144076,False,False,False,13353862,1,bot
17846734,hiddenboston,hiddenboston,"Boston, MA","Twitter page for the Boston's Hidden Restaurants site, along with the news-based Boston Restaurant Talk blog https://t.co/jf3CmNIO8Z",118892,19980,2194,18141,False,48621,False,False,False,17846734,0,human
14671170,Hawaii News Now,HawaiiNewsNow,"Honolulu, Hawaii",Hawaii's News Leader for Breaking News and Severe Weather. #HINews,158848,1769,2504,141,True,128709,False,False,False,14671170,0,human
811563716,MERYEM AKAR,akarmeryem,"İstanbul, Türkiye",Actress • International DJ • Radyo Programcısı • Dialog Yaşam Akademisi Sunuculuk & Spikerlik Mezunu,50696,52,28,8197,False,7766,False,False,False,811563716,1,bot
279185985,Jakub Rzeźniczak 52,JakubRzezniczak,Azerbaijan,Official Account | Qarabag FK #52 ⚽️ | PUMA Brand Ambassador | Cooperation: jakubrzezniczak25@gmail.com,206614,311,167,25536,True,13951,False,False,False,279185985,0,human
24180105,Closer Mag & Online,CloserOnline,,"Daily news, real life stories, soap spoilers, showbiz gossip, diet tips and more from the Closer Online team!",107632,2952,506,2227,True,100088,False,False,False,24180105,1,bot
1076119924546985985,ATPWorldTour,ATPWorldTour,,,51,118,0,1,False,1,False,True,False,1076119924546985985,0,human
20942423,Ibiza Rocks Hotel,ibizarocks,"Sant Antoni de Portmany, Spain",Welcome to the official Ibiza Rocks Hotel twitter. We are the home of the pool party. 💦 Your summer starts here..,108698,340,496,9081,True,31643,False,False,False,20942423,0,human
268095618,Arty,ArtybeingArty,"Detroit, MI",Underwriter | #EMU 15 Economics alum | Use to write 🏀 for @NGSCSports & @Fansided | #12s |#Boxing | #COYS l #Lakeshow,1160,987,40,36772,False,173551,False,False,False,268095618,0,human
34068984,Lord Vonderhaar,DavidVonderhaar,,Studio Design Director. Blackout Dungeon Master. Member of the Bridge Ambush Committee.,1248064,115,1600,1925,True,601,False,False,False,34068984,0,human
322758021,Fa,f_mzher,,,888,1458,0,67,False,18586,False,False,False,322758021,1,bot
2568313562,CONNECTED WOMAN MAG,aconnectedwoman,NC,Blog-Style Women's Magazine!. #getconnected #cwmag JOIN THE FB FAM https://t.co/ulKvMIKWwO,1752,3548,334,1147,False,303700,False,False,False,2568313562,1,bot
2394340476,TEATEA,TEATEA_WORLD,,ダイエット　在宅ビジネス　メンタルケア　ビューティケア,1248,1759,1,0,False,9629,False,False,False,2394340476,1,bot
18776017,ASTRO Gaming,ASTROGaming,"San Francisco, CA","The ASTRO crew shares our favorite news about gaming products, lifestyle & esports. #ASTROfamily @ASTROStreams https://t.co/3vOT7i5tV4",1085092,3792,1718,64493,True,41576,False,False,False,18776017,0,human
15248067,National Geographic,NatGeo_la,Latinoamérica,Cuenta oficial de National Geographic en Latinoamérica. Entérate todas las novedades de programación aquí.,1358031,49312,2836,27499,True,31713,False,False,False,15248067,0,human
184647530,Dose,dose,"Chicago, Illinois","Get your daily Dose of the most interesting photos, facts, videos, and news online at https://t.co/zYqiqRIwQ1",841413,235,6112,1997,True,49722,False,False,False,184647530,0,human
780050,"Oscar Yasser Noriega ""Akira""",akirareiko,🇯🇵 ⇄ 🇲🇽 ⇄ 🇺🇸,"Serial Tech Entrepreneur from 🇲🇽 living on 🌏 working on AR, VR and Game Development at @wabisabidsign | Also working on: @NerdcorePodcast & @Atomix",110236,2605,1913,9415,True,93310,False,False,False,780050,0,human
1924076820,melina sophie,MelinaSophie,,in progress..,1587074,92,556,40114,True,9916,False,False,False,1924076820,0,human
23864985,Health Habits,HealthHabits,"Toronto, Canada","According to my biz card, I am a Health & Fitness Consultant. In reality, I am a giant health, fitness, social media geek.",999324,6068,4339,531,False,53222,False,False,False,23864985,1,bot
106082551,Cardiff,CardiffBiz,Cardiff,"Cardiff Ambassador. Social Media, Digital Marketing and Content Marketing Specialist. Gadget Guru and proud of living in Cardiff, Wales.",95406,102517,805,0,False,16078,False,False,False,106082551,0,human
3202726835,Aileen♡,AilenPaine,"Neuquén, Argentina","Hay palabras que dicen poco, & Silencios que dicen Mucho.",833,909,1,2394,False,4630,False,False,False,3202726835,0,human
2222126594,OSAR & RAFA,ARASOSAR,,Una sonrisa cuesta poco y produce mucho. No empobrece a quien la da y enriquece a quien la recibe. Charles Chaplin,126633,90,325,123213,False,171861,False,True,False,2222126594,1,bot
807184478,Hal Marston  :^\,BirdBrayn,Land of Ahhhs,Writer - Entrepreneur - Investor - Lover of Life & Wife - Unboxed. Unleashed and unabashedly patriotic. Nothing implied by Tweets RTs or FAVs,117351,89810,2004,14774,False,18267,False,False,False,807184478,1,bot
232824777,🍣🎤悠里🌾🎾,band5ds,,お酒を飲んでいるだけです/デトロイトビカムヒューマンはいいぞ/舞台/ハイネ/無双/腐ってないタイプのオタク/お別れはリムーブで/アイコンは @moetwincle さんにいただきました！CoC用 @band5ds_00,804,682,56,30308,False,395837,False,False,False,232824777,0,human
711613560,lil dessert spoon 🧞‍♀️,alezvay,,xtra cheezy,1029,913,4,46106,False,47246,False,False,False,711613560,0,human
2875360759,‘,ayeedanni,,,1482,981,3,43179,False,64073,False,True,False,2875360759,1,bot
133413860,Rossana Salgado,Djrossana,,"Comunicologa, foxsports, Designer and businesswoman: @TiferethVictory 💗 contrataciones: blackmanagement0@gmail.com",151817,521,263,74259,True,14108,False,False,False,133413860,0,human
14434613,Alberto Chimal,albertochimal,Ciudad de México,🇲🇽 Escritor / Writer 📬 Boletín / Newsletter: https://t.co/z6ZVgubrC5 🖥 Video: https://t.co/wS0f1t3Z8M [tweets mostly in Spanish],109795,903,1607,15888,True,73257,False,False,False,14434613,0,human
449124636,Belén .,belencervin,,"Cambiar el mundo, que no es locura ni utopía, sino justicia.   //
Abogada en formación 📚",893,252,6,291,False,45854,False,False,False,449124636,0,human
228285665,しらぬbot（A型）,SHIRANEbot,ぶーみんvinum新富町・ぶーみんvinum新川バル,"黄色の男日本一
代表取締役　白根智彦(Ｂ型)のbot
しらぬbot（Ａ型）です。
新富町と新川でワインバー
「ぶーみんvinum」やってます。
ほとんど口癖
まれに宣伝を呟きます。
「ヴィノム」「ブーミン」とかリプライすると所在情報を返信します。
ギガントよろぴく。",897,1143,37,2,False,70918,False,False,False,228285665,1,bot
20391646,Jamey Jasta,jameyjasta,,Singer of Hatebreed. Host of The Jasta Show. For booking/features/sponsorship - jastashow@gmail.com powered by @monsterenergy,155999,1856,1067,3932,True,30454,False,False,False,20391646,0,human
99566858,Nicolas Riera,nico_riera,all around,instagram: @nico__riera,1049540,159,2242,282,True,4074,False,False,False,99566858,0,human
19509884,Andy Staples,Andy_Staples,,I write about college football @SInow. I write about food @SI_Eats. I talk about both @SXMCollege.,140123,2251,3669,0,True,85050,False,False,False,19509884,0,human
234633153,Demberel Sambuu,Demberel_S,mongolia,"MP 2012-2016,Currently serving as CEO of Economic research and Training Institute at Central bank of Mongolia.RT are not endorsements.",155855,2563,254,8436,False,158476,False,True,False,234633153,0,human
251967200,AllHipHopModels.com,AllHipHopModels,"Atlanta, Ga",All Hip Hop Models is the most complete Directory of Hip Hop Models on the Internet.  OFFICIAL SPONSOR --  https://t.co/scaMjX3IAJ,48390,40262,391,14958,False,156068,False,False,False,251967200,1,bot
73459349,Metro de Santiago,metrodesantiago,"Santiago, Chile",Somos  protagonistas del transporte público integrado de Santiago y trabajamos día a día por una mejor ciudad. Normas de uso https://t.co/DWIl8QCh5m,1771085,414311,2414,21040,True,322229,False,False,False,73459349,1,bot
169921388,EntreNubes,BobMarIeyES,,"La vida te pondrá obstáculos, pero los límites los limites los pones tu.",83271,20499,138,259,False,9250,False,False,False,169921388,1,bot
788792041,H&M Chile,hmchile,,Moda y calidad al mejor precio de una manera sostenible.,174593,351,86,412,True,4263,False,False,False,788792041,0,human
16330902,Anurag Harsh,anuragharsh,"New York, NY","Digital, Automation & AI Guru, LinkedIn Top Voices #1 in Tech, Author of 7 Books, Alum of @Wharton & @MIT",17798,150,53,308,False,1753,False,False,False,16330902,0,human
1373388738,un tal albo,David02sosa,🌟🌟🌟🌟🌟🌟🌟🌟🌟🌟🌟🌟🌟,"#CampeonInvicto
#42PartidosInvictos
#AlianzaHistórico
#ComoNoTeVoyAQuerer
#Soy13icampeón 
#6⃣0⃣",1877,926,5,27540,False,61144,False,False,False,1373388738,0,human
2868926868,✨Kayla w/ A C✨,alohacayy,"Louisiana, USA",BrittanyG.Seymour💜,1698,708,6,3873,False,18403,False,True,False,2868926868,0,human
83291674,AAN Afghanistan,AANafgh,Kabul,Afghanistan Analysts Network (AAN): independent Kabul-based policy research organisation - retweet does not imply endorsement,139198,253,731,303,False,13705,False,False,False,83291674,0,human
188615551,CHIEF,dav_dash,In Gods Arms ,"Father of LaciHyatt , KING DAVIN HYATT rip9/27/13-11/3/13 & LINCOLN BIUTIFUL HYATT ....I JUS WANT 2 PROVIDE 4 MY SEEDS A LIFE BETTER THAN MINES #FatherHoodGang",944,1133,28,338,False,38726,False,False,False,188615551,0,human
13862172,Jacob Appelbaum,ioerror,The Village; Be Seeing You!,Ethics enthusiast &&  الحب و الحياة في وقت قصير && cast iron club,92989,3435,3895,10675,False,68596,False,False,False,13862172,1,bot
4411292416,شموخي مذوبهم Ⓜ,maha9329,"New York, USA",follow ☝☝ unfollow ❎❌ ---------- 🔳 m.ahawi1👻( حساب راقي),1592,0,1,117,False,29747,False,False,False,4411292416,1,bot
186101324,د. جاسم المطوع,drjasem,Kuwait,‏‏‏‏‏الأمن الاجتماعي، الحب، الخطبة، الزواج ، السعادة الأسرية، المراهقة، التربية.. مفاهيم متعددة نغرد بها معكم ونستمتع بألحانكم :: +966504658654,1766414,78,3113,172,False,32205,False,True,False,186101324,1,bot
18775482,Jessica Drown ⚓️,JessicaDrown,"Raleigh, NC",Daughter of Christ • Finance Manager •,161378,74431,735,98429,False,28293,False,False,False,18775482,0,human
397493417,أحمد المرزوقي,abualia77,"دبي, الامارات العربية المتحدة","‏‏‏‏‏موظف حكومي | هاوي كتابة القصص والمقالات والخواطر | ‎#الوصل بدمي 💛

أعشق تراب الإمارات..اللهم احفظ دولة الإمارات وحكامها",936763,616783,575,5325,False,38151,False,True,False,397493417,0,human
14216123,Jim Cramer,jimcramer,New York City,I am founder of @TheStreet & I run charitable trust portfolio https://t.co/0UYF2Lp5X6. I also host @MadMoneyOnCNBC & blog daily on https://t.co/sGTJX6YxFA. Booyah!,1100952,558,12356,13068,True,92597,False,False,False,14216123,0,human
2968601413,Only Nash Aguas,AeignZackreyGFs,Nash Aguas Protection Squad,We're the OFFICIAL Aeign Zackrey Nash Victoriano Aguas GIRLFRIENDS ❤ Created only for NASHIES & NASH | Infinity love for our loves @AguasNash01 ➰,1187,140,1,3258,False,11308,False,False,False,2968601413,0,human
54260419,Andy Biersack,andyblack,,The Ghost of Ohio,955914,743,4464,247,True,12916,False,False,False,54260419,0,human
17187236,12 News,12News,"Arizona, USA","#Arizona's team for #breakingnews, #traffic, #weather, #sports and more. News tip? 602-444-1212 or connect@12news.com. A TEGNA company.",205295,12018,1693,15955,True,342693,False,False,False,17187236,1,bot
893613222,吉田四郎,bowwell5062,,はじめまして、吉田四郎と申します。趣味は旅行、お酒、食べ歩きです。ほとんどそれらをしてすごしています。その秘密はブログで公開中です。,786,1118,2,0,False,54223,False,True,False,893613222,1,bot
76070341,Bruno Rezende,brunorezende1,Rio de Janeiro ,"Atleta , matando um leão por dia! Leal aos meus principios e meus amigos e minha familia! 
Contato : bruninho1@alessandramenga.com.br",1015728,398,1554,161,True,10639,False,False,False,76070341,0,human
2408474918,PizzaRocknRollpku,rocknrollpizza2,pekanbaru,"Pizza,Burger,spaghetti,milkshake | jln hangtuah ujung depan jln pemuda (kulim),lengkapnya disebelah resto kubang.pekanbaru | hp : 0823-9024-7772",995,706,5,23,False,90926,False,False,False,2408474918,1,bot
336186680,Diario Futbol ⚽️,DiarioFutbol_mx,México,Cambiando la forma de vivir el fútbol. 📧somosdiariofutbol@gmail.com,898619,90468,1332,3377,False,6120,False,False,False,336186680,0,human
401827209,Kathryn ♡ Daniel,babyELRlCK,,"A fan account dedicated to the Queen and King of Hearts, Kathryn Bernardo and Daniel Padilla, since 111030. Spread the love with us! ♡",90584,84,35,4436,False,64794,False,False,False,401827209,0,human
17076218,New York Jets,nyjets,New York,"The official Twitter account of the New York Jets. One team, one goal. #1T1G",1214678,12026,7904,2007,True,58276,False,False,False,17076218,0,human
18633022,astridfontenelle,astridfontenell,brasil,"Jornalista, apresentadora, mãe do Gabriel! Riponga. Mas amo Chanel! Espirituosa! E de muita FÉ! || contato@noplanb.ag",1151407,1060,2965,14658,True,41078,False,False,False,18633022,0,human
448529505,夜雨,y66m83h11,,やっとこさ社会にでました成人済。とうらぶゆるゆると。Dグレ/銀魂/うたプリ/ハイキュー/青春×機関銃etc… ついプロはお取り引きについて簡単に。と自分についておまけ。 nanaやってますん。https://t.co/8Iptr9NjOh,840,831,19,7865,False,160163,False,True,False,448529505,1,bot
3801362175,笑ってしまう動画,gerapogera,,,1077,1444,2,3,False,10923,False,False,False,3801362175,1,bot
39321874,24h,24h_tve,,"Sigue la información al minuto en el @24h_tve y en https://t.co/RPKbiPhgmz

▪Facebook:
https://t.co/Qxjs7b5WSY
▪Telegram: https://t.co/8HhCbc82C6",1305498,748,7971,2145,True,237557,False,False,False,39321874,1,bot
291922856,𝑩𝑨𝑯𝑹𝑨𝑰𝑵𝑫𝑶𝑪𝑻𝑶𝑹,BAHRAINDOCTOR,Bahrain,"- الجنود عبر التاريخ .. كـ ""الحبر"" على الصفحات لا يُكتب عنهم .. ولكن لم يكن ليُكتب شيئاً بدونهم",144745,2011,342,625,False,77633,False,False,False,291922856,0,human
12815132,el mostrador,elmostrador,Chile,El primer medio digital de Chile,1575754,136,5827,1683,True,198692,False,False,False,12815132,1,bot
845360182607589376,️,brojobs,,,4,46,0,7,False,1,False,True,False,845360182607589376,0,human
619465123,Actualisimo,actualisimo,Latinoamerica,"Cubrimos lo que es noticia en América y el resto del mundo. Mantente actual, mantente actualisimo. Publicidad: actualisimo@hotmail.com",99528,3901,272,128,False,217432,False,True,False,619465123,1,bot
2244999191,TaTa✨,AllAboutTeraa,Miami,,1020,853,2,9597,False,13147,False,True,False,2244999191,0,human
223304073,Mundo Animal,EsMundoAnimal,España,Contactos para publicidad y campañas al al wa +59179606716,1061443,41,1139,34,False,23569,False,False,False,223304073,1,bot
386934416,ReVoLuCiOn BrAsiL,BotRevolucion,,"Estudios de Arquitectura, Administración de Empresas; Proyectos Sociales. Capacitador.",1012,74,24,10544,False,37506,False,False,False,386934416,0,human
5988062,The Economist,TheEconomist,London,News and analysis with a global perspective.  Subscribe here: https://t.co/owztJzwlmm,23543347,0,112401,309,True,163622,False,False,False,5988062,1,bot
948335156,Coca-Cola Türkiye,CocaCola_TR,,#KıpırKıpır bir Coca-Cola 🌟😍,86228,3,105,0,True,10445,False,False,False,948335156,0,human
3151691953,🍀元祖さん【おすみん】,6_ski,,【あるスポーツで元日本一】 clan:FoL. team:出鱈目[team master]IGN【FoL.がんそ】【出鱈目≠元祖】【がんそくん】,30771,119,14,34218,False,59551,False,True,False,3151691953,1,bot
61714263,xangie,angieskiff,chamber of secrets ☮ ,"📍Chicago, IL",1070,465,4,14199,False,19677,False,False,False,61714263,0,human
112431151,onemichile,onemichile,Chile,Cuenta oficial de la Oficina Nacional de Emergencia del Ministerio del Interior y Seguridad Pública (ONEMI),1418304,140,2789,550,True,69733,False,False,False,112431151,1,bot
184004752,マクドナルド,McDonaldsJapan,,日本マクドナルド公式アカウントです。,2687162,332,6221,15652,True,11830,False,True,False,184004752,0,human
81018959,ANASTASSIA SFEIR,ANASTASSIASFEIR,,Anastassia Sfeir YouTube,17463,392,61,302,False,32358,False,False,False,81018959,0,human
118667208,仮面ライアー217⛩,disnyna,COJIRASE THE TRIP・バケモノバケツ委員会,参拝者のみんなこんにちわ、またインターネットで会えたね⛩ 【 #コンパス メグメグモーション】 【#バケモノバケツ委員会はいいぞ】 【毎週火曜・金曜YouTubeに動画UP！】 【お仕事、ご依頼はこちら→ info@cojitri.net まで】,154359,664,2061,901,False,75191,False,False,False,118667208,1,bot
562445678,Nabil Lahrech,Aiekillu,Montréal,"Algerian, french-canadian. Twitch partner and YouTube content creator. For business inquiries contact@aiekillu.fr",300071,230,202,18973,False,35981,False,False,False,562445678,0,human
18871948,Jayski,jayski,The USA,"NASCAR News, Race Updates, Schemes & Links from https://t.co/4qqCmVe8Qn; EMAIL: jayski@espn.com",104297,1188,2345,1441,False,82847,False,False,False,18871948,1,bot
18657572,Michael Kukielka,DetroitBORG,,Technology Assimilator,147378,313,995,25714,True,70162,False,False,False,18657572,0,human
50687788,Macy's,Macys,,Must-have fashion & exciting events. Share your fave finds with #macyslove. Need help? DM us.,944665,1183,4462,8325,True,100822,False,False,False,50687788,0,human
77237454,BRENDA ASNICAR -,Asnicar__Brenda,"Argentina, Buenos Aires","Única e irrepetible, al igual que todos en este planeta... •MADE IN ARGENTINA• -----------Instagram: Basnicar #TodoAmorCeroOdio",997592,585,2071,2047,True,8456,False,False,False,77237454,0,human
391628219,サボさん,SABO_san_bot,スイちゃんとコッシーの間,Eテレ　みいつけた！のサボさん非公式bot。【サボさんと会話したい人向け】試運転中。★フォローする時は必ず説明書読んでね★たまに手動。反応ワードのご要望や何かあればDMかサボさんbotのマネージャー@ruyu_nicaまで。※さよならはブロックでお願いします【手動中、返信が遅れますがご容赦を】,1220,972,14,68,False,53623,False,False,False,391628219,1,bot
105711392,ホープ,hope_bot,,"FF13のキャラクター「ホープ」の非公式ボットです。
ゲーム内の台詞やちょっとした事を呟きます。挨拶もできます。
どうやら先人がいらっしゃるようなので、ホープ２号です（笑）
気まぐれで中の人も呟いたり。
追記：ライトさん（light_san_bot）とスノウ（snow_bot）ボット、出来ました。",848,826,72,0,False,479438,False,True,False,105711392,1,bot
153057640,ニュース速報(社会),ceek_national,,http://t.co/dbWCqVO1DDのフィード@社会を垂れ流すだけのアカウント。他カテゴリもまとめてフォローしたい人は上のリストで。,867,0,69,0,False,1021486,False,True,False,153057640,1,bot
15032862,CBS Chicago,cbschicago,Chicago,"CBS Chicago: The latest news, weather & sports for all of Chicagoland. Email tips to cbschicagotips@cbs.com or call 312.899.2200.",148063,2338,2846,2416,True,104317,False,False,False,15032862,1,bot
3383003321,Bieten Online,BietenOnline,,"Online Auktionen - Für jeden etwas dabei - Von Autos bis zu Münzen, Erotik Artikel etc. ein blick lohnt sich. http://t.co/su01ozK8xy",874,940,74,34,False,300582,False,False,False,3383003321,1,bot
2425410558,Julien Bam,Julien_Bam,"Aachen, Nordrhein-Westfalen",bin cooool,1698187,382,476,16829,True,7121,False,False,False,2425410558,0,human
65845089,サメジ部長,samezi,そこな,ゲームやツールや動画や漫画やMMDやVRコンテンツや世界を作るマンです。雑談SlackとアダルトVRの会というSlack Teamやってます。持病は双極性障害1型と不定の広汎性発達障害です。バーチャルYouTuberのアローザもよろしく。 @youtuberAROZA,1243,1095,102,6765,False,129415,False,False,False,65845089,1,bot
468655121,Dony,donygemini,Arizona ,Be the energy you want to attract,76324,28774,59,4,False,23071,False,True,False,468655121,0,human
253755500,JUANPA ZURITA 🇲🇽,ElJuanpaZurita,,Z1 COLLECTION OUT NOW ↙️,5447247,2864,2208,34048,True,20814,False,True,False,253755500,0,human
389320918,@𝘿𝘾𝙃𝙤𝙢𝙤𝙨,DCHomos,"Washington, DC","News, noise, food, sports, art, charity, fashion, TV, film, happy thoughts, all things LGBT+ in DC. 2X Best Local Twitter Feed, Best of Gay DC.",98019,9787,797,56580,False,170558,False,False,False,389320918,1,bot
45285656,Joe’s Law ☀️☕️🇺🇸🌟,JoeNYLaw,"Charmingville, USA ",Winning Verdicts•World🌎Traveler•Art&Ardor•Bleeding Black & Gold 🐧•Scion of Royalty👑•Baritone•Violin🎻•Guitar 🎸•🇺🇸 🇮🇱• #Glock• μολὼν λαβέ• #WalkAway #IFB,110498,70213,798,19666,False,104514,False,False,False,45285656,0,human
380663119,A Boujie 🐙,_AmberNicole,,Kayden🧡Kash,977,933,0,1892,False,29968,False,False,False,380663119,0,human
105547201,The Boss ®™,Beytell66,South Wales,Aspiring #tattooist Supporting #TattooTuesday & #BossApprovedInk #BossApprovedMotivation #SocialMedia #CFCFamily #Taken |Not all retweets are mine #DNT,92995,63065,314,27298,False,10623,False,False,False,105547201,0,human
385181678,Kostin Valentin,KostinValentin,,,1285,1892,1,0,False,6030,False,True,False,385181678,1,bot
590316679,AP Sports,AP_Sports,,"The top sports stories and insights from the global staff of The @AP, breaking news since 1846.

Please also follow @AP_Top25, @AP_NFL and @AP_Deportes!",124942,5847,2798,224,True,172658,False,False,False,590316679,1,bot
708378902557822976,blvdbeats,blvd_beats,,,1389,3534,2,12,False,3299,False,True,False,708378902557822976,1,bot
18424289,Al Jazeera News,AJENews,"Doha, Qatar","Breaking news and ongoing coverage from around the world. Follow @AJEnglish for unique perspectives, videos, and more.",1445304,373,18867,373,True,113986,False,False,False,18424289,1,bot
1490985685,Ajaz Khan,AjazkhanActor,"Mumbai, India",Bollywood Film Actor | Fitness Freak | Proud Indian | Ek Number Manas,206661,224,185,22643,True,18739,False,False,False,1490985685,0,human
25415355,Bob Pockrass,bobpockrass,,I cover motorsports for ESPN.,128919,11318,2555,1755,True,133868,False,True,False,25415355,0,human
115885449,꧁sͫeͦeͤdvillaͩgͬeͣ꧂,Seedvillage,「種」って呼んでくださいな,アイコン:秘密 大人です。来不拒去不追。もふどらやってます。アイコン補正かなり強め。かなり濃い性的嗜好してます。RTも多め！無濾過脳直ツイート。雌の鼠蹊部ほんと好き。いいものは拡散したいマン。とってもNSFW。地雷リストはhttps://t.co/D5DXD4FvUu へ,1387,1051,0,30669,False,242088,False,False,False,115885449,1,bot
17128975,CNN Indonesia,CNNIndonesia,,"News We Can Trust.
redaksi@cnnindonesia.com | marcomm@cnnindonesia.com | Download app: https://t.co/oE5SdSo1Km & https://t.co/RsVHQILD2w",260625,33,832,100,True,297591,False,True,False,17128975,1,bot
322756294,Kaka,aa_kaka,"Santa Maria, Brasil",Medbulanda vagando pelos vestibulares da vida,1657,810,3,57588,False,171323,False,False,False,322756294,0,human
716433889,عزوز,Azooz_1Q,المملكة العربية السعودية,"#Gamer 🎮 #Anime ✨ #Movie 📺 #japan 🇯🇵 Most of what we worry about, never happen",122816,122842,85,76,False,36496,False,True,False,716433889,1,bot
249575732,Sindir Aja dah,asikSindir,Indonesia,Mau nyindir? Follow @asikSindir! Berisi kata-kata sindiran yang sangat pedas!,93820,6,67,42,False,7119,False,False,False,249575732,0,human
53975347,CinemaNET,CinemaNET,México D.F. / Mexico City,Proyecto de cobertura y crítica fílmica 📽 con @charliedelrio #RobertoOrtiz  @deidali @GeneralaLola y @enriquefa86 | #iTunes 🎵 | https://t.co/ULRqtmZ1FD 📺,955942,243,1252,5266,False,14091,False,False,False,53975347,0,human
19678937,Canadiens Montréal,CanadiensMTL,Montréal,Compte officiel des Canadiens de Montréal / Official account of the  Montreal Canadiens #GoHabsGo 🏒🥅 https://t.co/93hXF76xnp |  https://t.co/qy0I97r13F,1472482,139,7154,2453,True,126040,False,False,False,19678937,1,bot
40940905,Dallas Art News,DallasArtNews,"Dallas, Texas","Art news & reviews for museums & galleries in Dallas, Fort Worth & Texas. @DallasArtPress @MrHolga @PMSIII #art #artnews #artreviews #dallasart #texasart",97363,51049,1736,951,False,25524,False,False,False,40940905,0,human
127549772,SPENDIN OUT NOW,iLoveMakonnen5D,5th Dimension(Earth),“Spendin” ft. @gucci1017 out now,131059,782,489,22014,True,111703,False,False,False,127549772,0,human
153323842,ニュース速報(スポーツ),ceek_sports,,http://t.co/g5f1pwvm7pからスポーツニュースを垂れ流します。他カテゴリもまとめてフォローしたい人は上のリストで。,902,0,61,0,False,666041,False,False,False,153323842,1,bot
290181133,Celeste Muriega,CelesteMuriega,zona oeste,creciendo... https://t.co/9e0nP0zjdq,133554,1226,182,44703,False,50146,False,False,False,290181133,0,human
1976799638,Athlete Tweets 🏈🏀⚾️,AthleticDesires,What.the.tweets@gmail.com,"Bringing you all the latest highlights, sports videos, stats, & other athlete content all day. Hit us with a follow & we will return the favor. DM for promo.",117618,79814,250,537,False,5223,False,False,False,1976799638,0,human
1171100534,高町なのは,_takamachi_n,,初めまして！時空監理局、空戦技教導隊所属高町なのは一等空尉です！大切な友達と一緒に全力全開で頑張ります！,883,277,13,80,False,122802,False,True,False,1171100534,1,bot
791449,adrienne tramway,solarpowerspork,60609,"hydration, hot sauce, having a bant. she/her. 🚡",1478,488,133,41030,False,212584,False,False,False,791449,1,bot
127973382,Jhon Henry,JhonHenryR,República medieval de Colombia,"Anhelar es mi verbo Toujours avec Dieu--- Bacteriólogoblasto ,
Nostalgico, romántico, melancólico y sarcástico.",93928,80227,178,66649,False,33262,False,False,False,127973382,1,bot
551984787,د. جواهر السيف♛اصايل,Jawaher_ALsaif,"London, England",دكتوراة في العلاقات الدولية ‏‏‏‏‏‏‏‏‏‏‏‏‏‏‏‏‏۩ بنت الشمس ۩ ●شخص واحد لن اسامحه حتى لو كان عند باب الجنه مترجياً باكيا هو من شوه سمعتي وقال عني ماليس بي♛,124912,3399,731,10584,False,169232,False,False,False,551984787,0,human
35359596,Demi Brasil,demibrasil,contato.demibrasil@gmail.com,Primeiro fã site brasileiro dedicado a cantora Demi Lovato | @mediadbr @tweetdaddlovato | Universal Music Brasil.,109055,169,1531,6595,False,137618,False,False,False,35359596,1,bot
3435630622,Mikete,caraimikete,Paranazão,ja que elas qué putaria o bonde nao te cobra nada- snap: wesleymiketa,1987,270,0,9859,False,4516,False,True,False,3435630622,0,human
331726637,HANDE | BALES,Handebales,İstanbul,,78730,66786,48,51100,False,105619,False,False,False,331726637,1,bot
2267288083,Aljen Callera,aljencallera,"Perth, Western Australia",i kiss the breeze,952,0,0,7825,False,54427,False,False,False,2267288083,0,human
440784095,O Cümleler,ocumleler,"İstanbul, Türkiye","Filmler, yazarlar ve hayatın içinden ""O"" anınızı özetleyen ""O"" cümleler...",1451615,0,735,29157,False,93526,False,False,False,440784095,1,bot
1959425161,Hayla,haylagoulart,"Rio de Janeiro, Brasil",seja luz 🌼,1481,701,6,21457,False,54036,False,False,False,1959425161,1,bot
14848513,National Air and Space Museum,airandspace,"Washington, DC",The Smithsonian's National Air and Space Museum maintains the largest collection of historic air & space objects in the world. Legal: https://t.co/dJOZaQ7IFu,200675,553,3814,3678,True,33554,False,False,False,14848513,0,human
543186638,Jhoseva Adrian,jhoseva,Buenos Aires Argentina 🇦🇷,"Me burlo de todo, no te tomes nada personal 🔞",80751,48088,140,3068,False,43850,False,False,False,543186638,0,human
527506722,24 Horas,24HorasTV,"Lima, Perú",Noticiero decano de la televisión peruana. Sigue nuestras tres ediciones por @PanamericanaTV.,184036,71,436,1721,False,98048,False,False,False,527506722,1,bot
175479697,Bennington,BenningtonShow,"New York, NY",2pm to 5pm Weekdays on SIriusXM 103,60985,688,342,7206,False,16961,False,False,False,175479697,1,bot
183052795,Gimena con G,gimeaccardi,Argentina,"Entre otras cosas, actriz. ✨",1240924,375,1484,15539,True,13919,False,False,False,183052795,0,human
199719062,Jesús Daza Castro,_JesusDaza_,"Valledupar, Cesar",Jurista Per Sæcula Sæculorum⚖️ •AllB• •JHS• •XXlll•,92399,27263,83,299,False,14931,False,False,False,199719062,0,human
1012481676524576770,Saltzman.,CamzEyes,Mystic Falls.,“How on earth do you always do that? It's like she appears out of smoke.”,1,8,0,2,False,15,False,True,False,1012481676524576770,0,human
227799456,Hicham Boulos,HichamBoulos,"Beirut, Lebanon",Musical composer. Holding a PhD in Dramatic Arts.,116380,329,90,35961,True,19576,False,False,False,227799456,1,bot
3189798943,✖,almalki05433,,مالك المالكي,619,2836,0,683,False,1214,False,True,False,3189798943,0,human
461918556,JON,DatKiddJonS,,,989,707,6,23627,False,52250,False,True,False,461918556,0,human
116611790,LEONARDO VILLALOBOS,LV797,"ÜT: 10.474028,-66.85989",Animador Venezolano Twitter Oficial Instagram @leonardovillalobos Info@leonardovillalobos.com,1087975,401,4277,55,True,42591,False,False,False,116611790,0,human
998977009056444416,Ana Clara 🌶️,anacclarac,"Porto Alegre, Brasil",Participante do #BBB18 / Administrado por @naoFabricio,246,2,0,1,False,26,False,False,False,998977009056444416,0,human
81577367,El Hematocrítico,hematocritico,A Coaraña,Born to riquiño,122743,1831,1187,40396,False,119491,False,False,False,81577367,0,human
237619353,Aja Vinet❄️☃️🥳🎉🎁🎂,ajadayne,⚜️New Orleans✈️🇯🇵Tokyo Bound,"Come on you Raver, you Seer of visions, come on you Painter, you Piper, you Prisoner, and Shine! - Pink Floyd",848,977,176,46260,False,201027,False,False,False,237619353,0,human
55659987,Daniel Hill,danielhill1336,Chicago:,"Pastor of River City (@rc3chicago), a multiethnic church in Chicago; author of #WhiteAwake and 10:10:Life to the Fullest; seeker of justice everywhere",88091,68714,783,26250,False,15424,False,False,False,55659987,0,human
927351564,البوابة نيوز,AlBawabaNews,Egypt,https://t.co/Vuqaasyksw,73311,11,251,0,True,330339,False,True,False,927351564,1,bot
80628196,AARP,AARP,,AARP is leading a revolution in the way people view & live life after 50,129182,1291,2576,3678,True,54962,False,False,False,80628196,0,human
109531911,Harian Bernas,harianbernas,"Yogyakarta, Indonesia","Akun Resmi https://t.co/wDEyZzRDA3 dan Koran Harian BERNAS yang terbit sejak 1946 , Inspirasi Bisnis dan Pribadi Bertumbuh",914005,5,620,163,False,44055,False,False,False,109531911,1,bot
1098366914,Яблоки Брендона,Miss__Jackson_,,"Мы перестали проверять, есть ли монстры под нашими кроватями, когда осознали, что они внутри нас.",887,468,30,1239,False,98818,False,False,False,1098366914,1,bot
1375507088,1D updates,1DAllUpdateess,,"One Direction updates / news here, only 1 owner BOY : @alaanpiris",84537,37374,196,456,False,43029,False,False,False,1375507088,1,bot
1322467172,Debbie Hammond,clockwkceo,global,@ImDebbieHammond @ClockWkEnt Build start up co's & artists.Proven track record all business from health care to entertainment.Moving mountains a stone at a time,442243,52915,341,8735,False,7970,False,False,False,1322467172,0,human
2768501,ABC News,abcnews,Australia,Latest news updates from the Australian Broadcasting Corp. This is an official @abcaustralia account.,1495994,1206,11736,2864,True,286380,False,False,False,2768501,1,bot
284566764,Marcos Salles,salles_marcos,,"Comunicador/Radialista, Estudante Universitário!
Diretor do Portal Expresso PB - http://t.co/KdwCj9jj3H",1072,895,2,128,False,25231,False,True,False,284566764,1,bot
251112856,Ahmet Reyiz Yılmaz,ARY_YILMAZ,Türkiye ,BİR İBRAHİM KAVGASI TÜRK İSLAM DAVASI BİR MİLLETİN KAYIP TARİHİ,254315,28,9,5934,False,5552,False,True,False,251112856,0,human
20566864,PROSTYLE,DJPROSTYLE,"NEW YORK, NY","Music Director for Power 105.1 New York🗽 On Air Personality for Power 105.1 🎤🎧 Husband, Dad & Party Animal 😎",680599,838,3089,2519,True,85864,False,False,False,20566864,0,human
904506863596724224,Nadine Lustre,hellobangsie,,Reserved for the real hellobangsie (currently handled by JaDine NATION for safekeeping),23622,3,3,2,False,4,False,True,False,904506863596724224,0,human
20117790,joanna coles,JoannaColes,New York,"Executive Producer @TheBoldTypeTV // Author of ""Love Rules"" https://t.co/hv46LHLZ1d //  Former Chief Content Officer @Hearst // Order of British Empire 🎖",135332,1689,906,15688,True,5829,False,False,False,20117790,0,human
86271665,Alex Crawford,AlexCrawfordSky,,Sky News Special Correspondent. Author of Colonel Gadaffi's Hat. Facebook: Alex Crawford Sky News Instagram : alex_crawford6  email: Alex.crawford@sky.uk,99230,2327,1469,1784,False,12487,False,False,False,86271665,0,human
1636329254,Hula Gona,hula_gonna,,,2319,1537,24,44586,False,59272,False,True,False,1636329254,1,bot
21313364,L'Obs,lobs,Paris,Compte officiel de L'Obs ➡ Suivez-nous aussi sur Facebook https://t.co/QCt3Z8kB1M et sur Instagram @lobs | Piloté par @iiiiide et @adrien_briand,1316193,333,9405,111,True,181311,False,False,False,21313364,1,bot
2374357068,LA FAMILLE ACKERMANN,clanackermann,Paris,"Si la famille ACKERMANN n'existait pas, il aurait fallu l'inventer... #LFA #familleackermann",18503,53,55,1373,False,8624,False,False,False,2374357068,1,bot
465085290,ASLAN RUHU,ASLAN_RUHU,,"M.K.ATATÜRK | ASY-Baba Gündüz-Metin OKTAY-Metin KURT-HAGI-Hakan -Bülent-TAFFAREL | Tarihine ve onu yazanlara Sahip çıktığın, Saygı duyduğun kadar BÜYÜKSÜN",84953,28,72,4494,False,19866,False,False,False,465085290,0,human
21111883,Demi Lovato,ddlovato,DALLAS/LA,"Singer, Songwriter, Actress, Entrepreneur, Philanthropist 💗 #Sober: https://t.co/Epmgxhvv2O",57374310,535,102159,2081,True,17080,False,False,False,21111883,0,human
870188413,Katya LK,ShishaLK,,,1340,991,0,0,False,2364,False,False,False,870188413,1,bot
100556581,DANDO CANDELA,dandocandela,"San Juan, PR",¡Show #1 de Farándula y Entretenimiento en Puerto Rico!   Lunes a Viernes 5:55pm por Telemundo Tu Canal Siempre #DandoCandela,113351,1087,325,1792,False,27112,False,False,False,100556581,0,human
2953383298,Judith 💕,judithacosta674,"Longchamps,Buenos Aires ","• A veces es mejor guardar silencio, sonreír y seguir adelante./ Leonina ♌",1086,1503,4,26490,False,20166,False,False,False,2953383298,0,human
43563720,#WuzDat Music Video Out,Boity,South Africa,BOOKINGS: info@adeagency.africa | Actress. TV Host. Entrepreneur. Musician. #OwnYourThrone👑 #WuzDat Music Vid - https://t.co/ZCAApE5KT3,2501941,2638,1640,22497,True,105576,False,False,False,43563720,0,human
148711787,العربية,AlArabiya,,العربية #أن_تعرف_أكثر,13899691,36,13403,2,True,166017,False,False,False,148711787,1,bot
2934134629,#سعد_سالم_,saad47179675,,اللهم ارحم من ضمه التراب وابتعد عن الاهل والاحباب واجمعنا معه بالفردوس الاعلى وجميع اموات المسلمين”,700,1515,1,47,False,30231,False,True,False,2934134629,1,bot
18735040,Bank of America Help,BofA_Help,http://go.bofa.com/BofAHelp,"Need help? Connect with us 8a-9p M-F, 8a-8p Sat, 8a-5p Sun (ET). Please don’t Tweet acct or SSN numbers. Twitter has access to & can use any info you share.",119656,62857,1046,22,True,770642,False,False,False,18735040,1,bot
97104042,RayClark ☠️🐍++®,DaReal_Rizzy,"Philadelphia, PA",⠀⠀⠀ ⠀⠀⠀ Rizzy Promotions ⠀⠀⠀ ⠀⠀⠀ ⠀⠀ ⠀ ⠀⠀ ⠀⠀ ⠀⠀⠀ ⠀⠀⠀ ⠀ ⠀ Est. 09’⠀ ⠀⠀⠀ ⠀⠀⠀ ⠀⠀ ⠀ ⠀⠀⠀ ⠀⠀ ⠀⠀⠀ Entrepreneur/Investor/Sponsor,86154,33347,272,727,False,43741,False,False,False,97104042,0,human
16814960,Patrícia Kogut.com,PatriciaKogut,,O Globo no Twitter - Acompanhe as atualizações do site da colunista Patrícia Kogut e troque ideias sobre televisão,1085644,438,2614,72,True,35628,False,False,False,16814960,1,bot
97537762,Bakhtawar B-Zardari,BakhtawarBZ,Karachi/Dubai ,"1st child born to a sitting female Prime Minister! MA(H) Literature @EdinburghUni, #SZABIST trustee & chairperson, tweets unfiltered #JeayBhutto ❤️",2276939,690,1459,13812,True,7552,False,False,False,97537762,0,human
120816414,AppleInsider.ru,AppleInsider_ru,Россия,"Лучшее из мира Apple.
Участники медиагруппы i10.ru",109338,12,1249,1,False,93901,False,False,False,120816414,1,bot
21771224,Bootsy Collins,Bootsy_Collins,The Land of Funkaholic's,"I am the P-Master of the Universe,Spreadin' Hope like Dope!",973739,401,4920,1491,True,18120,False,False,False,21771224,0,human
1652541,Reuters Top News,Reuters,Around the world,"Top and breaking news, pictures, and videos from Reuters.",20160289,1081,117098,781,True,351282,False,False,False,1652541,1,bot
872185597,Getty Images Sport,GettySport,Global,Follow us ➡️ https://t.co/3iyOHoZMvO,934578,13242,1321,5544,True,13942,False,False,False,872185597,1,bot
109651819,FOROtv,Foro_TV,México DF,El canal de información de la televisión mexicana,1445125,554,6623,823,True,513363,False,False,False,109651819,1,bot
39922594,The Diplomat,Diplomat_APAC,"Tokyo, Japan","The Diplomat: the premier international affairs magazine for the Asia-Pacific, covering politics, defense and society from China and Iran to Burma and Australia",138458,940,4102,815,True,71809,False,False,False,39922594,0,human
560646552,عبدالله الحنيان,a_alhanyan,Instagram : alhanyan,إعلامي في صحيفة الرياضية ads.hanyan@gmail.com,1213279,958,1746,22,True,15182,False,True,False,560646552,0,human
17442457,Cleveland Clinic MD,CleClinicMD,"Cleveland, Ohio, United States","News and insights for physicians and clinical professionals from @ClevelandClinic. Research, case studies and CME opportunities.",299192,1721,1517,401,True,25344,False,False,False,17442457,1,bot
18708066,Babble,BabbleEditors,LA / NYC,"Real talk on parenting - the good, the bad, and the sticky.",109820,6487,2012,5476,False,62491,False,False,False,18708066,1,bot
495103914,عبدالله القحطاني,_AV505,,[ يا كثر ما نَكتب تَغاريد وأشعَار ويمُوت مُعظَمها فـ مَهد الكِتابة ] - سبحان الله والحمدلله 🕊♥️-,968,19,1,7,False,19914,False,False,False,495103914,1,bot
771058757434572800,BJP Delhi,BJPDelhiState,"New Delhi, India",,71,1,1,0,False,3,False,True,False,771058757434572800,0,human
2594535174,Bukan Sekedar Wayang,BSWayang_NET,,Official account program Bukan Sekedar Wayang. Hadir Setiap Senin-Jumat jam 14.30 WIB hanya di NET.,89566,45,125,275,False,16708,False,False,False,2594535174,0,human
352132252,ばななん,0128tktk,ロン毛が似合う人って素敵だよね,音楽と漫画とアニメと映画 とけーぽ∞🐸∞🐴,910,916,26,7322,False,150340,False,False,False,352132252,1,bot
129712915,Bridgette West,BridgetteWest,"Charleston, SC",Daily vlogger with my best friend @Lyricoldrap 11/16/08💖 #VerifiedShannon on holidays; Coffee ☕️ & video games🎮 #KidBehindACamera #CameraCrew,196464,436,165,14015,False,14081,False,False,False,129712915,0,human
2259804247,lex,alexsadietrich3,,https://t.co/HZsIbyhLbt #AlexsaStrong tOSU | cancer survivor | 🎗,7965,661,32,9325,False,9876,False,False,False,2259804247,0,human
435372214,Carmela Tunay,carmelaloo08,Makati City,"📧 carmelatunay@gmail.com// Keep going, you'll get there.",119684,2553,151,52972,False,46581,False,False,False,435372214,0,human
2303471682,KLAA Sports,KLAASports,Michigan,Welcome to the Kensington Lakes Activities Association Twitter Page,1713,62,24,4,False,29574,False,False,False,2303471682,1,bot
51029993,Alejandro Sanabria,AlexSanabriaR,Venezuela,"Abogado. Le gusta la libertad, la tecnologia, la lectura y los deportes. Proteger a los animalitos de la calle. Instagram alex_sanabria_r",100365,21693,256,1617,False,61755,False,False,False,51029993,0,human
221866385,Magdyel Ugaz,magdyelugaz,"Lima, Peru",Actriz y Conductora / Eventos: 📞 986 663 419 /✉️ contactougaz@gmail.com,1203890,764,1111,8027,True,6499,False,False,False,221866385,0,human
2724427200,v,bahliss,,,781,66,10,30620,False,62856,False,False,False,2724427200,0,human
3365682132,あすと,Astonbeet,ニコ動,Spl:S＋99 / Spl2:X / SSB4:ゲッコウガとかマリオとか。ゲッコウガ窓所属 / 琴葉姉妹が好きです。/ あんまり動かないスマブラ垢→@asto_SSB4 / アイコン絵師→@__Hotate_08さん,1129,1203,27,8169,False,46624,False,True,False,3365682132,1,bot
2185879122,P. R A S E T Y A,iTweetGue,Bandung in LOVE,Kamu Adalah Alasan Kenapa Mantanku Diciptakan! ❤❤,64201,810,9974,808,False,106826,False,False,False,2185879122,1,bot
151041505,コンチ,DateConchi,MOE　E鯖　ELG,"こんちーす。コンチっす。
 MOEのE鯖ELGでがんばってます。",1251,1280,73,13663,False,78957,False,False,False,151041505,1,bot
497370467,Dylan - SMF 🌴,ImDylanKohl,jerrrrzzzz,Ex Reality TV radio host. Veteran Broadcaster. Obssessd w bass in my face. Paris Hilton called me hot twice & I put ketchup on everything.Snap/IG-ImDylanKohl🦖,93609,53542,126,48133,False,26872,False,False,False,497370467,0,human
27151820,Digital Business Solutions In South Florida,InSouthFlorida,South Florida,We create digital marketing solutions designed to help #businesses grow in their local markets. #MobileApps 📱#MobileFirstlMarketing - Let's connect 305-595-5078,98963,49225,1836,1459,False,448937,False,False,False,27151820,1,bot
115873334,高専の就職率を下げた奴,a_kamesaki,永遠のsoldier game対策委員会,μ'sワンマンライブ全通おじさん。 学生時代の専攻とは全く関係ないことしている社畜。 JGC修行したい。 昔、遊びすぎてどこかの陰キャに偽裏垢作られました。はよ消せやボケ。 二次創作マンアカウントはこちら (https://t.co/E2t5L0L4pz),863,1480,59,449,False,228080,False,False,False,115873334,1,bot
4849801408,guardando user,hereforsantoni,,That's my girls,24,57,0,6,False,169,False,False,False,4849801408,1,bot
2355004184,Drea de Matteo,dreadematteo,LA and NYC,SHADES OF BLUE,115716,295,351,2754,True,2108,False,True,False,2355004184,0,human
229674020,🏁,__BeeeJayyy,Instagram SS_Beeejayyy✌,✈ Snap - ChevyBoyBj,1146,881,8,2340,False,100735,False,False,False,229674020,0,human
214705156,ℬ𝒶𝒷𝒾,AsconaBabi,"Santa Fé, Argentina","💚 🅳🅸🅴 🆃🆁🆈🅸🅽🅶




































💙💛",1348,420,1,12121,False,12324,False,False,False,214705156,0,human
21749564,Mark Colvin,Colvinius,@amworldtodaypm ,"Presenter of PM, ABC Radio. Lifetime Lance-Corporal in the Awkward Squad. In bookshops now from MUP: 'Light and Shadow, Memoirs of a Spy’s Son'",99406,3071,1997,1580,True,165489,False,False,False,21749564,1,bot
34238668,Diario de Sevilla,diariosevilla,"Sevilla, Spain","Diario de información general, Sevilla. Newspaper, Seville.",175914,495,1722,135,True,65086,False,False,False,34238668,1,bot
2934009661,Cindy D. Perkins,CindyDPishere,"Illinois, USA","Here to keep informed about politics, support the Resistance, & occasionally help educate folks about having ALS. Also to love horses, dogs, cats, etc. ❤️",5575,5710,98,287156,False,201873,False,False,False,2934009661,0,human
94466609,D'MASIV,DMASIV,"Jakarta, Indonesia",D'MASIV are: @RianEkkyP @dwikkymarsall @raidmasiv @whypiadji @ramaramadhan__ Booking d'Masiv Band: Rachmat Susilo +62819 0514 1805 / Ario : +62813 8808 3303,1084204,5209,271,595,True,15471,False,False,False,94466609,0,human
14166096,Hannah Hart,harto,"Internet, USA",internet person + podcast person + TV person + book person + people person,1066292,930,4303,26224,True,21529,False,False,False,14166096,0,human
1342608199,خالد,kh2013aled818,الخبر ,لا تكْثر من الشَّكوَىَ فَيَأْتيكَ الهمْ ، لكِـن أكْثِر مِنْ الَحمْدُ لِلّـَّه تَأتيكَ السَّعَآدَه ـ.. ' ' لمشاهدة تغريداتي روح للمفضلة,789,1505,0,59,False,27872,False,True,False,1342608199,1,bot
78039816,Traffic Center,FMCENTER,,1er programa de servicio público de información del tránsito en Caracas. @Renatoyanez @JonathanQuantip @JQuinteroTC @Cesarjavierg Instagram @TrafficFMCenter,1776171,223,6696,962,False,227391,False,False,False,78039816,1,bot
14215938,Warren Corpus,WarrenCorpus,"Delray Beach, FL",Internet marketing pioneer & ex-microbiologist / old-school rap & bourbon connoisseur🥃 / Florida Gators 🐊 supporter,1072,1057,77,584,False,5513,False,False,False,14215938,0,human
2851938001,ขำขรรม,kkrumkrum,-รวมทุกมุขหลากหลายแนวหลายอารม-,อ่านแล้วต้องยิ้มอินๆกันไป5555แอดมินน่ารักทุกคนใจดีด้วย ทักมาคุยได้ปรึกษาได้น้าา5555555 ขอบคุณคนฟอลทุกคนนะคะจ้วบบๆ◡̈♡ขออภัยนะคะที่ไม่ได้ให้เครดิต ig:kkrumkrumm,2835796,73,163,52,False,12786,False,False,False,2851938001,0,human
865209535,خبير ايفون 👨🏻‍💻,iMrabtich,iMrabtich@hotmail.com,هنا ستجد الشروحات والاخبار التقنية وتطبيقات الايفون والايباد المفيدة،للاعلانات هنا @afa9_ads او واتساب 0599866212 الحساب بادارة @Q8app @khal0d99 @mrabtich,220029,100,1120,234,False,42804,False,False,False,865209535,1,bot
412545313,Aless 🦋,alessgardner,,from the 616,899,327,4,10621,False,9964,False,False,False,412545313,0,human
13657922,Des Moines Register,DMRegister,"Des Moines, Iowa, USA",The news Iowans have depended upon since 1849. Winner of 17 Pulitzer Prizes. Support local journalism by subscribing at https://t.co/M3wA9tGwwF.,151114,5036,2301,888,True,92880,False,False,False,13657922,1,bot
1016773517587537920,Pro LifeStyle,HuffPoLifestyle,United Kingdom,foodies 🍜 runners 🏃🏻explorers 🌍 lovers ❤️ dreamers ☁️ go-getters 👊🏽 feminists 💁🏼💁🏾,17,13,0,25,False,13,False,True,False,1016773517587537920,1,bot
76041806,Caro Morán,Carolina_Moran,México,CEO de @remindplanner•Conductora @td_deportes @tdn_twit ⚽️• Conferencista• Mindfulness • Yoguini•Entrepreneur• TedxSpeaker• contrataciones@caromoran.com,138961,2679,355,13848,True,19420,False,False,False,76041806,0,human
36100710,Gobierno CDMX,GobCDMX,Ciudad de México,Gobierno de la Ciudad de México,2579728,214,4085,36,True,121810,False,False,False,36100710,1,bot
38623068,GMA News Breaking,gmanewsbreaking,Philippines,Breaking news from GMA News in the Philippines. Follow @gmanews for more stories.,1416889,188,3328,96,True,367213,False,False,False,38623068,1,bot
1262399822,Eric Bott,BottAFP,"Wisconsin, USA",Father. Americans for Prosperity Wisconsin Director. We break down barriers and fight cronyism. Tweets are my own. Retweets/Favorites are not endorsements.,1692,2304,42,1090,False,7588,False,False,False,1262399822,0,human
385117198,Willie Eckerslike,cit_collins,WillieVille,Expat Brit now NorCal. RT=/= endorsement Photog #Event guy & v left. #CFC by birth #Buckeye by marriage User of Foul & Abusive Language!,2247,4999,61,32761,False,7461,False,False,False,385117198,0,human
22474811,Channel 955,Channel955,"Detroit, MI",Detroit's #1 Hit Music Station @mojointhemorn 5a-10a @joeontheair 3p-7p @ashleynics_ 7p-12a,194510,70388,447,14617,True,87414,False,False,False,22474811,1,bot
1587974648,1 Место,1Me100,Россия,"1 Место - универсальный сайт бесплатных частных объявлений товаров из рук в руки по всей России.
#объявления",24334,1016,5,4,False,10289,False,False,False,1587974648,1,bot
123750057,HerDaily,herdaily,U.S.A.,"Empowering, educating and informing multi-cultural millennial women.",16049,678,60,380,False,7875,False,False,False,123750057,1,bot
437622456,لاتحزن.ان الله معنا,algahtani0505,فوق الارض تحت السماء,"اذا كنت ذا رايٍ فكن ذا عزيمةً. فإن فساد 

الراي ان تترددا.",90974,0,46,811,False,78580,False,True,False,437622456,1,bot
716788525866332161,José G Rojas R,JGRojasR,Venezuela,Abogado UCV • Licenciado en Enfermería LUZ,189,102,3,21,False,3983,False,False,False,716788525866332161,0,human
6825792,Ian Bogost,ibogost,"Atlanta, GA","Writer and game designer. @GeorgiaTech Professor, @TheAtlantic Contributing Editor, @objectsobjects co-editor. Read ""Play Anything"": https://t.co/gu9vvchIOv",101139,4795,2358,41727,True,1484,False,False,False,6825792,0,human
467634392,carlos bacca,carlos7bacca,colombia ,TODO LO PUEDO EN CRISTO Q ME FORTALECE,1394058,316,1460,354,True,2882,False,True,False,467634392,0,human
3990931,MULTi,MULTi,Yokohama / FFXIV (Gaia:Ridill - Multi Wagtail),海外ゲームと映画が好きな鳥系男子です🦜。FF14とDestiny2で光の戦士。Web系のお仕事をしています。カメラはα7IIIとArt50mmとかいろいろ。鳥が好きすぎてバードライフアドバイザー2級を取得。オスッテ絵は@hdkUC様より頂きました。,853,1222,103,42260,False,210795,False,False,False,3990931,1,bot
147370518,Foro Dulce María,DMForoUnivision,Todo el mundo,Somos el Twitter del Foro de Dulce María. Siguenos y enterate de todo lo nuevo de @DulceMaria,94459,77,496,1093,False,84004,False,False,False,147370518,1,bot
1055490276,吉野四郎,yumitoshi5105,,はじめまして、吉野四郎と申します。趣味は旅行、お酒、食べ歩きです。ほとんどそれらをしてすごしています。その秘密はブログで公開中です。,1975,2544,2,0,False,88744,False,True,False,1055490276,1,bot
198963019,Jorge Abreu 💚🧡,ar_jorge1987,United Federation of Planets,"Another atheist Geek. Games,Linux, Power Metal,Astronomy,Wikipedia. The opinions expressed are my own and not those of the company. #PolemicaEnVar",2570,1324,142,204702,False,116699,False,False,False,198963019,0,human
2994592193,Julio,juliorj10,,"Primero siempre la #Libertad
No a la violencia en ninguna de sus formas. #Liberal #LET
Tu dinero, tu cuerpo, tu vida son tuyos, Tú decides",2094,795,40,14810,False,28610,False,True,False,2994592193,0,human
613508372,Guillermina Valdes,guillevaldes,♻️,"curiosa por naturaleza/mama de Dante,Paloma,Helena y Lorenzo🖐🏻de Necochea y canceriana~ https://t.co/9wGhIs0vde",1220871,171,565,1485,False,9616,False,True,False,613508372,0,human
35737385,BTCare,BTCare,United Kingdom,"The BTCare account is closing soon! For service, news and updates please tweet or message @bt_uk",129521,3232,744,4480,True,1600979,False,False,False,35737385,1,bot
866373247,Jhosis,AndresJose2513,,,90027,12,85,115,False,9,False,False,False,866373247,1,bot
614754689,lolesports,lolesports,Worldwide,The official @LeagueofLegends Esports Twitter account!,1758304,490,2887,1939,True,55243,False,False,False,614754689,1,bot
1367759732,Alastair de kretser,Alastairkretser,England,"Travel, tech and stuff 😀",43211,237,29,358,False,16586,False,False,False,1367759732,1,bot
378721847,Cami Fleitas,cammfleitas,Uruguay,Put your trust in the universe.,925,178,20,2695,False,26103,False,False,False,378721847,0,human
263710865,İKSV,iksv_istanbul,İstanbul,İstanbul Kültür Sanat Vakfı'nın resmi Twitter hesabıdır.,2582769,122,783,3258,True,5225,False,False,False,263710865,0,human
853171243,Aby Mouzakis,aby_mouzakis,"Indianola, IA",@_jjh40_,1429,1078,5,51926,False,22141,False,False,False,853171243,0,human
105082141,EFE Noticias,EFEnoticias,Madrid,"Perfil oficial de la Agencia EFE, la primera agencia de noticias en español y la cuarta del mundo. Otros perfiles https://t.co/HcAGHRI7Mp",1446130,63,16868,34,True,153936,False,False,False,105082141,1,bot
44412106,Design Exchange,DesignExchange,"234 Bay St, Toronto, Canada",CANADA'S DESIGN MUSEUM Hosting @EDITDX,88941,3088,657,3828,True,13192,False,False,False,44412106,0,human
146962935,binko's.,bbinko,,Illustrator มั้ง | เลี้ยงแมวหน้าดำกับหมาหน้าขาว | ภาพฟ้า พุทธรักษา ∞ Instagram : @bbinko,142076,131,67,3090,False,15435,False,False,False,146962935,0,human
14183021,Amal H,amaalee,,"history, faith, pop-/culture, travel, live acts, print media & animation, sap tales, coexistence, hybrid-ness, street fashion, JRR Tolkien +anything Japanese.",952,333,12,995,False,19255,False,False,False,14183021,0,human
25365536,Kim Kardashian West,KimKardashian, ,Come experience the #KKWBEAUTY & #KKWFRAGRANCE Pop-Up at @SouthCoastPlaza,59435373,143,81889,9,True,28681,False,False,False,25365536,0,human
101825544,Basketmouth,basket_mouth,"ÜT: 6.424594,3.419401","Eze Gburugburu 1 of Isiukwato L.G.A. Abia State A.K.A Bobby Sparkle A.K.A The Green Baby Hustler, A.K.A The Emperor A.K.A The Mafia Boss. info@basketmouth.tv",1641717,3665,1459,188,True,8779,False,False,False,101825544,0,human
3196067821,♨仙人♨️,9peartree221,,,932,1088,5,4895,False,2642,False,True,False,3196067821,1,bot
99561835,Hassam,oficialHASSAM,Bogota - Colombia,Hassam Contacto Oficial: Info@hassam.com.co https://t.co/uQDx1Ocmic,1216016,338,1133,21849,True,47916,False,False,False,99561835,0,human
106081433,Ashoke Pandit,ashokepandit,Mumbai,"Indian Filmmaker (Co-Producer, #TheAccidentalPrimeMinister) | Social Activist | Conservationist | President, @DirectorsIFTDA.",118265,278,408,23737,True,76634,False,True,False,106081433,0,human
71515969,ING Nederland,ingnl,Amsterdam,"Welkom bij het officiële Twitter-account van ING. We zitten voor je klaar op ma-vr 08.00-23.00 & za-zo 09.00-17.00. 

Deel geen privacygevoelige gegevens.",111103,19832,518,1507,True,181849,False,False,False,71515969,1,bot
1364383692,Rosario Fiorello,Fiorello,,"Mizzica ,minchia, camurria , o cucchiti, pani rattatu,granita ca  brioscia,scippari chiova che  renti,tirichitolla e tirimi a ciolla ammuccalapuni ,manciaciumi.",1342648,2479,1311,203,True,15167,False,False,False,1364383692,0,human
897287364355080193,なおみ,_32am,,,2,0,0,0,False,6,False,True,False,897287364355080193,0,human
15308156,Bishop Gary Earls,BishopGaryEarls,"Urbana, IL",Follower of Jesus Christ. Husband & Father. Fndr #RisenScepter Ministries Int. Training Pastors and rescuing Orphans in the 3rd world. No profanity! No DM!,64754,41905,399,135,False,24571,False,False,False,15308156,0,human
2423734735,薙捺*,Chinatsu_3938,桃源郷,ちなつです。本垢。とめぃとぅ🍅とかぽてぃとぅ🍟とか。✩最高の相棒▷▶︎【 @mame7231 】ジャンルごちゃまぜ雑多垢なので主ジャンルも違うのも呟く 広く浅くの雑食 夢•腐だいすき 地雷は特になし 同担拒否ないです なんでもすきです。,781,565,38,35179,False,36892,False,False,False,2423734735,0,human
822377750497345536,はるりん,_AyNu,福岡,| AVA / DBD / PUBG / MHW | ぶす ↪︎ @Aktynp0,168,130,2,4323,False,7341,False,True,False,822377750497345536,0,human
24993400,Fresno,fresnorock,Brasil,Twitter oficial da Fresno / Fresno's official Twitter feed. Atualizado pelos próprios integrantes. Contato para shows: HF Shows - https://t.co/e28mpMzU8M,1012947,80987,3964,346,True,7029,False,False,False,24993400,0,human
2260304978,ちゃーりー@27ベイサイド無銭( 日向麻衣華 ),cha_ri_1102,紫の美少女,福岡を中心にソロ活動してます！ROCKがだいすき！Instagram▶︎cha_ri_official リプは気まぐれプリンセス👸DMはご予約関係のみ！ 期間限定cherishのサポートメンバーさせてもらってます🍒,2198,2311,40,15264,False,29673,False,True,False,2260304978,0,human
112690339,朝日新聞　国際報道部,asahi_kokusai,世界のあちこち,朝日新聞国際報道部のアカウントです。世界中に散らばる特派員のつぶやきをＲＴして紹介します。また、日々のニュースやデジタルコンテンツの見どころもお伝えします。,112227,15460,8423,156,True,41321,False,False,False,112690339,1,bot
238149950,BandNews FM Brasília,bandnewsbsb,,,210403,183,267,62,False,22348,False,False,False,238149950,0,human
234407271,Hanifa Begum,HunnyBegum,"London, Essex ",No DMs please.,77111,44264,179,19422,False,52948,False,True,False,234407271,1,bot
2214647953,Ahmet Dönmez,AhmettDonmez,,"Turkish Journalist / in Exile, 
Patreon: https://t.co/hy2nL6G6Jc",97456,1474,296,2488,False,15335,False,True,False,2214647953,0,human
341946933,Nina Gomez,AsWeAreInfinite,"In a galaxy far, far away",I solemnly swear that I am up to no good.,1309,876,7,29340,False,44890,False,False,False,341946933,0,human
2287140961,chinoca,conssf,Coimbra/Braga,universidade de coimbra a fingir que sei matemática,1661,602,24,114634,False,113971,False,False,False,2287140961,0,human
2654439500,Controle Dois 🎮,ControleDois,"Vancouver, Canadá.",Canal para a comunidade gamer desenvolvido pela @BBTVBrasil. https://t.co/r9KhjGG4l5 Para parceria: https://t.co/tMnlMYSXVS,159147,313,107,3303,True,17939,False,False,False,2654439500,0,human
1334673584,ゆーくん★夜行性★@優子＆ななたん推し,48group_love,茨城の北のほう,48グループファンです！ 基本的にDDです！ 4/28 昼公演参戦済                                                    自称進学校の高３受験生                                                   気軽にフォローしてね♪,830,1383,4,18,False,72152,False,True,False,1334673584,1,bot
43910684,Cadena SER,La_SER,,Cuenta con la SER. Pase lo que pase.,1157518,785,10660,0,True,138501,False,False,False,43910684,1,bot
574168493,Ewan McGregor,mcgregor_ewan,,,1363589,184,5721,114,True,4239,False,True,False,574168493,0,human
713317677,flo 🌹,calumscene,2/4+band || fan account ,⠀⠀⠀⠀⠀⠀⠀⠀⠀⠀ ⠀⠀⠀⠀⠀⠀⠀ calum hood enthusiast,89004,22649,310,71721,False,32198,False,False,False,713317677,1,bot
1375647900,caroline,_Carolineee33_,"Pullman, WA",Washington State University ☆ Kappa Delta,1353,705,2,43493,False,26216,False,False,False,1375647900,0,human
198830228,Evanna Lynch,Evy_Lynch,Ireland,"Actress, vegan activist and aspiring cat. Co-founder of @kinderbeautybox.  Creator and host of @chickpeepspod.",1195715,621,5306,2041,True,6659,False,True,False,198830228,0,human
14941525,Anime Expo,AnimeExpo,"Los Angeles, CA","Bringing fans & industry members together for an annual celebration of Japanese pop culture. Join us for #AX2019 July 4-7 (plus, Pre-Show Night July 3) #AXHelp",182499,1365,1260,11563,True,16274,False,False,False,14941525,0,human
116313517,Chino Navarro,chino_navarro,Argentina,"Peronista-Kirchnerista, militante del Movimiento Evita.",104590,6795,802,704,False,49398,False,False,False,116313517,0,human
759460784,خاين,ll6x6ll,قلب أمي,إقرأوني كما أنا . ﻻ كما ترون أنفسكم,460969,555900,150,103,False,5914,False,True,False,759460784,0,human
220195443,"Carolyn A Brent, MBA",carolynabrent,California | Florida,https://t.co/HKHL7AM2oe 🌎Transforming Your Life through Self-Care...📚Pre-Order Here ➡️https://t.co/LWX6JZziN8 Discover... What's In It for YOU?,33041,7476,190,4956,False,23435,False,False,False,220195443,0,human
2425706237,cheski✨,chineyska,,20👑 | el f state 🏢| rip mi gordito galla 👼 |💏❤️|,2157,1129,13,14410,False,88902,False,True,False,2425706237,0,human
863262342,محمد بن سليمان,a371771,المملكة العربية السعودية,اكتب مايروق لي وليس كل ما اكتب اقصد به شخص معين كتاباتي تعنيني وعذراً لعقول البعض. --- BBM: 5402FFC3 insta:Mohamad_A37177/ سناب a371771,15834,11816,6,5863,False,117497,False,True,False,863262342,1,bot
2795208109,Karen.,CarvajalKaren12,"Pasto, Colombia",|S.V| |G.G| #BLR 🇨🇴,1300,450,14,56763,False,56299,False,False,False,2795208109,1,bot
37019708,Apple News,applenws,United States,#AppleNews: Latest news about #Apple ( #iPhone) . We are not related with Apple® .,1107536,46,6701,459,False,164553,False,True,False,37019708,1,bot
24581048,[[DONDRIAnicole]],Dondria,Dallas✈️ATL✈️LA,"God , Love, Music, and Fitness.",94987,2590,1168,9536,True,42506,False,False,False,24581048,0,human
1422608701,b,ba_rooke,,,971,786,5,27180,False,31847,False,True,False,1422608701,0,human
2569286801,Bea,beatrizzz00,"New York, NY",🥀,1474,98,23,212466,False,145157,False,False,False,2569286801,0,human
547977614,In House Producers,2themillbeats,,#MusicArtist Download Up to 6 FREE BEATS Here https://t.co/UkuV9Ry2lp #MusicProducers Get Free 30 Day Beat Selling Formula Here https://t.co/NEbf310G8f,107746,0,434,0,False,374930,False,False,False,547977614,1,bot
456177793,140journos,140journos,iletişim: info@140journos.com,"140journos, türkiye’yi anlamak için orijinal belgesel dizi ve programlar, nitelikli araştırmalar ve görsel hikayeler üreten bir yeni medya yayıncısı.",217618,76,1272,2571,True,70996,False,False,False,456177793,1,bot
1708812864,Chuli 🍄,Chuly_gomez,IG: chuligomezz,"¡ Pararte y dar pelear ! 💮                 

Sagitario 1997",955,978,0,5744,False,30589,False,False,False,1708812864,0,human
74666509,Johanna Kiray Celis,kiraycelis,,"Maganda\Matangkad\Mahiyain.. Yan ang mga wala sakin, kaya wag niyo ng hanapin! BATANG DAGA turned into DALAGANG BAKLA!",1125257,576,1275,0,True,85501,False,False,False,74666509,0,human
94805910,ADDIE MS,addiems,,"Twilite Orchestra

Instagram: @addiems999

torch@dnet.net.id 

Contact: Budi:  +6281287432965
-",2276491,399,755,9876,True,57968,False,False,False,94805910,0,human
41246008,Colombia Digital,colombiadigital,Bogotá,"Organización que promueve el uso y apropiación de las tecnologías de información y las comunicaciones (TIC), en beneficio del desarrollo social y económico",117912,15298,1502,5824,False,101766,False,False,False,41246008,1,bot
55631242,ana maría simón,anamariasimon,madrid,actriz | insomne| productora |📍madrid | contacto 📩 soydepuramadre@gmail.com,1138498,714,3744,542,True,14662,False,False,False,55631242,0,human
19524742,LaMusicaDeHarryFraud,HarryFraud,,SRFSCHL 🌊 HarryFraudBeats@gmail.com,106073,916,534,331,True,24154,False,False,False,19524742,1,bot
367926511,128K AmadorAuad عواد,butkita,Chile,"Ingeniero,Filósofo de corazón, Poeta por vocación, Gte. de Butka la marca del Canguro, Ropa de Seguridad Líder del Mercosur. Activa mis notificaciones 4/09/2011",128535,49419,165,93,False,9529,False,False,False,367926511,1,bot
1062317300,queRelajo,que_relajo,,,945,848,10,0,False,89480,False,False,False,1062317300,1,bot
194321816,Kerri Jablonski,iamthemaven,"Seattle, WA",My name is Kerri & I have a red shoe problem.  Autism mom. 3 great kids. Family lifestyle blog. Twitter Party Host.  I love tea & chocolate. Lots of chocolate.,100020,68275,1673,1706,False,108610,False,False,False,194321816,0,human
342299986,️️️️🐋,brialenay,on a cloud ☁️,do you boo ✨,1093,820,3,33871,False,38761,False,False,False,342299986,0,human
1085149063,Lannes Del Rey,LannesDelRey,"New York, NY","sem paciência para bio, vai logo ver os tweets",1149308,23217,1323,58621,True,103971,False,False,False,1085149063,0,human
549893437,FashionTips👩🏻‍🎤,FashionistaES,En todos lados 📍,Fashionista | Style | Beauty | 💕 | ✉️: contacto.fashionistaes@gmail.com,1009738,62,1068,2132,False,11417,False,False,False,549893437,0,human
1474357436,اخبار ومواعيد الرياضة العالمية,Ars3Follows,,‏‏‏‏‏‏‏‏حساب ‎‎‎‎#عاجل ومتواجد 24 ساعة لاخبار ومواعيد المباريات والكورة والرياضة العالمية,118936,54629,193,38,False,52669,False,False,False,1474357436,1,bot
968133364485185536,Gearbox Software,GearboxSoftware,,,2617,0,3,0,False,1,False,True,False,968133364485185536,0,human
18469490,for KING & COUNTRY,4kingandcountry,"Nashville, TN | Australia","#burntheships, the album is now available!! ➡️ https://t.co/sUIkViTaUA | We are: @JoelSmallbone & @LukeSmallbone | Snap 👻: forkingcountry",126478,265,801,17206,True,21395,False,False,False,18469490,0,human
1541524698,Bosnak,BosporusCaptan,"İzmir, Türkiye","Sevismeden uyuduk, Sıla'ya da cok ayıp oldu aşkım.",72207,61716,30,26697,False,187296,False,False,False,1541524698,1,bot
226266379,The Magic Man 🎩,AntonioTarver,"Orlando, Tampa, Miami, Fl.",For all business inquiries contact Vancordent@gmail.com 🥊🎤🎧🎥,95032,2040,332,8344,True,18443,False,False,False,226266379,0,human
2368540076,♠️Black Man 225K♠️,Black_man_666,I dont know,فحل خال حار🔥 نياك عشقي المكوه للجادات فقط و للسكس فون و اللي عندها اعتراف تجي .. BBM: 5A6452D2,227824,6689,1760,21,False,55752,False,True,False,2368540076,1,bot
14346303,Jerry James Stone,jerryjamesstone,"Sacramento, CA","Food pornographer, full-time vegetarian, unapologetic liberal, beard model, and I say hella too much. My tweets are tasty, geeky or just plain odd.",73387,1930,1343,70762,True,65315,False,False,False,14346303,0,human
146808904,Andrey Egorov,andegorov,"Russia, Moscow","Твиттер жизнерадостного пессимиста. ;)
Писатель, журналист и блоггер.",76324,65886,250,20,False,32554,False,False,False,146808904,0,human
1723234506,amber,BozemanAmber,,Bradley University Women's Basketball #25. snap:Chicago7 | insta: ambernicolebozeman |💙1920,1103,891,2,7158,False,7550,False,True,False,1723234506,0,human
110936556,KBS World TV,KBSWorldTV,"Seoul, Korea","KBSWorld provides 24/7 streaming service on Korea's latest & most popular programs🌎 #MusicBank streaming LIVE, https://t.co/qToBXTzkl1 every FRIDAY at 5PM(KST)",1893905,718,4483,3221,True,33395,False,False,False,110936556,0,human
46092587,MuZic King,iAmMuzicKing,"Los Angeles, CA",#RokkStar BookMuZicKing@Gmail.com | https://t.co/HtcStdHYkR https://t.co/zIrfCi9yzo https://t.co/vX2usmbz9S https://t.co/Ng1AWweMXt https://t.co/laSssDR6xO IG: MuZicKing,112099,100107,785,5811,True,102526,False,False,False,46092587,0,human
2320102094,Belén⚓,BeeluCaB,,♈ Aries || Belgrano de Córdoba⚓ || 15/09/13✌ || αgυsτιηα γ gιοναηηι♡♥♡♥,888,0,2,2587,False,25829,False,False,False,2320102094,0,human
629193910,❗ بنــدر ❗,b050599,. .,كن دٱئمٱ رٱقېٱ بأخلٱقگ ❤ ❗ . . . . ❗,90848,84244,37,3845,False,39404,False,True,False,629193910,0,human
255493944,МИД России 🇷🇺,MID_RF,Москва,"Официальный аккаунт Министерства иностранных дел Российской Федерации 🇷🇺 (For tweets in English please follow @MFA_Russia, Cuenta en Español - @MAE_Rusia)",1176701,1277,2498,19387,True,52868,False,False,False,255493944,1,bot
348332150,Tweet Noticias,TweetNoticia_,Internacional,Tweet's noticieros en español las 24/7,1106,1,68,1,False,490216,False,True,False,348332150,1,bot
913028718377005056,Chev_Chelios7,Chev_Chelios7,,,15,54,0,25,False,77,False,True,False,913028718377005056,1,bot
78723428,Nitu Pérez Osuna,NituPerez,Venezuela,"Periodista Venezolana, Amo a mi país",1732541,974,4504,177,True,26665,False,True,False,78723428,0,human
1058832738,Цитаты и Афоризмы,AphorismRU,,"Фразы, Статусы, афоризмы, поздравления, тосты и многое другое от проекта aphorism.ru для вас.",19871,224,27,1,False,236354,False,True,False,1058832738,1,bot
67145296,Dayo Adeneye. H.C,Dayod1adeneye,Instagram @dayoadeneye,"Hon. Commissioner For Information & Strategy, 
Ogun state.",122908,1034,301,2148,False,7987,False,True,False,67145296,0,human
465521654,あかり大好きbot、,akari_daisuki,,「わぁい○○ あかり○○大好き」をひたすらツイートする非公式botです。Wikipediaかタイムラインから言葉を拾います。フォロー返しが欲しい場合「フォローして」とリプライを送ってください。 @akaripedia もご一緒にどうぞ。何かあればDMください。,99854,73722,2958,5,False,211536,False,False,False,465521654,1,bot
278516784,Мария Кожевникова,makozhevnikova,Москва,https://t.co/m83jVlOHwz,897885,263,1446,25,False,18133,False,False,False,278516784,0,human
4307623643,しろそく！- 白猫まとめ！攻略速報！,46nekopj,,しろそく！- 白猫まとめ！攻略速報！の更新情報をツイートしています。 https://t.co/FSA3OOrepz,88,3,0,4,False,19,False,True,False,4307623643,1,bot
2251584776,🍷,temporaryniell,,"sometimes, I question why I still use twitter because of all the negativity. but aye, I’m still here.☕️ fan account",1530,1089,20,82007,False,90706,False,False,False,2251584776,1,bot
2898882306,関根＠モンストハマり中,gonegonems,,モンストにガッツリハマっています。引張ハンティングおもしろいｗ今は東京ででざいなーとしてゲームのキャラクターを作っています。いずれは、モンストのような売れっ子ゲームのデザインもしたいです＾＾,984,2157,3,0,False,46832,False,True,False,2898882306,1,bot
271624701,Danni Lopez,DanniWithAnEye,"Lynn, Mass",Living day to day. Nothing is promised in life besides death! Appreciate your life because its a blessing..51315❤️,76914,1347,52,4067,False,25665,False,False,False,271624701,1,bot
1383873656,Daniela,Dann089,"Lisboa, Portugal",who said I was an angel?,1646,455,8,21135,False,90320,False,False,False,1383873656,0,human
703515914524872705,#آيقنت🎶,ii6vil,حنايا قلبه,ᵗ♩,5080,2378,8,10,False,25,False,True,False,703515914524872705,1,bot
2200899777,2/18 😜,Dai2xs_,,IAmARoleMODEL Rest Easy Ms. T & Aunt Jackie,1172,985,1,1126,False,8458,False,True,False,2200899777,0,human
180503626,Philadelphia Eagles,Eagles,"Philadelphia, PA",,3403505,112,8061,4940,True,48016,False,False,False,180503626,0,human
79194034,Dinçer Güner,dincerguner,İstanbul,"Astrolog, Yazar, Köşe Yazarı @gazetesozcu @MarieClaireTR  Danışmanlık ve Eğitim #astroloji  ♉♏
https://t.co/1LwGWmcGIJ",134135,21629,272,223,False,137517,False,False,False,79194034,1,bot
18179554,Christine Korda,Christinekorda,"Toronto, ON CANADA",Chief Influencer Officer @ The Influential Agency |#StealthMode | Forbes Top 50 Digital Influencer List,85773,28845,4006,2436,False,33615,False,False,False,18179554,0,human
101879887,Kellan Lutz,kellanlutz,World Explorer and Adventurer,😇Matthew 5:14-16. 🙏Jesus 💍 @brittanybg 🐶@kodakodaks 📧 ryan@zerogravitymanagement.com 💪@KELLANLUTZ is my ONLY username for all social,978572,1199,9354,3906,True,10875,False,False,False,101879887,0,human
21255978,Melanie Brown,OfficialMelB,"LA,UK,NY,OZ,the whole world",scary spice Mel b! contact purpleowluk@gmail.com Order my book #BrutallyHonest Audiobook: https://t.co/N222752roW Book: https://t.co/q2vR3CC4WC,1065746,460,3946,126,True,13026,False,False,False,21255978,0,human
535837673,رتويت الهلال+56,a2010ab,,تبادل رتويت 5/5 من المفضلة وعطني تم,75716,36010,39,416,False,6534,False,True,False,535837673,0,human
310333445,Aragua,AraguaTamanaco,Venezuela,Venezolano vivo en el estado Aragua amo mi país,110520,112608,151,18964,False,125095,False,True,False,310333445,1,bot
19990540,Jayla Starr,JaylaStarr,"iPhone: 36.084426,-115.163780",I ABSOLUTLY luv my job! It turns me on 2 know that I'm makin sombody else horny! I'm re-designing my OFFICIAL web-site so check out my blog http://JustJayla.com,91600,506,1261,68,False,69352,False,False,False,19990540,0,human
3300861167,Nick Snider,itsNICKSNIDER,"Florida, USA",hi how the fuck are you doing? @theviewersvoice,17656,379,20,6554,False,10787,False,False,False,3300861167,1,bot
3306286357,AlDub,aldubnation16,AlDub Nation,Twitter account of The Most Updated Facebook page ( 1Million members and counting),115592,40,58,1373,False,36245,False,False,False,3306286357,1,bot
52552927,Atlético News,atleticonews,"Belo Horizonte, Minas Gerais","Nossa missão é manter os atleticanos informados sobre o GALO.
Insta: @oatleticonews / Facebook: https://t.co/TMEESpjMIY",128022,619,426,51577,False,104599,False,False,False,52552927,0,human
1274894250,Raghu Vohra,BlackstoneVG,LA/Dubai/Bangalore,"Angel Investor-Fintech executive, Entrepreneur, ExecTeam @4startups in fintech,Dog lover,java junkie-data,ideas,metrics,deals!RTs ≠ endorsements!Views personal!",14464,679,282,1604,False,23193,False,True,False,1274894250,1,bot
1445019458,❁,agusss_n,"San Rafael, Argentina",❁ amorxlasmargaritas❁ ♡♡♡➳,1100,731,2,20588,False,25064,False,False,False,1445019458,0,human
2458685627,LEO,cupsleo,Belgrano -Capital Federal HxH ,"conocer, pasarla bien, abierto a lo que se valla dando. no tantas vueltas",1051,0,2,14491,False,4080,False,True,False,2458685627,0,human
583783046,Pedro Bial,BialCitou,Brasil,"Twitter em homenagem ao escritor, cineasta e apresentador Pedro Bial. | Pensamentos e frases de Bial e outras frases diversas. | #Contato: Via Mensagem Direta.",136526,13,175,537,False,54604,False,False,False,583783046,1,bot
103618826,diana beliebs,dianaguelec,,Know the truth. Ignore the hate. Do good work. Keep it moving. Live positive. Be patient. Give back. That's what I'm about. #ColdWater & #LetMeLoveYou out NOW!,89114,100567,215,3983,False,235952,False,False,False,103618826,1,bot
240734425,New York Giants,Giants,,👻: NewYorkGiants,1808623,388,7941,497,True,41848,False,False,False,240734425,1,bot
143531181,Akhbar | أخبار الآن,akhbar,Middle East | الشرق الأوسط,حساب #أخبار_الآن الرسمي الوحيد من #تلفزيون_الآن @alaantv هنا تجدون تقاريرنا الحصرية وأخبار حقيقية، #عيش_الآن معنا. https://t.co/9jmBydIxuS,1283216,49,2251,1643,True,280629,False,False,False,143531181,1,bot
336004914,Brett Hall,BrettHNews,RTs & links ≠ endorsements,Journalist @WAVY_News. Formerly @CNYCentral. Active @spj_tweets @rtdna member & @merrillcollege alum. There is no freedom without a free press. John 8:32,1743,1492,56,1539,False,15583,False,False,False,336004914,0,human
1002706964,Bro Science,BroScienceLife,"Los Angeles, CA","Bro Science: 50% Fact 50% Magic 100% Results
Buy Sweet Merch: http://t.co/3nVN1sy3ck
Gnar Pump pre-workout: http://t.co/7INJo9zbs2
FB: http://t.co/VBhbdEPjQw",114864,5,208,321,True,1617,False,False,False,1002706964,0,human
272140744,Rachel Osborn,rleeosborn,,"I'm a SAHM of two, a blogger who loves baking, crafting, and all things organic! I'm also a Pure Haven Essentials consultant! I'm PR friendly! :)",4625,3015,380,2232,False,17524,False,False,False,272140744,1,bot
268556198,Best Video Games,BestGamezUp,Toronto,All about Best Games in the world  Promo: admin@gamezup.com,92875,79837,692,6,False,989943,False,False,False,268556198,1,bot
76266622,DAC #MrVersatile,datoacmizal,"3.141212,101.708","FOUNDER SYIOK TV!❤️my WIFE n DnF.DUTA SHURE N ACPEACEYALLLOVERS BUSINESS ICON ENTERTAINMENT SEBA2016 DUTA AEROCAR,CHAIRMAN IDEALIST,OWNER POLLO MENDI by DAC",417919,216,179,6945,True,80315,False,False,False,76266622,0,human
15912508,Dawn Abraham ✰,Dawn_Abraham,Los Angeles California  USA,✰ CEO Top 4 Business Coach # 2 Marketing Expert on Twitter~Social Media Success Mindset 75+Awards Sales Author Mentor Entrepreneur Speaker Branding Influencer,102440,67224,2462,7060,False,71059,False,False,False,15912508,1,bot
449470627,💙 غروب,3roOpal5aja,,اسفه لم يعدالخاص يهمني مهمل( دائماً اجعل أخلاقكگ هي من تنوب عنك أثناء غيابكگ ?.,770,56,3,27,False,42641,False,False,False,449470627,1,bot
2359365300,Chaiane,Chai_Marques,,o nosso tempo é hoje,990,980,1,3593,False,22515,False,False,False,2359365300,0,human
267425142,Damian Lillard,Dame_Lillard,,They say the truth shall come to the light...so everybody grab ya shades cuz ya boy that bright. (Instagram: DamianLillard),1574660,2256,3738,1658,True,20023,False,True,False,267425142,0,human
548768095,منااادي.(404).الشووق,305304,,وافين للوافين لو كان ماكان ،،،،،،،،، وش لذة الاعمار لو ماوفينا.......(🇸🇦 الثمد 🇸🇦)................................,101743,86870,164,20,False,7440,False,True,False,548768095,0,human
307233876,藍屋敷おくむらweb master,aizome_jp,日本,藍屋敷おくむらweb masterのTwitter。　http://t.co/BUWlcHsNyI　http://t.co/OIvc5r5Box　http://t.co/PG8UFADuoX #徳島 #藍染 #藍染め,88972,99115,253,20836,False,55557,False,True,False,307233876,1,bot
82139514,dondon hontiveros,dhonts7,,"Matthew 7:24,25",99513,208,288,2520,False,8100,False,False,False,82139514,0,human
1081628124,Florr♡,FloorPaezOk,"Lomas de Zamora, Argentina",Instagram: FlorenciaPaeez  • River Plate • RoverScout •,850,843,2,7260,False,18426,False,False,False,1081628124,1,bot
272570677,Seth Abner,OpTic_Scumper,"Frisco, TX","23. 2x XGames Gold Medalist, CoD World Champion, and Captain of @OpTicGaming. Business inquiries - scump@revxp.com stream - https://t.co/Mvcn22pqlY . scuf code “scump”",2098651,1847,1606,13050,True,48775,False,False,False,272570677,0,human
15096075,Idealist,idealist,Worldwide,"Moving from intention to action.
Instagram & Snapchat: @idealistdotorg",97525,3275,3367,4899,True,60,False,False,False,15096075,0,human
2424210731,أحمدالزرّاع,ahmadalzarra76,,باذل نفسي لخدمة الدين وإدخال السرورعلى الناس وأحب الحق وأدافع عنه،رضاالله هدفي،السعودية - جدة,18557,259,12,62,False,6984,False,True,False,2424210731,0,human
714111026,Humour de cons,Humour2cons,Echange2710@hotmail.fr ,Des conseils et astuces (de merde) au quotidien pour vous aider à améliorer votre vie (de merde). Suivez nous sur vine !  https://t.co/JxpvcOJACK,95276,94700,77,1965,False,54562,False,False,False,714111026,0,human
33615604,Hanadi - هنادي,14F,,حبّه مكفيني عن مطالع الغير أمشي وعيني بالثرى حشمةٍ له,521533,696239,319,1402,False,6789,False,True,False,33615604,0,human
334102709,Brooke Stone,Brook3Ston3,"Indiana, USA",more love & grace; less of everything else | Nursing 💉,1017,469,2,6704,False,3277,False,False,False,334102709,0,human
706253784,زعيم اسيا,hilal1019,"Riyadh, Kingdom of Saudi Arabia",المصدر الأول لتغطية جميع مايخص اعظم اندية آسيا #الهلال | اخبار، صور، اهداف، تغطيات | تابعنا وكن في قلب الحدث مع النادي.,117049,455,279,40,False,57096,False,True,False,706253784,1,bot
435355815,PABLO §,ceibuck,,"Comics , libros y cine ....nos leemos! en Instagram @ceibuck 🇦🇷",2049,3009,22,25368,False,32265,False,False,False,435355815,0,human
225906700,David.S.P,DavidSanchezMX,"Distrito Federal, México",༄199X༄ https://t.co/VcJkpeKE0c Contacto: davidsanchezperaltaop@gmail.com ♛GoWithTheFlow♛Cantante Compositor y Amigo♛Enloquecer en Bio👇🏻,60889,920,31,54388,False,10216,False,False,False,225906700,1,bot
68075842,さいたまの短パン社長®︎ 下山和人,919seijin,↓短パン社長ブログ↓,埼玉県で色々会社を経営しています。 小学生の頃からずーっと短パン。 大人になっても一年中短パンで仕事してるので、最近ではさいたまの短パン社長 とも呼ばれています。 #短パン社長 で商標登録しました®︎ #セルフブランディング セミナー再開しようかな。#社長業,2095,2300,29,8565,False,26305,False,False,False,68075842,1,bot
373490841,AP Noticias,AP_Noticias,América Latina,"La cobertura de @AP en Español, minuto a minuto. Noticias, análisis y mucha pasión por la actualidad. Cuenta gestionada por los editores: https://t.co/F2rmdREYaN",200658,5310,3090,2939,True,124231,False,False,False,373490841,1,bot
2282284649,كويتاوي ملكي,ALHURAIB4,,‏مادام تنام دون مهدئات وتستيقظ من نومك لا يوقظك الوجع وتقضي حاجتك دون أن يكشف عورتك أحد وتمشي على قدميك لا يقعدك العجز فأنت ملك من ملوك الدنيا، اللهم لك الحمد,113325,88041,65,560,False,17964,False,True,False,2282284649,0,human
883096392297828352,@Assvat0MyHer0,Assvat0MyHer0,Argentina,Justin Bieber.,107,223,0,9,False,5,False,True,False,883096392297828352,0,human
224176099,Fanatik,fanatikcomtr,,Gerçek spor gazetesi Fanatik'in resmi Twitter hesabı. https://t.co/9U1DVa62cX | https://t.co/b6LRQmRrEQ,1325114,1134,933,145,True,258177,False,False,False,224176099,1,bot
18238260,COLORS,ColorsTV,India,"Follow us to receive latest updates about your favourite shows & favourite stars!
Facebook: https://t.co/7pAIXc6dO5

Instagram: https://t.co/Wy73CN8gCP",2777094,986,737,1896,True,129070,False,False,False,18238260,1,bot
36848025,xfinalgirlx,timetoblazze,São Paulo,"Esta conta tem como propósito falar de umas fotos aí, uns filme de terror ruim (uns bom tbm) e reclamações da vida. Siga para mais informações.",883,184,27,2545,False,127259,False,False,False,36848025,1,bot
78542537,Joohwan Park,Pkjhwan,안양,"햄스터들과 함께 사는 중(골든 2017.4/4- 이름미정), (로보 13년년-17.4/4. 초파),(골든 2015.12/10 - 17년1/16 절미),(15년1/2-10/26 메리) UI, UX 연구하는 박사학위 있는 공돌이.포항버스 개발자, 포앱퍼 1기 회장.",834,380,37,525,False,32909,False,False,False,78542537,1,bot
186598799,Melissa Gorga,melissagorga,New Jersey,"Creator of @envybymg 👠 Real Housewife of New Jersey 
Bookings: Mgorgapr@gmail.com",913404,8676,2679,84,True,15965,False,False,False,186598799,0,human
2302620180,أرقام العالمية,ArgaamIM,,صفحة تابعة لموقع أرقام مختصة بمتابعة حركة أسواق الأسهم العالمية والسلع بما فيها الذهب والنفط، فضلا عن تطورات الاقتصاد العالمي.,170700,0,897,0,False,71575,False,False,False,2302620180,1,bot
383151753,أتعبني غلاها,B8B88,,يـومـاً مـا سـأغــادر هـذه الـدنيـا ،، فـاذكـرونـي بدعوة ،، جـمـيـع مــا أغــرد بـه تـجــدونـه فـي مـفـضـلـتـي ،،,91257,96414,113,387,False,93193,False,True,False,383151753,1,bot
106397073,Cuatro,cuatro,Mediaset España,Perfil oficial de Cuatro desde donde te contamos toda la actualidad de nuestros programas y series. https://t.co/Lnwyl3qbZs,1131295,624,2794,970,True,76963,False,False,False,106397073,0,human
1653727326,مشعل بن ذعار,Bin_twalah460,المملكة العربية السعودية,اللهم أغفر لوالدي,54444,12740,20,243,False,20328,False,True,False,1653727326,0,human
18426970,Christian Levitan,BrunetLevitan,"Gujan-Mestras, France","Songwriter and independent producer (Electro) - Auteur, compositeur et producteur indépendant.",26299,22711,52,32770,False,9166,False,False,False,18426970,0,human
123470069,KT&G 상상마당 시네마,csangsangmadang,"서울 홍대 (Hongdae, Seoul)",,183542,5934,592,0,False,32981,False,False,False,123470069,0,human
232447988,Eduardo Benvenuti - Progenitor do Bilômetro,BRKsEDU,"Hamilton, Ontario - Canadá","YouTube - https://t.co/eKe97hovrs 

Bilômetro - https://t.co/0fO6XkXRdd

Contato Comercial - comercial @ https://t.co/Z1FI8bCFWl",1501686,2501,869,37853,True,115780,False,True,False,232447988,0,human
792375354,Danny,dannymoore1014,PA➡️TN,“Don't lose your happiness on the pursuit for more”,1840,1418,11,28280,False,33637,False,True,False,792375354,0,human
2175112274,JerkyXP®,JerkyXP,"Michigan, USA",Premium Beef Jerky for the Ultimate Gamer! Home of the #JerkyTeam. Customer Support - info@JerkyXP.com,110458,1025,190,519693,True,194777,False,False,False,2175112274,0,human
206952230,Akira,akira_ciptohadi,Indonesia,One Piece Addict ✌,23582,2421,2,80,False,10003,False,False,False,206952230,0,human
511548205,بن دبا,bindibba7,"Fujairah, UAE",الاشياء الجميلة لا تتطلب لفت انتباه.🥀,316028,105548,119,9629,False,229085,False,False,False,511548205,1,bot
115546295,Bria René,AccordingtoBria,"New Orleans, LA⚜️",Psalms 23:1-6| Your future medical professional | XULA18 |,1425,978,8,63682,False,68335,False,False,False,115546295,0,human
244441120,FaZe Apex,FaZeApex,Contact: business@apexamis.com,Owner of @FaZeClan - https://t.co/hlzLMlB9oH #FaZeUp Instagram: @Apex,2362887,500,1200,1753,True,50898,False,True,False,244441120,0,human
351999221,Indosiar,IndosiarID,Indonesia,Akun twitter resmi PT Indosiar Visual Mandiri (IVM). Facebook: https://t.co/S23ymmpULC // IG:https://t.co/29ZOyMXy6m //,1951033,780,2622,107,True,201042,False,False,False,351999221,1,bot
23508439,FOX Sports: NFL,NFLonFOX,,Official home of the NFL on FOX,1660418,1409,10330,3280,True,56747,False,False,False,23508439,0,human
359245295,عبدالله الفقيّر,A_alfugaier,Kingdom of Saudi Arabia,اعلامي رياضي | مقدم برامج | قلبي في بريدة | جسدي في الرياض | الوطن حب و إنتماء و وفاء | للتواصل سناب شات  https://t.co/Re59rqeqr0,155616,726,540,636,True,61988,False,False,False,359245295,0,human
351017477,Camila.,CamiEsteevez,RP♚CDE ,👻@caamiestevez,843,797,1,6636,False,9756,False,False,False,351017477,0,human
1038703693,CAMI BIAGGINI.,CamiBiaggini16,Mercedes Bs As,"Inst: CamiBiaggini 
cbiaggini20👻 leonina🦁
IMCR15🎓
Esquivás a tu corazon y destrozas tu cabeza.",1115,719,0,10985,False,25156,False,False,False,1038703693,0,human
540777353,Fernando,BobadiIIa,,Todo es mental. #ElPoderDelAhora,819,26,4,815,False,7549,False,False,False,540777353,0,human
2309880170,暁月りゅー,Black_Contract,達成したやりこみプレイをまとめたブログです↓,自由気ままに好きなものを楽しむスタイルの低レベルなオタク。在原七海とかドラクエの低レベルクリアとかラノベとか特撮とかブルーアイズとかヒテリス動画とかE・HEROが好きです,970,552,24,40610,False,497417,False,True,False,2309880170,1,bot
464163488,Indie Author News,IndieAuthorNews,"Orlando, FL","Indie Author News...where Readers discover Amazing Authors, Book Features, Hot New Releases, FREE eBooks, Author & Book Promotion http://t.co/cnZXCp5rrt",103913,30967,2614,0,False,368021,False,False,False,464163488,1,bot
410203574,enchufetv,enchufetv,Ecuador,"Quisimos hacer porno, pero nuestras mamás no nos dejaron.",1397209,82,686,1108,True,5615,False,False,False,410203574,1,bot
3221217870,ジョリートロリー,bli1TBPrsEShCWz,進化する毎日。京葉線！,鉄道とバスやレア車、戦前の建築、産業遺産、模型etc･･･あっ！単パスも所持してるのでTDRも好きです！アナログな人間ですが何卒よろしくお願いします！人生のターンオーバー中！,2564,3130,43,69650,False,13159,False,False,False,3221217870,0,human
1604654779,Â ♎️,abdullah828282,Dammam,,105548,92213,127,1234,False,194974,False,True,False,1604654779,1,bot
1914626330,ワロスな画像bot,www_gazou1,,30分に1回ワロスな画像をつぶやくよ。とか言いながらたまに画像じゃない普通のつぶやきもあるよ。面白かったらRTしてね！,965,0,15,39,False,56591,False,True,False,1914626330,1,bot
205990455,수이센,Cain_RenaLove,대한민국/서울,"17:00♊/🅾형/서울구룡초등학교16회&대치중학교17회/중부권 코스어/나루토온라인:나뭇잎마을 사스사쿠나루히나/사이퍼즈:카인레나결혼해/오버워치:수이센#3791/
사스사쿠★나루히나,시카테마,네지텐텐,오비린,단츠나데/사이퍼즈.오버워치.심즈4/성우.미드.영드.일드/구독,정치,알계정 꺼졍.",1007,1834,24,468,False,398152,False,False,False,205990455,1,bot
382374582,MarleyMarley(:♥,_BaddBby,601✈️678 Atlanta ,✌️✌️✌️,802,0,1,83,False,39507,False,False,False,382374582,1,bot
146536075,Daniel Etman,danieletman,Carmen de Patagones,Periodista de Radio Nacional Viedma. Socio de San Lorenzo de Almagro.,1254,685,15,303,False,13449,False,False,False,146536075,0,human
255827290,callie kaye,CallieKayeReece,256,Sc: calliekaye_14 😜,1177,925,2,8374,False,19455,False,False,False,255827290,0,human
134332085,Cami Garbuio,Cami_Garbuio,,"Una JUJEÑA y sagitariana divertida,con caracter,familiera y Vivo la vida!!!.BAILARINA. Parte de la FAMILIA de @abelpintos y siempre con @G_higuain",1084,2226,16,17207,False,68916,False,False,False,134332085,0,human
339659349,Fundación Convalores,ConValores,Caracas,"Fundación q pretende educar en valores, para formar seres humanos q tomen conciencia, acepten sus posibilidades, limitaciones y puedan desarrollarse plenamente",107462,58581,810,173,False,233591,False,False,False,339659349,1,bot
132433435,アムレット,amulet_ot13,ガンダム！ラブライブ！結城友奈は勇者である！,イラスト練習中です。 時々ＭＳのパイロット。ガンダム（特に00とＺ） μ's 勇者であるシリーズ 新田恵海 三森すずこ 久保ユリカ スタァライト リリスパ   ツイプロ： https://t.co/lh18CqtcdB pixiv:https://t.co/hqCLCpcHja,1120,1099,26,32837,False,77597,False,False,False,132433435,1,bot
73420075,beautifulnara,beautifulnara,"ÜT: 3.034091,101.717655",https://t.co/equNkAVCRJ.,132969,980,270,2009,False,50923,False,False,False,73420075,1,bot
1336196760,قبيلة عتيبة(الهيلا١),alhila_1,#عتيبة الهيلا,الحساب الاول لقبيلة عتيبة على تويتر,58343,19149,70,15,False,41425,False,True,False,1336196760,1,bot
240889813,ANIME SEIYU,animeseiyu,Maihama Server,Anime & Voice Actor's News from JAPAN,123732,0,2640,73,False,96321,False,False,False,240889813,1,bot
158515999,Crimson,Crimson,"Nashville, TN","I WANT YOU for #CRIMSONARMY
Professional Wrestler & U.S Army 101st Airborne/Operation Iraqi Freedom Veteran",119294,489,546,5957,True,9999,False,False,False,158515999,0,human
3632660955,✖Liam✖,IPierceTheLiamI,"England, United Kingdom","#alternative is #life . My Chemical Romance Killjoy Forever . PTV, NSN, SWS, MDE and of course, CATS. Poodle Corp.",30050,933,53,129,False,39799,False,False,False,3632660955,0,human
47191725,Grammarly,Grammarly,San Francisco,"Make your communication clear and effective, wherever you write. #cleanwriting  Learn more about our community at https://t.co/9XHcvtEaSD",167977,3751,2924,9414,True,36471,False,False,False,47191725,1,bot
94132246,Esporte Espetacular,eespetacular,Brasil,Todo domingo de manhã na TV Globo com @fernanda_gentil e @andreolifelipe,1050954,182,1797,559,True,16075,False,False,False,94132246,0,human
72378123,Ömür Gedik,omurgedik,Turkey,"@hacikodernek, Boğaziçi Ü., Hürriyet, İletişim: Çağla Er 0 544 832 77 95 Aşka Bağlan link https://t.co/RBj4uMAUuC",800196,25037,1111,2680,True,27963,False,True,False,72378123,0,human
327794846,مشغل عهود الرياض حي الشفاء,alrmoanci,snap / b6zzz,عروض مشغل عهود بالرياض كل خدمه 25تسريحه150مكياج 150 البروتين والكيراتين اي طول شعر 500 للتواصل 0540498450/ 0540498470/شارع الخليفه المامون,78025,50755,372,805,False,344251,False,False,False,327794846,1,bot
1278377149,C.T. Fletcher,CTFletcherISYMF,"California, USA",ORGAN DONATION AWARENESS 3X WORLD CHAMPION BENCH PRESS.3X WORLD CHAMPION STRICT CURL. U.S. ARMY VETERAN.THE ORIGINAL IRON ADDICT.,155498,6926,405,104113,False,66925,False,True,False,1278377149,0,human
2588183482,Blatorrre🌸,BreenchRc,22J/16S/18M ✨,Ciertos fuegos no se encienden frotando dos palitos🔥,934,2092,1,60851,False,38378,False,False,False,2588183482,0,human
59199168,Michael Trevino,Michael_Trevino,Planet Earth,Becoming Self Aware,956794,719,6225,4,True,4408,False,False,False,59199168,0,human
2762253256,ya girl dejah ♡,dejahofficial,demi lovato,more than that @laurenjauregui,125960,38759,2038,204934,False,30495,False,False,False,2762253256,0,human
106763540,Michael Vasanth,Michael_Vasanth,"Chennai, India","Analyst, Blogger, Coder, Designer, Editor, Futurist, Gadgetist, Hacker & an Internet person",1462,19,2744,3237,False,1217942,False,False,False,106763540,1,bot
1070518597,twal,KEYRISTWAL,,jsj here! lagi hiatus :v,769,892,3,8,False,62385,False,False,False,1070518597,1,bot
31444922,Domino's Pizza,dominos,"Ann Arbor, MI",The home of Domino's Pizza on Twitter. Hosted by the crew at Domino's HQ.,1266856,667,3721,6671,True,371199,False,False,False,31444922,1,bot
23588838,Darryn Lyons,DarrynLyons,,"just a kid from geelong australia
https://t.co/xj1J7vLJcc",375305,6349,331,13529,True,58439,False,False,False,23588838,0,human
99943864,C. Mervyn Graham,Daminous_Purity,United Kingdom,#Youtuber #Minister #Influencer #Actor #PublicFigure #YouTube  #WWE #NFL #FIFA #UFC https://t.co/fQBRpHivLv Contact mervyn.countgraham@gmail.com,475150,425199,754,164886,False,453531,False,False,False,99943864,1,bot
100288793,Dr. César Lozano,drcesarlozano,"Monterrey, N.L., México",Conferencista Internacional. Conductor del programa de Radio Por el Placer de Vivir en México y USA. Los lunes en Programa HOY en Televisa y Univisión,1284386,1069,2277,995,True,39634,False,False,False,100288793,0,human
172425532,IG: info_riau,infoRIAU,"Riau, Sumatera, Indonesia",info seputar #Riau. pasang iklan: cs@inforiau.co.id,144660,28910,118,89,False,269564,False,False,False,172425532,1,bot
4556775395,Belén Quintero,beluquintero99,"Godoy Cruz, Argentina","Hay 3 cosas que destruyen a una persona: el vicio, la ignorancia y la soberbia.",1845,1114,48,9,False,6732,False,False,False,4556775395,1,bot
2925665354,イヴぁん,ayanasivan,モルディブ,ポケモンとポケカはまりのFGO勢だったりスマブラしてり、声優好きだったり音楽が好きな社会人,1088,2088,20,13950,False,23012,False,False,False,2925665354,1,bot
2310724598,‏﮼متعب ﮼✍🏻,1Mot3b,,تُصلي عليه صلاة واحدة فيُثني عليك الله بها عشرًا ، اللهم صِل وسلم على نبينا مُحمد 💕🍃,143533,125279,91,12,False,22759,False,True,False,2310724598,0,human
178866422,DISKON - EVoucher,diskonevoucher,Indonesia,Voucher Diskon daily deals Indonesia http://t.co/1pXxYvXm,104263,20205,184,50,False,65742,False,False,False,178866422,1,bot
119166791,Amtrak,Amtrak,Over 500 Destinations,"Ride with #Amtrak and see where the train can take you. 
Social Customer Care is available 6am - 1am ET M-F | 7am - 12 Midnight ET Sat/Sun",147177,444,2686,1405,True,205912,False,False,False,119166791,1,bot
3141032242,Brian Condenanza,Brian3C,,,7,1,2,1,False,2,False,True,True,3141032242,0,human
20745274,Bloody Disgusting,BDisgusting,"Chicago, IL","Your #1 source for all things #horror 

💀https://t.co/ZHJj51HL0z",156478,8553,2124,5102,True,76434,False,False,False,20745274,1,bot
14184942,Alamo Drafthouse ATX,drafthouse,"Austin, Texas","The best film, food and drink all in one seat. This account is for Alamo Drafthouse theaters in Austin, TX. 

To contact a theater: https://t.co/61B0ncfJVs",151569,1231,2141,15427,True,37369,False,False,False,14184942,0,human
2824444743,18.,alleyesonkenzie,W/ @LilTimye,#longliveacebaby👼🏽,1762,1004,11,14791,False,38392,False,False,False,2824444743,0,human
3193080636,ナガ夫,2105nagao,,旧アカウント（@nagao666・現在はID変更されて@sutesute8606）が乗っ取られてしまったので移行しました。,1547,609,25,342,False,85910,False,False,False,3193080636,1,bot
170568448,글러먹은 미식가,AKAsuekun,,프로필에 자기소개를 해보세요,1032,635,22,11612,False,275694,False,False,False,170568448,1,bot
1388988012,CreativeDisc.Com,creativedisc,Indonesia,https://t.co/0Gkr5vNPkA the first music weblog in Indonesia |  IG @creativedisc | https://t.co/DVngfefRjS,4552,173,23,45,False,44087,False,False,False,1388988012,1,bot
156040579,Armas Abrahan,ArmasAbrahan,"Buenos Aires, Argentina","CEO & Fundador de @Sertiven, Especialista en Marketing Digital, Social Media, SEO, SEM, Publicidad, Diseño y Desarrollo Web, E-Commerce y Aplicaciones.",92530,12664,330,185,False,12736,False,False,False,156040579,0,human
224290010,くう,kukucoo,「首都圏」と言われているど田舎,一応モノを書くのが仕事らしい。老若問わずイケメン好き！主ツイ→ドラマ/映画/テレビ/歴史/嵐/堺雅人/etc.…90％はツッコミ成分。とブログ更新情報。ツイッターはあくまでも独り言ツール。　ドラマ実況→ @kukucooo　 映画→ https://t.co/k6u3xVDjVf,1287,754,84,3057,False,243627,False,False,False,224290010,1,bot
2420683685,мисье тёлка ксюша хоффман,HoffmanKsenia,Москва,интернет звезда ✨,261312,223,118,6943,False,11901,False,False,False,2420683685,1,bot
577655361,Amb,_amb5,,,922,790,4,21310,False,79193,False,True,False,577655361,0,human
60817022,89.7 Hard Rock FM Sby,HARDROCKFMSBY,Surabaya,"original Lifestyle & Entertainment Station! Our mobile app now available. Download now, Hard Rockers!",144620,346,129,105,False,181612,False,True,False,60817022,1,bot
3299203382,سياحة وسفر,hojuzat,,حساب شركة الحجوزات العالمية يقدم لك أفضل العروض على حجوزات الفنادق حول العالم للحجز اتصل الرقم الموحد 920022217 -جوال 0557673195 وللشكاوي هاتف المشرف 0533916000,27100,0,9,49,False,6276,False,True,False,3299203382,0,human
50393960,Bill Gates,BillGates,"Seattle, WA",Sharing things I'm learning through my foundation work and other interests.,46274431,200,122244,85,True,2939,False,False,False,50393960,0,human
742143,BBC News (World),BBCWorld,"London, UK","News, features and analysis from the World's newsroom. Breaking news, follow @BBCBreaking. UK news, @BBCNews. Latest sports news @BBCSport",24393975,92,112307,10,True,289290,False,False,False,742143,1,bot
17884125,Jornal de Negócios,JNegocios,"Lisbon, Portugal","Notícias sobre economia, empresas e mercados. Análises e opinião.",147752,70,903,168,True,180375,False,False,False,17884125,1,bot
15640646,Jerry Nelson,Journey_America,"Buenos Aires, Argentina",Freelance writer. I'm always interested in discussing work opportunities. Email me at jandrewnelson2@gmail.com,238720,2625,203,2500,False,57256,False,False,False,15640646,1,bot
101151129,Jessica Cameron,JessicaCameron_,"Los Angeles, CA","Actress, Filmmaker, ScreamQueen, Horror Nerd,  Reel: https://t.co/6luTSrULZW Website: https://t.co/Rv3XkmZWSA",106743,34062,1306,103246,True,139863,False,False,False,101151129,1,bot
47650483,Darren Dreger,DarrenDreger,,Follow TSN's Hockey Insider!,1070488,1047,12255,2334,True,20142,False,False,False,47650483,0,human
224495471,The Conversation,ConversationEDU,Australia,Independent news + analysis from the sharpest academic minds. Monthly audience: 10.6 users onsite + 37m through creative commons republication.,151826,4978,2888,4161,True,62057,False,False,False,224495471,1,bot
184910040,Adele,Adele,London,https://t.co/5Vf55N5xFe,27952807,0,32707,0,True,309,False,False,False,184910040,0,human
5460412,秋風,akipoo,MacBookPro13&#39; in Japan,ゲームとか漫画とかアニメDVDに埋もれる日々,1063,1177,101,247417,False,406092,False,False,False,5460412,1,bot
1649356580,🇺🇸Antonella🇪🇨,AntonellaKahllo,West Coast,Official Page of Busty Pinup Model👑 32K All-Natural breasts. Get my red hot content here: https://t.co/8m9CiRRwqG,159558,172,773,48735,False,43307,False,False,False,1649356580,0,human
95064543,ABC The Drum,ABCthedrum,Australia,Mon-Fri 5.30pm ABC TV & 6.00pm AEST ABC News | Quotes represent the views of individual panellists and are not a reflection of the views of The Drum.,149878,1040,2056,1307,True,37556,False,False,False,95064543,0,human
196463183,LINCOLN PALOMEQUE,LINCPAL,COLOMBIA,"Mi gran pasion Actuar...LAS MUÑECAS, HASTA Q LA PLATA, REINA DEL SUR, ALLA TE ESPERO, SANTA DIABLA, LA MARIPOSA, SEÑORA ACERO 1, 2 y 3!",1221685,815,1072,2747,True,83036,False,False,False,196463183,0,human
782496626451546112,Oğuz,ogzatbs,,:),5,0,0,0,False,1,False,True,False,782496626451546112,0,human
183948528,Adelle Onyango,ADELLEO,Kenya ,BBC100 Women’s list 2017 | Okayafrica 100Women 2018 | RADIO HOST @kiss100kenya | CEO Adelle Onyango Limited & Founder Of Adelle Onyango Initiative,211581,2220,167,8071,True,604967,False,False,False,183948528,1,bot
18783665,Angie Martinez,angiemartinez,NYC,Radio/TV/Author Contact Roc Nation for all inquiries. NY Times Best Selling book #MyVoice available now! https://t.co/r5MZAw0GQ3,1056088,660,4186,2926,True,13790,False,False,False,18783665,0,human
93152605,ASLI BAŞKAN,aslikrdg,,"Yedek Hesap @ASLI_AST REİS candır #RTE KARŞIYAKA ❤️💚 NOT:Darbe yapmak, Maklube yapmaya benzemez! #DEVAM",44469,9397,56,30860,False,26745,False,False,False,93152605,0,human
3322078934,م علاء الدين زغلول,aladdinkhalil21,Kingdom of Saudi Arabia,,664,1621,1,1175,False,15458,False,False,False,3322078934,1,bot
2869378818,عشق السياحة,8l5ii,,لكل من يحبون السفر تعرفوا معنا على أجمل بقاع الأرض  واجمل المدن والفنادق,97547,105741,763,5587,False,462956,False,True,False,2869378818,1,bot
727019388,semarang,semarang_tweet,,tweet Semarang-an Kas....!,1078,565,30,0,False,78916,False,False,False,727019388,1,bot
1416121214,مـلاك,imalakk_,,استغفرالله.,99,227,1,126,False,222,False,True,False,1416121214,1,bot
22956220,Tammy Bruce,HeyTammyBruce,New York/Los Angeles,"President @IWV, NYT Best Selling Author, @FoxNews/ @FoxBusiness Contributor. @WashTimes Columnist. Italian. Scottish. Bookish. https://t.co/kyrcLxzmmX",229508,1170,3451,18481,True,108523,False,False,False,22956220,0,human
1623755515,ÇAKIR,cakrr_,,Galatasaray iyiyse biz de iyiyiz. caakir@outlook.com instagram:cakrr__,127558,64609,135,45625,False,70478,False,False,False,1623755515,0,human
2846040640,Changed to @X13CEO,akaLaser,Arizona,Changed to @X13CEO,7,16,0,0,False,1,False,True,False,2846040640,0,human
21658412,Denver Cuisine,denverfoodguy,"Denver, CO","Interested in food, wine, beer, catering and all sorts of places in Denver!",88894,96457,2751,0,False,1055870,False,False,False,21658412,1,bot
92563198,CAM4 Official,Cam4,"Las Vegas, NV",24/7 live cams. Need help? @cam4support. Covergirl is @barbiee_doll09 Add CAM4snaps on Snapchat! Tweets are from @sammystrips,191975,2371,633,4938,True,52887,False,False,False,92563198,1,bot
553094706,Alejandro Lerner,alelernerok,Musico Compositor Interprete,"TW OFICIAL * Contrataciones: LaAgenciaBiz +5491145555200 info@laagenciabiz
Prensa: AlejandroLernerPrensa@gmail.com",139470,831,194,17560,False,23082,False,False,False,553094706,0,human
1911750552,‏﮼الحوشان،,bss_9994,الخفجي,https://t.co/fn06h42UFH,13720,11693,9,71,False,1508,False,True,False,1911750552,0,human
68638255,KANA for AEW,Chindogg21,"East Lansing, MI","Dinobot trapped in a human body. Agile champion. Stream's worst enemy.  I used to play fighting games, now I just make fun of those who do. Header by @_shunao",1249,1233,74,60129,False,121277,False,False,False,68638255,0,human
239018807,♀Selene🌙🕯,_DaiDreamin,"Laurel, MD",NCAT🐶. IG: _applejax_ •👽•Growth🌟Positivity✨Gratitude🧘🏾‍♀️i am loved ; ♒️🌞|♏️⬆️|♋️🌙 #TeamHardpress booking: info@hardpressmodels.com,1507,727,10,206936,False,99181,False,False,False,239018807,0,human
17469289,New York Post,nypost,"New York, NY","Breaking news & features from The New York Post. Follow your favorite sections: @pagesix, @nypmetro, @nypostbiz, @nypostsports, @nypfashion, @nypostopinion",1414849,11883,18237,2109,True,207682,False,False,False,17469289,1,bot
2334005046,NPR R&B,NPRandBplaylist,"New York, NY",I’ll Take You There - NPR Music’s new R&B channel,1033,3,57,0,False,271530,False,True,False,2334005046,1,bot
43298203,"The BROKEN One, Matt Hardy",MATTHARDYBRAND,The Hardy Compound,"BROKEN. WOKEN. DELETER of rubbish. Truth Teller. Emotion Evoker. Adjective Advocate. #HouseHardy is @RebyHardy, Maxel & Wolfie - @WWE #RAW on Monday nights",1405802,1253,6607,12323,True,62371,False,False,False,43298203,0,human
2498702638,Andres Camacho,_Camacho7, ,"Villanova #3 ~ Colonia, NJ",860,434,5,2940,False,3322,False,True,False,2498702638,0,human
1567185626,Fg@しばらく低浮上,908Fg,クエス＝アリアス,iOSリリース直後から開始の老害プレイヤー。レベルはキャリアに比して低いですりネガツイ多め。RT多め。ただし、ふぁぼRTは必ずしも賛同を意味しません。フォロバは気まぐれですが、ぼっちでかまってちゃんなのでFF外からのリプ歓迎します。 取扱説明書→https://t.co/U0S1RcU4kQ,1036,186,32,38348,False,135365,False,False,False,1567185626,1,bot
150395278,EROL KÖSE,drerolkose,"İstanbul, Türkiye",Doktor & Müzik - Tv Yapımcısı,667454,2290,1134,6160,False,9371,False,False,False,150395278,0,human
105718796,BlastFromThePast,bftp_ust,1996年のサンディエゴあたり,90年代HCを愛でる人向けに、youtubeで見つけたお宝動画をツイートします,933,989,10,0,False,134048,False,False,False,105718796,1,bot
2455407434,احساس عاشق A_M,A88_88_88A,,اللهم يارب الناس يامذهب الباس لا شفاء الا شفائك اللهم اشفي والدي شفاء لا يغادره سقماً  انك ع كل شي قدير فهو فرحي ونفسي الي اتنفس به ف يارب احفظه لي ومتعه بالصحه,270642,38644,306,11968,False,291588,False,True,False,2455407434,1,bot
15075999,Hugh Hewitt,hughhewitt,California,Nationally Syndicated Radio Host weekdays 6-9 AM EST on Salem. NBC News/MSNBC Contributor. Washington Post contributing columnist. Browns/Tribe/Cavs/Buckeyes,175412,2798,3835,4601,True,113274,False,False,False,15075999,0,human
79293791,Rihanna,rihanna,,Throwing all the shade! @fentybeauty,89223204,1092,103293,995,True,10231,False,False,False,79293791,0,human
243853541,sshekkk,Arekehs,🇯🇲876 ✈️ 301,🍷• a simple girl,1140,404,3,52959,False,90677,False,False,False,243853541,0,human
59399268,LIKE MIKE,likemike,,,1143706,5268,1473,5568,True,17838,False,False,False,59399268,0,human
1775731,NYT Food,nytfood,"New York, NY","Restaurant reviews, food news, recipes and more from our reporters and editors.",1399168,203,10575,212,True,36094,False,False,False,1775731,1,bot
349481001,The Best Of Aries,AriesLicious,21 Maret - 19 April,"Yuk share fakta-fakta tentang #Aries versi kamu, dengan format - @AriesLicious [Fakta] [@IDtwitterKamu] #AkuAries",96098,3,83,20,False,19374,False,True,False,349481001,1,bot
2972605423,الامبراطورة منار,almanar1231,المملكة العربية السعودية جده,‎إذا غاب عنك من تحب فأعلم إما انه احب غيرك وإما انه لم يحبك من البداية,141723,113,122,35,False,4739,False,True,False,2972605423,0,human
331989774,Ashlenie Rivero ॐ,Ashlenie_Rivero,,Above & Beyond | #FitFam | We Are All We Need | Crossfit | ཨོཾ་མ་ཎི་པདྨེ་ཧཱུྃ,1042,698,7,31601,False,12011,False,False,False,331989774,0,human
55195136,Aslan News,Aslanews,,✉️ aslanews@yandex.com - @AslanewsDestek,117549,340,265,53848,False,41905,False,False,False,55195136,0,human
158426128,CBS Sports NBA,CBSSportsNBA,,"@CBSSports covers the NBA: @sportsreiter, @reidforgrave, @outsidethenba, @ColinCBSSports, @bradbotkincbs, @jackmaloneycbs @Kyle__Boone",112882,1295,2689,13,True,60343,False,False,False,158426128,0,human
369625532,César Bejarano,CesarBejarano21,"Lima, Peru","Consultor & Asesor Empresarial: Plan de Negocios, etc, empresas familiares. Conductor programa radial @EntreAmigos. Analista libre influencias y presiones 🇵🇪",1524,1924,71,3345,False,138563,False,False,False,369625532,0,human
892792496,263Chat 🇿🇼,263Chat,Zimbabwe,Zim media organisation focused on encouraging & participating in progressive national dialogue | RT=RT | WhatsApp/SMS +263777028169 | #Zimbabwe #263Chat,367556,37200,494,5978,False,301764,False,False,False,892792496,1,bot
87307603,Lucy 🍋,LuciaMicaelaR,Mexico,,1000,904,71,708,False,23400,False,False,False,87307603,1,bot
462007707,𝓓𝓮𝓴𝓶𝓸𝔂,suhadasani_,,𝘠𝘢 اَللّهُ 𝘱𝘦𝘳𝘮𝘶𝘥𝘢𝘩𝘬𝘢𝘯 𝘴𝘦𝘨𝘢𝘭𝘢 𝘶𝘳𝘶𝘴𝘢𝘯     𝘚𝘶𝘩𝘢𝘥𝘢𝘵𝘶𝘭 𝘥𝘪𝘥𝘶𝘯𝘪𝘢 𝘥𝘢𝘯 𝘥𝘪𝘢𝘬𝘩𝘪𝘳𝘢𝘵. 𝘈𝘢𝘮𝘪𝘪𝘯 ✨,960,166,0,351,False,47359,False,False,False,462007707,0,human
2785960469,Alejandra Conde,AlejandraConde_,Mexico,•Leydali•,755,1691,6,7488,False,5900,False,False,False,2785960469,0,human
106445504,Glamour Mex y Latam,GlamourMex,,La revista de moda y belleza más vendida en México.,1245868,475,1203,1216,True,33798,False,False,False,106445504,1,bot
627253333,عصير الصبار,ivr6661,استغفر الله العظيم وأتوب اليه,متجر يقدم افضل واجود انواع انقاص الوزن في العالم من اكبر وارقى الشركات العالميه في منتجات فور ايفر👌🏼، للتواصل والطلبات 0531996969,82301,351,65,129,False,96458,False,False,False,627253333,1,bot
490645569,It's Quea D ❤️,2_Raaaays,Yo mans house,"Always stay gracious, best revenge is yo paper. Phillippians 4:13 IG: Quea_Bangs. SC:RayRayDaBayBay1",854,786,1,5648,False,68119,False,False,False,490645569,1,bot
2322937225,Joe  ☞#eRD,jlferguson50,"South Daytona, FL",#eRD ⛔️ ⓃⓄ ᗪᗰs ⛔️🌹#IFB💯 👉 @eReferenceDesk  #eReferenceDesk☆  Supports: #1DDrive #HelpFromFriends  #TEAMSTALLION #TeamDollNature #TeamUnidoS #TMPETAL,144896,71857,327,36388,False,301834,False,False,False,2322937225,0,human
14105540,Colleen Padilla,classymommy,Philadelphia,"Classy Mommy Founder
Travel, Family, Style 
Author 
Recent: #InfinityWarEvent
Next: #LifeofTheParty premiere
Mom to One Kid's Life https://t.co/6Nw9bkQcjj",110080,47479,1868,1788,False,67666,False,False,False,14105540,1,bot
1252317360,#656,Biannchulis,en las nubes.,In a world of my own ✨ - River💘- con los pies en la tierra y la cabeza en el cielo. ♓ #LaBandaDeMicho #flechadenochecopabariloche 🚌⏩,914,599,3,15116,False,36797,False,False,False,1252317360,0,human
790017240733278208,Melissa T. Moreno,DanielGennaoui,"Dublin City, Ireland",Subtly charming organizer. Tv fanatic. Evil web nerd. Unapologetic reader. Social media buff.,19,48,0,0,False,2,False,False,False,790017240733278208,1,bot
105043121,pizza,belllalalala,,talk disney to me,948,654,26,8183,False,46468,False,False,False,105043121,0,human
547838230,Catta 🇨🇱 💙,ccaattittaa,Chile,"Yo opino, tú...Se feliz.",1380,1191,11,2636,False,30309,False,False,False,547838230,0,human
2400389972,Aaron Andrews,ajapackertalk,,Founder of https://t.co/iWuDIAeZgu Follow us at @lombardi_lounge,2551,1818,32,8814,False,32271,False,True,False,2400389972,0,human
304520848,Ailín☆,AiluRodriguez74,,☆Newell's Old Boys☆La enfermedad que corre por mis venas☆SI MUERO QUE SEA DE LEPRA❤⚫ https://t.co/iLgd3pCSoq…,1060,811,4,15134,False,83745,False,False,False,304520848,0,human
4925593090,Itan,c_nattC,"Río Negro, Argentina","ι cяυмвℓιηg αgαιη, вυт, ι cαη'т sтσρ.",3324,2670,3,48470,False,8896,False,False,False,4925593090,0,human
83805213,iSupportNamo,iSupportNamo,India,"Fans of Narendra Modi - Prime Minister (Pradhan Sevak of India). Twitter
Managed by Vikas, Vinod and Mehul",138763,400,212,1096,False,27836,False,False,False,83805213,0,human
501337024,520dee,520dee,MONEY,MONEY,1376,675,10,1515,False,25950,False,False,False,501337024,0,human
131388296,Touching Souls Intl,TSIphilanthropy,"New York, USA","Nonprofit organization that supports philanthropy, charity & giving in health, education and safe environment for economically disadvantaged people.",974,743,46,0,False,2895,False,False,False,131388296,1,bot
3430977532,brielle 💕,hellavenus,fantagio+yoonjo+🍯🍿+carly rae,who started the rumour im a hellocupid aroha and ki-ling?,1465,209,82,213926,False,279153,False,False,False,3430977532,1,bot
1316055120,K S A ♡,h9797,,,4863,0,4,2,False,46,False,True,False,1316055120,0,human
281953031,瞬間☆フレーズ ＋ タロット占い,periodicspeller,,「@periodicspeller タロットひいて」とつぶやくと、占いプログラムが自動的にお返事します。,1081,360,43,4,False,83341,False,True,False,281953031,1,bot
49536214,IG: AidilAkbarMadjid,AidilAKBAR,CP Kinan081513911101,"Independent Financial Planner,Flying&shooting,gym,movies,food,traveling,politics,writer,parttime blogger @PedasParaaah CP Rony085738132989",103080,1905,605,2012,False,163668,False,True,False,49536214,1,bot
254650064,Juan Manuel,Boguitaaa,Argentina,🔴⚪⚫,996,1035,2,5567,False,19273,False,False,False,254650064,0,human
3081645028,JukeboxMusicChannel,jukebox_tweet,"London, England","Jukebox Is An Audio On-line Music Channel, Not A Radio Station, Featuring A Diverse Collection Of Genres Bringing You The Very Best In Music Entertainment™",987,1936,15,483,False,83853,False,False,False,3081645028,1,bot
176755299,Digiturk,Digiturk,,Digiturk bir beIN Medya Kuruluşudur. Digiturk resmi Twitter hesabı. Digiturk hakkındaki en güncel gelişmeler ve sürprizler için bizi takip edin.,103132,106,152,450,True,15048,False,False,False,176755299,1,bot
2616511854,alis Andrade,alis1876,Aragua MBI ,Nacida desde que la Revolucion llego a nuestro país y defensora del legado del Gigante de América,1259,2092,3,2214,False,11637,False,True,False,2616511854,0,human
1401891498,ضيف الله اللحاوي,7iiix,#طبرجل,⠀⠀⠀⠀⠀⠀⠀⠀⠀⠀⠀⠀⠀⠀⠀⠀⠀⠀⠀⠀⠀⠀⠀⠀⠀⠀⠀⠀⠀⠀⠀⠀⠀⠀⠀⠀⠀⠀⠀⠀⠀⠀⠀⠀⠀⠀⠀⠀⠀⠀⠀⠀⠀⠀⠀⠀⠀⠀⠀⠀⠀⠀⠀⠀⠀⠀⠀ ⠀⠀⠀⠀⠀⠀⠀⠀⠀⠀⠀⠀⠀⠀ ⠀⠀⠀⠀⠀⠀ ⠀⠀⠀⠀⠀⠀ ⠀⠀⠀⠀⠀⠀⠀⠀⠀⠀⠀⠀⠀⠀⠀ افعل مايسعدك فالأيام لاتعود,78590,1611,39,77,False,38590,False,True,False,1401891498,1,bot
304679484,Mark Hamill,HamillHimself,,"Believe in yourself! Work hard, never give up & anything's possible! OR: Kick back, relax & aim low: You'll never be disappointed...😜 NO DMs!",3002292,396,12061,248920,True,13151,False,False,False,304679484,0,human
892501717,CurvyLadyProbs,CurvyLadyProbs,,You’ll end up ordinary if you’re not careful. Spreading self-love and positive body image everywhere I go. Exist loudly. #curvyladyprobs,93138,3477,291,30045,False,62404,False,False,False,892501717,1,bot
2835312057,Ángelo della Corsa,delacorsa,México,Periodista especializado en Fórmula Uno,24273,4406,89,5282,False,41712,False,False,False,2835312057,1,bot
1129947853,مذنب.,iM4NB_,للأعلانات 0550071887 أو خاص ,تكلم عني مثلما شئت لعلك تخفف من ذنوبي .,440573,1,681,5138,False,62817,False,False,False,1129947853,0,human
587364967,Ade Putra Nasution,Nasution_B,"Medan,Sumatera Utara",Pantang Mundur sebelum berhasil,900,865,0,170,False,4623,False,False,False,587364967,1,bot
605460099,~,a4a_vip,شمالي,⠀⠀⠀⠀⠀⠀⠀⠀⠀⠀⠀⠀⠀⠀⠀⠀⠀⠀⠀⠀⠀⠀⠀⠀⠀⠀⠀⠀⠀⠀ ⠀⠀⠀⠀⠀⠀⠀⠀⠀⠀⠀⠀⠀⠀⠀⠀⠀⠀⠀⠀⠀⠀⠀⠀⠀⠀⠀⠀⠀⠀⠀⠀⠀⠀⠀⠀⠀⠀⠀⠀⠀⠀⠀⠀⠀⠀⠀⠀⠀⠀⠀⠀⠀⠀⠀⠀⠀⠀⠀⠀⠀⠀⠀⠀⠀⠀⠀⠀⠀⠀⠀⠀⠀ㅤ ㅤ ㅤㅤㅤㅤㅤㅤ ㅤㅤㅤㅤㅤ  ㅤㅤ ㅤ,278749,249779,313,1310,False,65240,False,False,False,605460099,0,human
2340008558,岐阜産養殖サメ,Worldplplpl,エンゼルアイランド,森永さんキョロちゃんBlu-rayBOX化をよろしくお願いします,857,1249,44,29662,False,281409,False,False,False,2340008558,1,bot
566680694,Capucine Anav,CapucineAnav,Instagram: capucineanavoff,Animatrice Tv et Radio @funradio_fr / Chroniqueuse Tv et médias @TPMP - @le_figaro /Productrice et comédienne @encoloc1 - OROA production / Snap: capucine.anav⠀,1129397,448,870,5282,True,7889,False,True,False,566680694,0,human
2632291,はてなブックマーク::Hotentry,hatebu,,はてなブックマーク公式アカウント。最新人気エントリーを配信します。ただいまモーメント機能検証中 iOSアプリ：https://t.co/VFbfsYGwm7 Androidアプリ： https://t.co/Me8dtmQ29g,107987,7,10627,1,True,236998,False,False,False,2632291,0,human
203420499,فورشباب,4Shbab_net,,‏قنوات فور شباب تبث على تردد ١١٣١٦ نايل سات عامودي. ولمشاهدة البث المباشر : https://t.co/BkyK8n20Hj‎ - لإعلاناتكم على قنوات وصفحات فورشباب: info@4shbab.tv,103715,4,294,458,True,65947,False,False,False,203420499,0,human
2327288461,じゃ,JAGARlKONG,kingking,一生懸命生きてます,7111,213,3,2032,False,4368,False,True,False,2327288461,1,bot
148466830,A  M  A  R  A,AmaraLaNegraALN,"Miami,FL",AmaraLaNegraBookings@gmail.com,158844,0,489,8452,True,39941,False,False,False,148466830,0,human
327422553,محمد الباز,mags1398,,هناك اشخاص تاًتي مصالحهم فوق اي شي عجباً لاناس حمقى,1112,2870,0,1453,False,54637,False,True,False,327422553,1,bot
3066702889,The Qeen : ضبه,daayh12345,هنا ,فيِ هاَذاَ العَالمْ ايِنماَ وجدَ الضوءْ فَسَيُرافقهْ الظلامْ طالماَ وجدَ مفهوُم المنتصرْ فهناكَ مفهومْ الخاسرْ أيضاً,510,934,3,2375,False,15766,False,True,False,3066702889,0,human
4885546127,KBC,BoeJr88,,,8,0,0,1,False,1,False,True,False,4885546127,0,human
4068159017,أربيل ؛,_iraqia,العراق,‏‏‏يمامة بيضاءْ ..,24698,21444,22,0,False,5589,False,True,False,4068159017,0,human
117102398,Julius Sello Malema,Julius_S_Malema,"Johannesburg, South Africa",Commander in Chief of Economic Freedom Fighters [EFF] and a Revolutionary activist for radical change in Africa. No Facebook Account,2294832,621,2790,1697,True,25458,False,False,False,117102398,0,human
2184009647,Melu♥,07Mely10,Argentina,"❌Hay personas que dicen que te aman mirándote a los ojos. Y también mienten❌
Belieber♥

❌You give me Purpose❌",728,1949,2,9783,False,7874,False,True,False,2184009647,0,human
280986369,*花言葉bot*,hana_kotoba_bot,,"花言葉をつぶやくbotです。　1時間に1回ランダムにつぶやきます。
誰かにお花を差し上げる時などに参考にして頂ければ嬉しいです。
過去のつぶやきは、Twilog の方を参考にしてくださいな。
こちらはDM・返信等はいたしませんので、何かあれば制作者（@shiki_karakusa）にご連絡くださいませ",105240,10386,3186,0,False,66023,False,False,False,280986369,1,bot
148753334,Angela Lerena 🏟,Angelalerena,Argentina,"Periodista. Conduzco #PrimeraTapa y transmito fútbol en @TNTSportsLA. Luchar, vencer, caerse, levantarse, hasta que se acabe la vida.",182021,1814,978,14538,True,62816,False,False,False,148753334,0,human
38577243,Chrissie Fit,chrissiefit,Los Angeles,"Actress, writer, sometimes singer, and Tiny Dancer.",103367,495,297,6515,True,17701,False,False,False,38577243,0,human
392064313,あかねこ,rd_ct_ictv,藤蜜サンドの国,審神者とハマ女🐴 地雷などない ↑20,129,248,9,16461,False,64113,False,False,False,392064313,1,bot
1051021585,Corina,Corisiegrisst, ,Concepción del Uruguay,925,372,3,6640,False,23362,False,False,False,1051021585,0,human
113622749,BLADE,blade4649,,トキメキをもとめて生涯精進φ=φ(:3」┌)┘ https://t.co/UQJAngsZ1X,246905,932,5594,33606,False,105978,False,False,False,113622749,0,human
40583484,Maria Jose Loyola,lajosa,Mexico City,"Cantante Mexicana, Comunicóloca, ex-Kabah, Kabah y ex-Kabah otra vez ! Conciertos, contrataciones, promociones y entrevistas en https://t.co/ilgxQZ0RUx",1129266,12184,2935,2164,True,23235,False,False,False,40583484,0,human
233217936,KS,darkendefend,"Bangkok, Thailand ",ใช้ชีวิตอยู่บนท้องถนนในกรุงเทพนานกว่าเวลานอน.,116743,50,105,314,False,20509,False,False,False,233217936,0,human
205562604,HoyVerde Lifestyle,HoyVerde,On Line,"¡El verde es vida y la vida está llena de color! Ambiente, Sexualidad, Vida, Salud, Bienestar, Curiosidades, Datos, Lifestyle | Por @Culturizando",97273,84,941,216,False,37023,False,False,False,205562604,1,bot
58560480,Michael Dell,MichaelDell,"Austin, TX",Self employed 🇺🇸 Grateful https://t.co/vPbQgbRDOV VMware https://t.co/t4213FbBaJ https://t.co/Lk9VxbjC74 https://t.co/2QEmywiWHv https://t.co/ywmcEYMUg0,663385,3194,3797,3656,True,4172,False,False,False,58560480,0,human
232492324,和雑貨なごみ,nagomiforest,宮城県仙台市太白区柳生7-7-1,仙台市太白区柳生の和雑貨と写真スタジオのお店です。 （写真スタジオのお問い合せやご予約は店頭かお電話でお受けしています。） 定休日は毎週木曜日です。,972,1176,39,2389,False,30445,False,True,False,232492324,1,bot
50567305,Big Boob World,Boobworld,,"I am a Big Boob lover, and if you are too, please visit my website for Quality Big Boob pics and video. You won't be disappointed!",117606,1251,722,735,False,118862,False,False,False,50567305,1,bot
26759984,Guillem Balague,GuillemBalague,,"@BBC5Live, @LaLiga TV, @diarioAS. Wrote books&songs. UEFA B coach. Patron of @fBeyondBorders. @Biggleswadeutd’s Chairman


Enquiries@blueprintsports.co.uk",1047177,1788,7524,1175,True,28271,False,False,False,26759984,0,human
454324273,عادل بن سلطان,adelmz44,,,824625,833660,789,1148,False,96061,False,False,False,454324273,1,bot
1019791885,【人生激変】お手軽美容術,bijin__make,,あなたの世界が明日から変わっちゃう♪そんな明日から使えるお手軽美容術術をつぶやいています。役に立ったらフォロー＆RTしてね♪,30131,15832,40,1,False,75040,False,False,False,1019791885,1,bot
15913,Larry Hryb,majornelson,In your Xbox,"""The Xbox Guy"" 🎮 • 💑@thehappygirl • Twitter & Instagram @majornelson ❌🤳• RT's Earned, Not Given. 🌐Current Destination: The Future",1127687,5,11593,7,True,54804,False,False,False,15913,0,human
356832159,Whis_kasım var,adonislikedi,,"Özür dilemek, haksız olduğunuz manasına gelmez. Karşınızdaki insana verdiğiniz değerin; egonuzdan yüksek olduğunu gösterir. iletişim :onlineticaret1@hotmail.com",123388,137066,104,166386,False,50102,False,False,False,356832159,0,human
2557521,ESPN,espn,,Download the ESPN App ⬇️,33756726,235,59853,178,True,99475,False,False,False,2557521,1,bot
24100116,Barbara Duke,BarbaraDuke,Newport News VA,"ProfessionalEncourager, BrandAdvocate, Christian,Blogger,Survivor, #BoomerMom #girlfriends https://t.co/ihP9H3oQkf Power of Pink",96222,100305,3449,809,False,123334,False,False,False,24100116,1,bot
790136510,Kirk Herbstreit,KirkHerbstreit,,"Husband, Dad to Jake Tye Zak Chase-Believer-CFB Junkie-Proud Ohio St alum-diehard Reds/CBJ fan. For Marketing/Appearance inquiries: peter@p3sportsreps.com",1503484,735,5665,12,True,14964,False,True,False,790136510,0,human
1396439852,Harry Goaz,HarryGoaz,,Mother's Little Helper,282123,139482,287,3342,True,1246,False,False,False,1396439852,0,human
3147202359,クラッシュフィーバー公式(クラフィ),CrashFever_PR,,クラッシュフィーバー(クラフィ)公式アカウントです。イベントなどの様々な最新情報をお知らせしていきます！ この指先に、存在-ID-をかけてーー！  サポートはこちらです→crashfever@wonderpla.net,180821,4,460,0,False,21200,False,False,False,3147202359,1,bot
2163553326,cait walsh.,cait713,"Texarkana, TX - Marshall, TX ",•ETBU '19•,866,713,0,4551,False,2797,False,True,False,2163553326,0,human
23627469,Jermaine Dupri,jermainedupri,GLOBAL14,"JERMAINE DUPRI CEO OF SO SO DEF, GRAMMY AWARD WINNING SONG WRITER AND PRODUCER,HALL OF FAMER,AUTHOR,DJ,CREATOR OF GLOBAL14,EP OF “THE RAP GAME”",1080635,5118,4637,1838,True,69244,False,False,False,23627469,0,human
2166806700,Bad Teddy Beer,BadTeddyBeer,"Guadalajara, Jalisco. México","Mi mamá me abandonó en un mercado, fui recogido por una niña que se hacía caricias conmigo y por cosas del destino hoy soy Tuitero.
Pokemon code 7966 6908 9766",6083,80,27,11212,False,297,False,False,False,2166806700,0,human
483579235,起業・副業を応援！BizMatch,aimotweet,TOKYO,起業・副業を応援するビジネス団体BizMatchの公式アカウントです。起業や経営についての最新情報を気ままにつぶやきます。起業・副業に興味のある方はフォローお願いします（○´Δ｀人）,97477,78534,251,5106,False,44331,False,False,False,483579235,1,bot
73725383,360Connect,360Connect,,The Community of Loyalty360 connects experts to the market!,99061,106865,1951,51,False,97976,False,False,False,73725383,1,bot
80396134,Hugo Alconada Mon,halconada,,abogado; periodista en @lanacion; miembro de @icijorg; colaborador en @nytimesES; https://t.co/Dsf2qnw2cy,627763,194,1276,13801,True,10325,False,False,False,80396134,0,human
1079108184,holly jolly eva gutowski,lifeaseva,Schnitzel Land,reusable straw energy 🌏Eva@mylifeaseva.com,5044391,3872,1273,30520,True,15202,False,False,False,1079108184,0,human
175524309,👁,AK_ODi,,,87246,50277,146,836,False,650,False,False,False,175524309,0,human
2885206563,michelle,bigbootayhoes,,🇻🇪🇲🇽 | ΣΛΓ | shsu,1790,1016,24,182717,False,135010,False,False,False,2885206563,0,human
183734266,Beatriz Eiras,beaatrizeiras,,,1214,824,14,28960,False,129910,False,False,False,183734266,0,human
30323859,Carlos Sánchez,carloscomic,Santo Domingo,"Stand Up Comic. Si soy gracioso doy risa, sino no.",110397,49,200,1224,False,37415,False,False,False,30323859,1,bot
1288352436,Selena Gomez,iSelenaGornez,Los Angeles,"Get 'It Ain't Me' with Kygo, out now ♥Parody♥ (Promotion Business/ Content Removal requests contact: publicizing@outlook.com)",152435,86282,69,39,False,142909,False,False,False,1288352436,0,human
20312664,INDIKA 9160 FM,INDIKA9160FM,Jl. Pejaten Barat Raya No.2,WA : 08559009160,158918,1246,206,3256,False,214835,False,False,False,20312664,0,human
2586195402,cami,camiladiaz181,Ciudad de Mendoza,,1554,1711,8,32517,False,70917,False,False,False,2586195402,0,human
51674513,Dejan Kovacevic,Dejan_Kovacevic,"Pittsburgh, PA","Columnist/creator of Pittsburgh's pioneering sports journalism site/app, father of two spectacular children",119656,74016,2140,229746,True,59576,False,False,False,51674513,0,human
161482772,@america,atamerica,"Pacific Place Mall, Jakarta","The official @atamerica Twitter. Follow us to learn more about our programs, American culture and the United States.",102700,564,482,2265,True,58540,False,False,False,161482772,0,human
74409069,SMART,LiveSmart,Philippines,"The official Twitter account of Smart Communications, Inc. Follow @SmartCares for customer support.",1422391,53238,1566,6617,True,307845,False,False,False,74409069,1,bot
628187173,`คำในความรู้สึก♡,itfeelheart,#afeelofheart,,1651087,12,94,509,False,544,False,False,False,628187173,0,human
2337057608,Karan INA,cyberKaran,India,"Indian by birth, Hindu by culture, IT COOLIE by religion, activist at social media",1272,1764,20,4814,False,21628,False,False,False,2337057608,0,human
3550084640,30 Second Plays,30SecPIays,Turn on Notifications,Bringing you the best sports plays we can find! @CopsOnTape,23847,2587,8,7,False,62,False,True,False,3550084640,0,human
579935321,あかね@1/27堺東Goith,aknx1x2x7x,関西,美少女ゲーム「DS9 ディベートスクールナイン」改憲主題歌、「スライム娘の育て方」主題歌歌唱。毎月第4金曜日「つながるTV」様よりAちゃんねる放送中☺︎ アニメ、ゲーム、アニソン大好きです✨ライブ撮影禁止です。,1637,964,39,9820,False,65203,False,True,False,579935321,0,human
2459378088,藤田 ニコル(にこるん),0220nicole,オスカープロモーション所属 ,にこるん。20歳。/167cm/2月20日/ nicola ⇨popteen ⇨vivi 人生楽しんだもんがち♡るん。@NiCORONofficial https://t.co/1XBThfHn8P,2437129,414,4371,73464,True,46427,False,True,False,2459378088,0,human
1709847242,Damián,dami_carrara,,,1335,1102,0,7697,False,9720,False,True,False,1709847242,0,human
543013426,희수얌,HeeSuee,,재미나게^^ 트윗을 하고 싶어효!! 행복하세횽!!^^,97253,104043,264,15,False,58826,False,True,False,543013426,1,bot
794376310978060288,Ana Lau Garcés E,iCigarrito,"Tenancingo De Degollado, Méx.",".: Me hackearon y comencé de nuevo. Me sigues, te sigo.:. Mx° | † | Psicóloga | | | Me gustan las ranas | 17:03",7268,7913,7,1816,False,4615,False,False,False,794376310978060288,0,human
401439271,Love Minions,IVIinions,,Adorable tweets from the most adorable characters ever! #PARODY (Promotion Business/ Content Removal requests contact: publicizing@outlook.com),108608,103675,37,38,False,157606,False,False,False,401439271,1,bot
460982634,DR.Hawk,hawk666hawk,حيث الكتب والقهوة والدامبلز,"‏‏‏‏‏‏الكلمة الحلوة يابا بتسطل فولو واتسطل.. ‎‎‎‎‎‎#MMA 
med.student
يسقط كل من خان .
 كله ف الlikes",160466,60531,114,9822,False,20474,False,False,False,460982634,0,human
84195118,Ibéyise Pacheco,ibepacheco,"Miami, FL",Periodista y escritora venezolana. Ciudadana de la libertad. https://t.co/aqtLpm8Svj,1724520,1610,5069,242,True,73506,False,False,False,84195118,0,human
75821706,.,CommonWhiteGrls,,,936091,0,3007,34,False,9133,False,False,False,75821706,0,human
4110375555,🇸🇦 prince,as_503,الخبر,✨سُبــْحٓـان الله وبِحٓـمْدِه༺سُـبْحٓـانْ الله الـعٓظِيـمْ✨,73613,63963,33,154,False,17623,False,True,False,4110375555,1,bot
488011724,Mike Greenberg,Espngreeny,,The world’s foremost authority on all matters. https://t.co/845cnCh8PS https://t.co/KDNnvvYm4o,1165566,412,6511,1445,True,19405,False,True,False,488011724,0,human
2912331852,ชาร์ลวี,charlv_,,💫รีรีข้าวสาร ส่องนาน ๆ เเสดงว่าเสือก l 💘In a Relationship with Rov 🎮 | ⚡คูมลูก @frungx_ |,2047,125,5,1271,False,151114,False,False,False,2912331852,0,human
420670398,Layla,laylang,春の匂いのその場所,"90年代からバンギャ / 
一生VJSロス / 
飲酒は輸血 / 
グレヲタ / X / 奴隷 / ABC / 
team軽率 / 
地球規模で遠征 / 
ライブレポは日記 / 
ネタバレ鍵垢 @laylang_repo / 
過去レポ https://t.co/2EbCw5ERDu /",1372,360,29,281,False,61971,False,False,False,420670398,1,bot
17710740,DNA,dna,India,"Follow us for news, photos, videos and the latest trends from India and around the world. http://t.co/IZXefx3rSt",1936343,376,3649,116,True,505905,False,False,False,17710740,1,bot
2237649551,Саша Воробьев,mineBarcel,"Dnepropetrovsk, Ukraine","Тратьте меньше, чем зарабатываете, - вот вам и философский камень. -",809,0,23,3,False,137888,False,False,False,2237649551,1,bot
545409188,Cronos,Cronosplays,"Juiz de Fora, Minas Gerais",Instagram: cronosplays I Contato Profissional: contatocronosplays@gmail.com,132182,253,69,1379,False,33831,False,False,False,545409188,1,bot
422041940,Barkson,Arkson10,New York,31 | He/They | Forgetful | Ace | Furries | Sometimes NSFW likes and tweets | 18+ is recommended follow age | Icon and header by @Rutzdus,2636,2526,12,38689,False,21024,False,True,False,422041940,0,human
2928691509,IG: @fly_13arg,AmelyGalicia,,💙🔥,765,1349,2,18774,False,9178,False,True,False,2928691509,0,human
1139325710,РБ головного мозга,belamova,Барановичи/Минск,Самый крупный в Беларуси телеграм-канал про политику: https://t.co/u2gEtuhdjM,181907,240,635,22846,False,14853,False,False,False,1139325710,0,human
2961704150,mom. 💛,ashleyrosefvr,mind yours.,"darling, this is chamomile tea. Cole Alexander 💙",746,1003,5,30614,False,56906,False,False,False,2961704150,0,human
21185126,Chris Harrington,chrisharrington,"Cornelius, NC",1st to use the hashtag for TV | Ad Agency Director with Omnicom | Digital for global brands | #dad #husband #Ⓥ #runner | #advertising #digital,85666,3234,1539,6001,True,14045,False,False,False,21185126,0,human
111809956,竹谷　尚人,hisato_takeya,東京都江戸川区,色々訳あってLINE始めました　Twitterは人生を変える！　フォロワーさんに元気をお送りします！　大庄（庄や）応援団長　現在412店舗訪問　ニッカウヰスキー　UAセゾンプラチナ　常に前向き！　調理師免許　SO-04J　ANA　d-02J　健康　山崎製パン 　探求心　ポリシーを持つ　サブアカ→ @hisato_sub,92126,101186,353,622,False,478881,False,False,False,111809956,1,bot
245010194,أحمد السمحان,Ahmed77_,الكويت _ الجهراء,مولود في ٦ مارس,1157,1072,1,3750,False,58816,False,True,False,245010194,1,bot
3244178876,ピンクパンサー,pantherxp,,"■スマホ/PCでこんなに簡単に稼げるなんて！ https://t.co/T60bfAchoY
★豊富で安心のアダルトグッズ⇒https://t.co/TUwGxfVC0h",713,1343,12,0,False,111696,False,True,False,3244178876,1,bot
453825972,تكافل الراجحي,AlRajhiTakaful,Saudi Arabia,الحساب الرسمي ل #تكافل_الراجحي ، حلول #تأمين برؤية شرعية تحقق طموحاتكم | حساب خدمة العملاء @AlRajhi_Care,121697,4,79,306,True,16702,False,False,False,453825972,0,human
17861062,colson,machinegunkelly,cleveland,,1231095,1108,3411,3011,True,30358,False,False,False,17861062,0,human
16929349,NYT Fashion,NYTFashion,"New York, NY",Fashion news from The New York Times. Sign up for the Open Thread newsletter here: https://t.co/EKHEhnS7vv,990340,309,9806,917,False,55215,False,False,False,16929349,1,bot
3149062356,はるる*ん,_8rk_3,追尾式ハローワーク,ピチピチできゃぴきゃぴです,16399,85,75,20204,False,24323,False,True,False,3149062356,0,human
1156489574,Amir Mateen,AmirMateen2,Islamabad,"I like to think myself as a Reporter. Anchor at 92 News . Worked for The Nation, Dawn, The News & BBC as Washington Correspondent. Love my job",426359,854,402,4979,True,25667,False,True,False,1156489574,0,human
219992032,คุณหมีดงฮัน🐻,aoxche_,,#highlight [dooseob] #exo [kaisoo] #got7 [markbam] #seventeen [soonhao] #NCT [taeten] #JBJ [hyunhan] #wannaone [allxjinyoung] #Straykids thx follow me ☺,1293,1024,16,99884,False,516069,False,False,False,219992032,1,bot
2327994013,Dystopian Quotes,DystopianQuotes,"AD 802,701",Tweeting Dystopia 140 characters or less. A Dystopia Mash-up at times. Sometimes I tweet complete novels. #QuotesOfTheDay,818,46,23,280,False,37303,False,True,False,2327994013,1,bot
93311525,NHK広報局,NHK_PR,東京都渋谷区神南２−２−１,NHK広報局のアカウントです。NHKからのお知らせや気になる番組情報をご案内します。 利用規約はこちら→ https://t.co/Q11WanxIUh フォローの考え方はこちら→https://t.co/8lVsvM27YP,2128517,116,29725,2,True,109230,False,False,False,93311525,1,bot
50627014,Barbie Forteza,dealwithBARBIE,,2016 Fantasporto (Portugal) International Best Actress • 2014 Cinemalaya Best Supporting Actress • 9th Ani Ng Dangal Awardee,1205811,441,1220,2424,False,24136,False,False,False,50627014,0,human
38537315,Teddy Saban,Teddypinderass,,MY NIGGAS OUTTA LINE AND WE ROLL LIKE THE ROLLTIDE #iValueMyLife,997,863,21,444,False,255390,False,False,False,38537315,1,bot
174369819,AfterBuzz TV,afterbuzztv,"Hollywood, CA","https://t.co/EjP4oThCAI - The ESPN of TV Talk…created by @MariaMenounos & @Undergaro with a vision to serve TV super-fans anywhere, anytime.",39410,4613,577,11044,True,66233,False,False,False,174369819,1,bot
127683262,Araceli Gonzalez,araceli_g,"Buenos Aires, Argentina",https://t.co/tiRJ6JcsBm,1133885,1188,1461,11562,False,22151,False,False,False,127683262,0,human
218697713,Kimberly Ritter,2kidsandacoupon,Iowa,Social media #influencer & #Iowa #blogger sharing fun things to do for families at https://t.co/KxYFiSJFZQ. Contact us at 2kidsandacoupon@gmail.com,106417,95397,1893,6483,False,299379,False,False,False,218697713,1,bot
2363231167,Çok Piçsiniz,cokpicsiniz,"İstanbul, Türkiye",,58003,538,35,26826,False,143788,False,False,False,2363231167,1,bot
77225484,Affonso Solano,affonsosolano,Kurgala,"Autor do Espadachim de Carvão, Curador da Ed. Leya, criador do MRG e sócio da Gaveta Filmes. Nerdcaster, Omeleter. Rádio Mix 102.1 (seg. 22h)",295900,631,562,8130,True,51155,False,False,False,77225484,0,human
119456978,Ashish Khetan,AashishKhetan,"Cambridge, England",An Indian Away From Home,218054,441,336,84,True,14363,False,False,False,119456978,0,human
19106719,Malaysia Airlines,MAS,"Kuala Lumpur, Malaysia",Memorable journeys inspired by Malaysia's diverse richness. #MalaysiaAirlines Global Airline partner of LiverpoolFC #MHxLFC,1745964,404,3161,219,True,46250,False,False,False,19106719,1,bot
1253172344,cayetana,CayetanaLazcano,Puerto Rico,quieren mi vida y no pueden con la suya • uprrp-biology  • 🇵🇪,1110,861,6,12289,False,23199,False,False,False,1253172344,0,human
146540920,Ask PlayStation,AskPlayStation,,"Official Twitter support for PlayStation, PSN, PS4, PS3, PS Vita, and PS Vue from Sony Interactive Entertainment America (SIEA)",1393326,3091,3359,1,True,884911,False,False,False,146540920,1,bot
720183165,"‏‏♕أبـ,ــوٰيـٰـ,ــآرا♕💚نوم😴",44_nahl,ملگي💚,"‏‏‏‏‏‏‏‏‏‏‏‏‏‏الغت مواعيد النهار .. شمسِ بِدت مثل النهار💚

‎‎‎‎‎‎#قروب_الناهل_للدعم",193622,133417,828,8926,False,628532,False,True,False,720183165,1,bot
21786831,Harvard Education,hgse,"Appian Way, Cambridge, Mass",The official Twitter feed of the Harvard Graduate School of Education,143301,152,2638,4668,True,9239,False,False,False,21786831,0,human
235092653,Masuta,masutatrading,Indonesia,Sharing bisnis dan investasi terbaik yang dapat kita pilih. MobilePhone:+6283831111277 Email:masutatrading@gmail.com #SRUDUKFOLLOW,903,0,28,3,False,262383,False,False,False,235092653,1,bot
2338346534,熟年だけど出会いが欲しい…♀,jukunenn_deai,,熟年だけど出会いが欲しい… 熟女ですけど恋がしたい… セックスがしたい…。 そんな出会い求めてる人いませんか？ 良かったら遊びませんか？ 年甲斐も無くこちらもやってます→http://t.co/tkNtScJpag,806,0,7,0,False,35316,False,True,False,2338346534,1,bot
1424000143,Chris Jeffries,ChrisJeffries24,Germany,"#ChrisJeffries Is a creative professional, musician, designer, programmer, animator and animal lover",1462,1013,587,41910,False,94122,False,False,False,1424000143,1,bot
423373395,さむちん,collectivemode_,,真ん中には常に愛を/アイコンはシモニタ研究所@IswShimonita から頂きました/emo violence /Sludge metal /craft beer / イクニ/ #njslyr,1094,548,88,308373,False,299165,False,False,False,423373395,1,bot
452029319,種田り（ことのは）サマー,kotonohasummer,種田いのり帝國,2018.1.21日下北沢にて没。。。後のブログで墓から蘇りました。 2019年も岡嶋妙さんをよろしくお願いします。 ソーサレス＊アライヴ! でエロゲデビューする予定ですので諸先輩方よろしくおねがいします。はるかなレシーバー　流星ワールドアクタerです。よろしくね,1328,1282,47,46645,False,278538,False,False,False,452029319,1,bot
429950914,Anthony D'Amato,anthdamatomusic,"New York, NY",,1576,477,55,7284,True,6607,False,False,False,429950914,0,human
62352806,GIUSEPPE ROSSI,GiuseppeRossi22,USA (NJ-NY) / Italia,⚽️Player ..... Been around the world... Hometown is always NJ....,913895,253,5572,814,True,14089,False,False,False,62352806,0,human
406482215,REBEKA.,BekaGargarelli,"Gru, Sp",,2961,1116,18,77333,False,58790,False,False,False,406482215,0,human
606585417,أحمد المطيري,a_mo6iry,ksa,شاعر .. لا أقتبس !,95623,568,358,459,False,21184,False,False,False,606585417,0,human
544696041,Shane Johnson,AlwaysaGoodday1,Eugene Oregon,"I mentor, advise and work to build community. Managing Director at Coast to Crest Fund. 

My opinions are my own since there are very few worth stealing.",1361,1258,269,21303,False,38947,False,False,False,544696041,0,human
46440103,Michael Jai White,MichaelJaiWhite,"Los Angeles, CA",I pretend I am other people for a living.,455998,127530,921,2025,True,4693,False,False,False,46440103,0,human
600499984,CB24.TV,cb24tv,Costa Rica,"Somos el primer y único canal de noticias centroamericano para el mundo.
Informamos 24/7 sobre los hechos más relevantes en la región #CB24",35426,1470,232,693,False,112973,False,False,False,600499984,1,bot
48749099,carolmagalhaes0,carolmagalhaes0,Brazil,Atriz e Sócia da Rede Globo Bahia,85553,151,277,8,False,3984,False,False,False,48749099,0,human
621100382,claire ✿,cllynro,🌙,OSU ‘22,1510,798,0,37348,False,21601,False,False,False,621100382,0,human
2959147470,L,2KWagerKing,Canada,,827,6,3,588,False,6839,False,False,False,2959147470,0,human
380944344,Depop,depop,London | NYC | Milan,Create. Style. Show off. Buy. Sell. Find. Share. Welcome. Download the app here: https://t.co/EbuUO6RViC Any questions? @AskDepop,168435,223,233,25831,True,13745,False,False,False,380944344,1,bot
85537477,Bola,Bolanet,,Official Twitter Page of http://t.co/55okc1nwJq || Football From Monday to Sunday,1392384,410,1622,4,True,405327,False,False,False,85537477,1,bot
2943615224,セクシー下着を身につけた女子画像,sexy_sitagigazo,,セクシー下着を身につけた女子はフェロモンがいっぱいですね。お気に入りの画像はＲＴお願いします！,1004,0,3,0,False,3416,False,True,False,2943615224,1,bot
128216887,Jon Snow,jonsnowC4,Mainly London UK,"Anchor, @Channel4News: hungry for info. Interests:development/homelessness,/the abroad/people/politics/art./life!",1331183,477,7287,41,True,14310,False,False,False,128216887,0,human
247062249,Helena,healthandus,,common sense health tips for everyday life by everyday people,97068,73119,690,407,False,697,False,False,False,247062249,1,bot
295230196,Queen A 👑,Alyssa615_,"Nashville, TN",twentyone🌸 | goal digger ✨| restupgrams 👼🏽,1635,1592,7,6401,False,31226,False,False,False,295230196,0,human
92393934,Gisela Ponce de León,miseliti,Instagram: giselaponcedeleonf,"Actriz , #solteracodiciada en @netflix, co conductora en @jammin_movistar",1342385,981,570,28503,True,43481,False,False,False,92393934,0,human
398836690,bet365_es,bet365_es,,"El grupo líder mundial en apuestas deportivas en línea, Casino, Póquer y Tragaperras. Seguidores (18+).Juega responsablemente. http://t.co/FPXH95rlL4",112471,365,292,1156,True,69955,False,False,False,398836690,1,bot
82789484,joe mande,JoeMande,H✡LLYW✡✡D,twitter is trash. facebook’s the devil. i bought 1M followers for like $400. none of this shit matters. antarctica is melting. watch my special on Netflix 😜,578484,809,2129,48252,True,11846,False,False,False,82789484,0,human
136469272,Arianne,ArianneMusic,,(21) 99497-9778 contato@ariannemusic.com,98031,180,226,188,True,5708,False,False,False,136469272,0,human
386707036,آخر الرجال المحترمين,almalqam,السعوديه,(حَقِيقٌ عَلَىٰ أَن لَّا أَقُولَ عَلَى اللَّهِ إِلَّا الْحَقَّ )  ..كما آمل عدم ارسال رسالة الا في حال رغبت في تنبيهي أن جيش العدو على بعد نصف ساعة من الرياض,130568,946,819,1882,False,65630,False,False,False,386707036,1,bot
575704180,ضنآني آلشوق,9090_q8,Q8,حين لا تحب المكان إستبدله،حين يؤذيك الناس غادرهم.. حين تمل ابتكر فكرة جديدة،حين تحبط إقرأ بشغف.. اصنع واقعك.. المهم في الحياة ألا تقف متفرجا♥️,89491,55315,138,683,False,109035,False,True,False,575704180,1,bot
22393012,carley davidson,CarleyyJaye,"Pittsburgh,PA",,841,80,6,3878,False,30418,False,False,False,22393012,0,human
994311271,baeeee ❁,baileeraee_,,,828,649,0,5052,False,21185,False,False,False,994311271,0,human
422914242,Audg,Audreykaylen,,UVA-Wise Nursing ‘20⚕️,1033,640,1,13226,False,52163,False,False,False,422914242,0,human
1570434660,★|دكـتـور خـالـد dv9,82lid,K$A,"طبيب مقيم (جراحة عظام)
مشرف طوارئ مستشفى BMGH
ناشط في مواقع التواصل الاجتماعي
اقدم نصائح #طبية و#معلومات_عامة مثبتة بدراسات
(ur wife is ur life) ❤️",43724,51,48,21,False,27709,False,False,False,1570434660,1,bot
424774065,tyyra,AtiraShahrir_,Malaysia,Expect less. More happier ❤️,1032,469,0,13053,False,35474,False,False,False,424774065,0,human
1518220519,น้องแบ้ก 💎,_BookBH,,EXO | @B_hundred_Hyun Family 🍓🍼,15089,185,19,60739,False,453306,False,False,False,1518220519,1,bot
228509845,beatriz marquezini,beamarquezini,,make yourself a priority,412,305,1,29941,False,123035,False,False,False,228509845,0,human
2167754641,bales🎃,_baaileygaang,702,UNLV / CSN | @jaacobdaay is so cute,1034,862,18,12212,False,20834,False,False,False,2167754641,0,human
2900587879,محب الموحدين,dawlaoeee0,,نحن الذين بايعوا محمدا  على الجهاد مابقينا ابدا,702,1194,1,259,False,46848,False,True,False,2900587879,1,bot
56246250,blacq,blacq2,United States,"writer, online business, blogger",22252,6989,215,96,False,323315,False,False,False,56246250,1,bot
381073791,HeatherMarianna.tv✈,HeatherMarianna,Las Vegas-Los Angeles-📺,CEO of Beauty Kitchen @beautykitchenhm 💋 Boss Lady On TV or a PJ ✈️ 💋🍴🛀🏽 Press; PR@HeatherMarianna.TV download Beauty and the Boss on I-tunes Podcast!,48596,5514,267,4357,True,90781,False,False,False,381073791,1,bot
2532821389,simge ekici,caapulcukiz,Tokyo,"Hakaret ve küfür olmayan her eleştiri kabulümdür. Barışın, kardeşliğin, özgürlüğün hayali ile yazıyorum.. Varsın ne derlerse desinler.

yedek hsp @caapulcukiz13",123768,734,452,1667,False,33098,False,False,False,2532821389,1,bot
40398210,Sue M.,batchild100,,,963,4354,203,269,False,96287,False,False,False,40398210,1,bot
73821095,claudio cosano,claudiocosano,ARGENTINA  - BUENOS AIRES,Diseñador de Alta Costura,108981,75,131,12436,False,27102,False,False,False,73821095,0,human
23442551,Avon Brasil,AvonBR,"São Paulo, Brasil",Twitter oficial da AVON Brasil. https://t.co/pxO4ipetLE,116647,2438,1261,880,False,21710,False,False,False,23442551,0,human
958092908,شركة علامات العقارية,alamat_sa,المدينة المنورة,سعياً منا لتقديم أفضل الخدمات العقارية بالمدينة المنورة نضع بين يديكم هذا الاستبيان لاستقبال المزادات والعروض العقارية المميزة رابط الاستبيان,20080,0,12,37,False,3950,False,False,False,958092908,0,human
27178513,Jackie Johnson,JackieJohnsonLA,"Malibu, CA",Wife. Bridgette’s Mommy. TV Personality. Designer of The French Closet.,25712,1186,429,11968,True,9751,False,False,False,27178513,0,human
115622213,KRK,kamaalrkhan,"Mumbai, India","https://t.co/klbeVxQn13, https://t.co/7szr2X3Y9o, Insta- @KRKActor, #Deshdrohi #EkVillain #BiggBoss3, 1 abuse n u will be blocked",5274249,161,1101,104,False,34296,False,False,False,115622213,0,human
2927879268,Gran Horóscopo,GranHoroscopo, México - Argentina,Tu mejor prediccion diaria ORIGINAL para todos los signos. PARA LEER TU HORÓSCOPO- https://t.co/0d6feBPxDf https://t.co/P92Cmqywwi,113300,16422,112,37,False,70666,False,True,False,2927879268,1,bot
310434477,Amber Nichole Miller,AmberNicholeM1,"Huntington Beach, CA",Model | Actress | Brand Ambassador | Italian | German | Sagittarius 👑41 ✨@titoortiz @theortizboyz ⭐️@savagesunnies ⭐️@fitlifebyanm #MAGA #Make17 🛍#POSHMARK ⤵️,44203,3402,257,7544,True,41741,False,False,False,310434477,0,human
311321484,صاحب السمو الهلالي,BaderDiab,,الهلال ،،، ثم أشياء أخرى,116849,408,318,164,False,123687,False,False,False,311321484,1,bot
277845835,理事長 （自由人。しがない非公式）,iam1101,,,138087,45,2111,22,False,83717,False,True,False,277845835,0,human
26525324,aylin aslım,AylinAsLIM,Istanbul,Müzisyen. Singer/Songwriter https://t.co/kO9yKyT0Y0 https://t.co/FzfROzsP84,1031670,1579,2113,25012,True,20946,False,False,False,26525324,0,human
706346715,صالحة  الأحمري,apple2260,,اللهم لا تهدم لهم حلماً,784,1310,0,183,False,1125,False,True,False,706346715,0,human
47923477,ComputerHoy.com,computerhoy,,"Tecnología, gadgets, informática e Internet. Informamos en la web como lo hacemos también en la revista de #tecnología más vendida en España.",231235,390,1769,589,True,109862,False,False,False,47923477,1,bot
852870162,로또걸,lottogirls,서울,"로또계의 리더! 로또음성컨텐츠 도입, 국내 최대 통계분석자료, 로또당첨자성지, 로또사이트 로또걸입니다.",804,0,0,1,False,520,False,True,False,852870162,1,bot
2255839644,Cristian Rivero,_CristianRivero,Perú,"Comunicador, Actor, TV Host @los4finalistas @latina_pe Instagram: @_Cristianrivero Contrataciones e información: contacto@e1latin.com 956 854 981",250228,426,80,8932,True,7761,False,False,False,2255839644,0,human
16736535,PC Gamer,pcgamer,"San Francisco, Bath & Sydney","The global authority on PC games. Tweets from our US, UK, and AU editors.",1962040,81,5491,782,True,59684,False,False,False,16736535,1,bot
219294551,Didier Drogba,didierdrogba,,Official Twitter for me & my Foundation - The Didier Drogba Foundation https://t.co/r7rIZSEkOU,1644623,552,2591,1602,True,3523,False,False,False,219294551,0,human
115607690,💞 Cherie Amour 💘,cheriemorte,Bro O'Clock,"Hija de la escoria Cubana. I write fic & make fandom weird. A connoisseur of brother-focused media. Queer as in ""Fuck you."" She/her/hers.",1792,260,89,182262,False,261438,False,False,False,115607690,0,human
2492023416,剣道はおもしろい！,kendouippon,,,802,850,5,0,False,25333,False,True,False,2492023416,1,bot
1566174187,UPDATES 5️⃣🆘,5SOSWWnews,Austria,"Laura | Just a girl obsessed with music | sometimes Updates, sometimes random posts | 5SOS, 1D, TØP & more | followed by 4/4 + BandAcc (5SOS) | questions? ⬇️",79600,298,272,9189,False,63080,False,False,False,1566174187,0,human
2288138575,PODEMOS,ahorapodemos,Facebook: http://ow.ly/ueEX9,Un país feminista y donde nadie se quede fuera. La España que nació el 15M. Construimos contigo una mayoría para recuperar la dignidad y los derechos #SíSePuede,1348625,1550,5707,1582,True,96880,False,False,False,2288138575,1,bot
95540269,[_Kárlah Eloísa_],BrujaReal,,"#Bruja graduada en #comunicación y certificada en #LifeCoaching.
La vida es #magia, incluso en las #RedesSociales.
Consultas y asesorías.
❤️🐶🦄",75988,264,342,9410,False,113333,False,False,False,95540269,1,bot
16542230,CricketNext,cricketnext,India,"News, Live Scores, Results, Stats and everything that's cricket from all over the globe.",119599,519,681,0,True,152074,False,False,False,16542230,1,bot
2295337212,サスサクコピペbot,sasusaku_copy,,2chなどのコピペをサスサク風に改変した非公式botです。キャラ崩壊、下ネタなどを含みますので苦手な方はご注意ください。１時間に一回呟きます。何かご意見ご要望などありましたらDMにてお願いします。返信機能はございません。,1429,2014,11,0,False,42036,False,True,False,2295337212,1,bot
410177149,Dominique Jackson,DeeDeeSpeaks,"Sabre Springs, CA",Stockbroker | Home Owner | Gamer,74965,57973,163,1268,False,29150,False,False,False,410177149,0,human
2817057361,野球大好き人間がゆく！,hiroshi1a2,,野球大好き人間です。面白情報についてつぶやきます。,1740,1822,0,0,False,28443,False,True,False,2817057361,1,bot
504650518,107.9 Yobel FM,radioyobelfm,Pemalang,"Ikuti terus siaran kami, terus mengudara untuk Anda. Yobel FM Just For Your Life",700,15,4,2,False,66291,False,False,False,504650518,1,bot
3031717200,チャシャ,chash_a,妄想の中,成人済。 ヴィク勇沼にハマった。構ってくれたら嬉しいです(*´ー｀*)無言フォローすみません。A3！、アズレン、フレ募集中。,869,1897,65,40984,False,90804,False,False,False,3031717200,1,bot
19940791,Conservation Intl,ConservationOrg,"HQ - Arlington, VA",We're Conservation International. We protect nature for the benefit of all 7 billion people on Earth—because people need nature to thrive.,146883,13152,3255,18270,True,26218,False,False,False,19940791,1,bot
1371634332,IngenieroBoss,Ingeniero_Boss,"(x,y,z,t)=[0,0,0,1]",Derivame y sabrás mi punto máximo • Comunidad líder de habla hispana en el sector de #ingeniería y #telecomunicaciones • ingenieroboss@gmail.com,109073,657,367,64364,False,10968,False,False,False,1371634332,1,bot
2235027028,شبكة اغنام ستي,aghnamcity,( مفهوم آخر للهواية ) ,عروض بيع وشراء لجميع انواع الحلال، تقارير حصرية لكبار المربيين، مواقع خاصة لكبار الشخصيات، عيادات بيطرية، أعلاف (برسيم، ذره، تبن) بشدود جوندير وولقر حصرية،،,76707,47545,26,29,False,9257,False,True,False,2235027028,1,bot
186811328,A,biebest,,,791,396,12,780,False,32375,False,False,False,186811328,0,human
166092949,atv,atvcomtr,Türkiye,atv Twitter Resmi Hesabı,1139795,68,584,1616,True,89375,False,False,False,166092949,1,bot
49348697,A CHANGED MAN,amancanchange,In the right at the right time,Changing every opportunity into an accomplishment  Positive Thinker No Negative vibes Reality on a daily basis #Keylifelessons,79828,37350,1451,1751,False,115984,False,False,False,49348697,0,human
80413939,AMD1•ILLUMINATED,AMD1_CEO,\/•👁Get The Albums👁•\/,👑QUEEN MC👉🔥🐲EMPRESS•AMD1𓅓 🌈LGBT PRIDE🔮🦉👁 AMD1CEO@OfficialIlluminati.com 🔺https://t.co/Z9hPlHkXtg🔻@VIPMusicRecords https://t.co/HUMmJNW0Bl,188327,121118,200,93829,False,82758,False,False,False,80413939,0,human
25552667,Comunique-se,comuniquese,Brasil,"Comunicação corporativa, marketing de influência, relações com investidores e TV corporativa. O seu ponto de encontro da comunicação.",104459,65,2047,463,False,37728,False,False,False,25552667,1,bot
141711645,Abel Pintos,AbelPintos,Argentina,"Cantante, autor y compositor Argentino. Nuevo single “El adivino” adelanto de LA FAMILIA FESTEJA FUERTE https://t.co/WmZ3Lu2Nhf",1668063,393,1452,446,True,20513,False,False,False,141711645,0,human
3950165657,آفاق لعلوم الفضاء,hsss_sa,"الطائف, المملكة العربية السعود",جمعية آفاق لعلوم الفضاء HSSS تهتم بعلوم الفضاء والفلك والكون بمنظور علمي يوافق المبادئ الاسلامية .,44153,1,110,586,True,7582,False,True,False,3950165657,0,human
13881902,jani dueñas,janidejesmar,santiago,"Comediante,actriz,locutora 👉🏻 @31minutos @ladivinacomidachv #PorlaRazonylaCiencia #GrandesFracasos en @netflixlat y proximamente en #Viña2019!",138343,467,363,7958,False,67334,False,False,False,13881902,0,human
747585390,abcvision Media,abcvision,"Atlanta, Georgia USA","Writer, Thinker, & Lover- Dr. Wilson Triviño- #Latino Political Scientist - #author #socialmedia #influencer #Innovation #ATLevents #reviews #warEagle",16561,892,472,24276,False,51933,False,True,False,747585390,0,human
2550088538,チサエ,chisae1973,横浜,本が好き。初代ピカ版からのポケモントレーナー、エンジョイ勢、色粘り、アニポケ、ポケセン、ポケGO、Let's goピカチュウ。たまごっちドリみく紫、メルヘン黄／アプリ非対応。ドラクエビルダーズ２。無言フォロー歓迎です。よろしくね。,1731,1619,38,45387,False,79606,False,True,False,2550088538,0,human
80635411,El aragonés errante,jcchavarria,,"mi motor la música,  lleno de ironias y un poco de humor negro, la sangre alemana corre por mis venas porque mi abuelita era caníbal y se comió un alemán.",55908,12958,126,991,False,83961,False,False,False,80635411,0,human
628971327,Andrew,_ConfettiWap,East Coast,here for the drama and conflama,899,194,11,27319,False,38585,False,False,False,628971327,0,human
2541363451,"गृहमंत्री कार्यालय, HMO India",HMOIndia,"North Block, New Delhi",Office of the Home Minister of India,2672430,130,1179,896,True,5099,False,False,False,2541363451,0,human
1063700869,James Inked Up  ,JamesPostss,,I Love Bad Bitches & That's My Fucking Problem,92306,79755,95,42,False,344,False,False,False,1063700869,0,human
834228127,بندرالسياليbandr331,abab1115,بندرالسيالي,💫اللهم احسن خاتمي💫,123086,135352,53,7815,False,36018,False,False,False,834228127,1,bot
144082130,ぐると,gulto,あーそこはあーきっと,ひょんなことから北大へ  灘66回→北大法('14入学、4年)/放送/鉄道旅行バス旅行/相撲/関西2球団/山梨郡内/麻雀/競艇   アイコンは@e__kiから頂戴しました。規制→@gultono2,990,1011,48,108,False,119841,False,False,False,144082130,1,bot
18806575,Biz  Tips,biz_tips,,"Expert in #SocialMedia Marketing and #Marketing Consultant - Addicted to #Blogging - For FREE Coaching, follow the link below ↴",98658,92166,2141,92308,False,185579,False,False,False,18806575,1,bot
32451329,Alfredo Vela Zancada,alfredovela,Valladolid,Marketing | Formación | Conferencias | Contenidos | Infografías | Orientación Laboral | RRSS | Autor #ElLibrodeTwitter |  beBee Ambassador | #RedesSocialesCyL,163630,151486,7171,12561,False,604662,False,False,False,32451329,1,bot
18219976,Globo,RedeGlobo,Brazil,Perfil oficial da Globo.,11672962,549,16046,4379,True,149194,False,False,False,18219976,1,bot
735385566,Charles Holden,CharlesHolden4,,"U.S. Army Military Police Retired, EMT(P), LEO Retired, Blue Knights KY XVIII #PJNET",816,0,35,42,False,83384,False,True,False,735385566,1,bot
133693041,Arbain Rambey,arbainrambey,Jakarta,"Fotografer profesional, artinya hidup sepenuhnya dari fotografi dan segala tetek-bengeknya....",119686,1800,608,4589,False,158370,False,False,False,133693041,0,human
268506350,james,jamieandries_,"Dallas, TX",Be so happy that when others look at you they become happy too ☻,84504,828,107,21500,False,28151,False,False,False,268506350,0,human
26896439,Andrea Guevara,AndreaMGuevara,"California, USA","I help #writers, #creatives, & #entrepreneurs attract their people by leveraging their strengths. #design, #write, #branding, #speaker | Mentor, @QueensLeaders",1268,1647,84,3115,False,3652,False,False,False,26896439,0,human
1925530586,carol,_carolinebarlow,,|Ethics and Public Policy UIOWA '20| she/her|”well behaved women rarely make history”|,994,735,4,8719,False,14749,False,True,False,1925530586,0,human
1004764640486854656,lupita,jaurehave,,the bar is going to close and I here thinking of seeing you for the last time,96,137,0,128,False,331,False,True,False,1004764640486854656,1,bot
373706247,Carolina♡,caroopuchetaa,,"puchetacarolina👻
//25 de enero👶❤❤❤//",987,727,3,7483,False,30442,False,False,False,373706247,0,human
23645599,Bethesda,bethesda,"Rockville, MD","Bethesda Softworks' officially official Twitter for all things DOOM, Elder Scrolls, Fallout, Quake, Prey, Dishonored, The Evil Within, Wolfenstein, RAGE & more!",1755312,555,7729,6358,True,21281,False,False,False,23645599,0,human
136024120,Carolina,carolavesolo,"Berazategui, Buenos Aires",💚✊,1103,752,6,12330,False,34785,False,False,False,136024120,0,human
154670681,Antonio Morales Rive,amoralesan,"Bogotá, Colombia","Periodista independiente, El Café Picante en Youtube https://t.co/V1QDWTvtRD",130986,394,674,21758,False,38396,False,True,False,154670681,0,human
2670321,IDC,IDC,"Framingham, Massachusetts, USA","The premier global provider of market intelligence, advisory services, and events for the IT, telecommunications, and consumer technology markets",138303,207,3694,2704,False,10500,False,False,False,2670321,1,bot
2894661271,∫🐴 あ ま み ん 🍅 ∫,___amaminnn_,,2014年夏もどってこい,865,260,11,1030,False,31563,False,True,False,2894661271,0,human
527612811,Alexandra Fuentes,alefuentespr,"Guaynabo, PR",Puertorriqueña. Presentadora de televisión @Telemundo. Instagram: @AlexandraFuentes,131243,556,130,19307,False,16589,False,True,False,527612811,0,human
1521770148,あ や な ( Promenade ),1013ayana,,@promenade_yhd の Gt 。1999 。,1505,972,1,13009,False,6654,False,True,False,1521770148,0,human
123681659,FOX Sports MX,FOXSportsMX,México-Centroamérica-Venezuela,Twitter oficial de FOX Sports Cono Norte. El canal de deportes #1 en audiencia en Latinoamérica.,1350422,132,5322,2906,True,283304,False,False,False,123681659,1,bot
3002673243,Allan Moura 🧙🏾‍♂️,AM_Pedalada,Cidade de Deus,APOllO FEliPE 👶🏻💙 Jurema & Carlos 💙 Se Deus é por nós quem será contra nós!🤞🏾RJ🤞🏾 @Estefannysantt7🍀 insta: @Mourajr99,2451,884,11,66000,False,132182,False,True,False,3002673243,0,human
2943284364,Kathleen Moore,kmlovesdabears,Eat to live...not live to eat!,Matthew 5:16  😇🙏🏼,182557,3261,41,23125,False,5583,False,False,False,2943284364,0,human
306806485,سلطان صلفيج الزناتي 🇰🇼,alznati,الكويت/الجهراء / للرجال فقط ,أحب العدل وأكره الظلم ،،، اللهم احفظ لنا الكويت من كل سوء🇰🇼مواطن كويتي🇰🇼,1148,2228,1,22,False,35008,False,True,False,306806485,1,bot
16164520,LIVESTRONG,livestrong,Austin,The LIVESTRONG Foundation fights to improve the lives of people affected by cancer now. Follow us on Instagram: https://t.co/zmNbtHgYle,961509,1090,6970,17810,True,23061,False,False,False,16164520,0,human
74838816,Jay McGuiness,JayMcGuiness,,One leg out of the duvet kinda guy.,780403,2241,3876,1381,True,12875,False,False,False,74838816,0,human
973224960,★１０倍返し素材集★,10baigaeshida,,衝撃を受けるつぶやきをしていきます。このつぶやきをRTして、周りに笑い・恐怖・感動・感謝を１０倍返しだ！フォロー大歓迎です(≧▽≦),30415,2487,37,0,False,542,False,True,False,973224960,1,bot
881269350,The Knight Show ®️,_cantguard_2,Easy Street,“Commit to the LORD & your plans will succeed” ― Proverbs 16:3 #RipRodScott #MyAsu,2073,2103,11,14450,False,32108,False,False,False,881269350,0,human
2902617422,Tsubasa,bassa_tuba7,神戸⇄福岡,Nishijoyo Tuba '10-'12 (staff '15-'17) →KyotoSubaru q Tuba '13-'15→JOKERS Drum&BugleCorps BaritoneBugle '16'17／京都IT '16'17→社会人 '18-／京都→兵庫／@arizona0714,1469,1374,5,3452,False,7877,False,True,False,2902617422,0,human
304768145,Alegria,AlegriaCrespo,"Quito, Ecuador","Extraño el teléfono de disco, los cassettes, el columpio del árbol y mi niñez. Coordinadora Proyectos @feducate #Educadora #PhD #Comunicadora #Coach #Runner",11828,556,98,54825,False,33660,False,False,False,304768145,0,human
235533717,Camille Combal,CamilleCombal,Paris,Je ne lis pas les DM désolé 🙏🏻,1583376,579,1036,733,True,17394,False,True,False,235533717,0,human
189248614,Modern Family,ModernFam,,The official Twitter for #ModernFamily. Watch Wednesdays at 9|8c on ABC!,1412097,75,2803,1854,True,5592,False,False,False,189248614,0,human
2780202108,بنت عمان,bentoman10,#سلطنة_عمان,"‏‏‏‏صفحتي في التيليجرام https://t.co/FSMjUQ1XqG‎‎‎‎‎‎ وانستغرام bentoman10 والفيس بوك Bent10oman@
للتواصل التجاري على الواتس 79250305",324568,193209,47,14272,False,21685,False,True,False,2780202108,1,bot
808280162,わんた,0gn,さいたまぁ,某炎上アカウント() #R6S PS4(初心者),26680,299,59,27618,False,113696,False,True,False,808280162,1,bot
562696581,dillen,arianassuperior,a♡,"thank u, next",67096,10647,883,250761,False,14597,False,False,False,562696581,0,human
135300500,Bolsa Mexicana,BMVMercados,,Cuenta oficial de la Bolsa Mexicana de Valores,309453,77,1076,274,True,18547,False,False,False,135300500,1,bot
37260832,Maris,BeautyBBlog,,"I love to sleep, talk sarcasm, cuddle cats, drink decent amounts of coffee, be special and blog about things I love. Doesn't get any deeper than that!",813,62,32,92,False,1913,False,False,False,37260832,1,bot
4714956096,Boston Jobs,jobfindlybos,"Boston, MA","View all available job listings in Boston, MA from company sites, job boards and the web at https://t.co/X9YF9QW4pC - thousands of new jobs added daily!",931,0,177,0,False,142101,False,True,False,4714956096,1,bot
218488955,ABC Cardinal 730 AM,ABCCardinal,Paraguay,"ABC Cardinal, la radio más potente del país. Noticias, deportes, debates, economía, agro, espectáculos y más. En el aire desde 1991 ☎ 41 51 730 / (0972)730 730",223748,949,489,1908,True,280366,False,False,False,218488955,1,bot
364959699,معتز عبد الفتاح,MoatazAFattah,,ناصحك إن سألت، نصيرك إن عدلت، خصيمك إن ظلمت....,1397003,916,2447,119,True,11753,False,False,False,364959699,1,bot
59329469,47NEWS 速報,47newsflash,Tokyo,@47news の中から速報ニュースだけを配信します。お問い合わせは @47newshelp へツイートしてください。このアカウントは47NEWSさん公式のものではありません。,113972,2,8733,0,False,66612,False,False,False,59329469,1,bot
109986797,вιg daddy ♛ в.,a_intricatemind,"Maryland, USA",• ı'ѵe ɴeѵeʀ ϻeт ɑ woϻɑɴ ı'd ʀɑтʜeʀ вe 💅🏾    business and promotions : slaywithadisability@gmail.com,106328,48722,254,10,False,47695,False,False,False,109986797,0,human
6690852,Boot Liquor,bootliquor,San Francisco,"Americana roots music for Cowhands, Cowpokes and Cowtippers.",1059,19,60,0,False,1381204,False,False,False,6690852,1,bot
377662109,bárbara,barbarwer,,"o coração é um oceano, cabem muitos naufrágios | ⚖️✨💛🥀 20",1098,574,4,1228,False,118682,False,False,False,377662109,0,human
243173367,Luca,dewetria,"Curitiba, Brasil","A única cura para a paranoia é estar aqui, assim como você está.",83824,2585,440,336805,False,417655,False,False,False,243173367,1,bot
39215566,Haralabos Voulgaris,haralabob,In the Corner,,144864,1111,4649,1438,True,68,False,True,False,39215566,0,human
153810216,Diane Abbott,HackneyAbbott,"Hackney, London",MP for Hackney North and Stoke Newington. Shadow Home Secretary. Retweeting does not mean agreement.,235906,806,2611,9375,True,40089,False,False,False,153810216,0,human
2200196678,Abril❣,AbriiBeltraan,♡07/04/16-08/09/16♡,stalkeame está 🖕,1396,1450,2,3096,False,36123,False,False,False,2200196678,0,human
4822267210,Dr Asa,DrAsa,USA,All Digital Health and Wellness Radio and Television Network,11,0,1,0,False,1652,False,True,False,4822267210,1,bot
624858417,⚽ Arte Del Fútbol ⚽,ArteDelFutbol,Mundo,"Las mejores anécdotas, datos curiosos Y #SabíasQué del fútbol. El fútbol desde un punto de vista diferente. ¡DIVIERTETE!",110780,22418,269,21,False,100924,False,False,False,624858417,0,human
544302445,ちざ,CZ_MYA_,,ASMRオタクで姉萌えの人です。 バーチャルの人達と音声作品が希望です。最近製作欲が半端なくて執筆始めました。 ASMRアカ→ @MirrorMirage_,973,1455,41,12780,False,102644,False,False,False,544302445,0,human
399730544,هدى ياسين,Huda_Yassin,دبي,مديرة محتوى الإذاعات ومقدمة برنامج #هدى_وهن @panorama_fm / @MBC_GROUP inst:@hudayass snapchat:hudayass,125830,744,416,1217,True,14945,False,False,False,399730544,1,bot
42816371,朝日新聞(asahi shimbun）,asahi,東京都中央区,朝日新聞社が運営する公式ニュースアカウントです。最新のニュース速報や旬の話題を配信します。朝日新聞社からのお知らせやお得な情報も時々流れます。Facebookページは http://t.co/qKDxsI6YnX です。,1195224,267,42852,2,True,246277,False,False,False,42816371,1,bot
26687751,Dez Duron,DezDuron,Ratchet City,IG:dezduron ... All I want is a life of adventure and purpose with people I love,73935,1777,339,2586,True,25873,False,False,False,26687751,0,human
218437274,Ramalan Indonesia,TweetRAMALAN,Indonesia,The LARGEST ASTROLOGY and FORECAST in the WORLD,12887690,25,4161,129,False,116502,False,False,False,218437274,1,bot
1048755264,Angel Hermosillo,AngelHermosill,,,809,1812,4,14058,False,33382,False,True,False,1048755264,0,human
541170773,ANDRY HENNEMANN,_AndryHennemann,~rincao~,"Agradeço a Deus por ter mandado esse anjo . Bom morena, sem essas de falsas promessas, to contigo até depois do fim ! Te amo Hennemann / @_LeoonardoAlves ♡",993,341,1,657,False,101452,False,False,False,541170773,0,human
14908304,Celebrity DJ-DJ Tek,djtek,"Chicago, IL","Former Natl Radio DJ. Serial Business Incubator. Droner, Pilot & World Traveler. #IAmChicago #IvyLeague #FullTimeGentleman Outwit. Outwork. Outlast. #RevoltTV",96418,3692,643,5526,False,20819,False,False,False,14908304,0,human
793998876,agendaentacones,agendaentacones,,"Con  @flavia2santos, @detuladoconalex, 
@MONYRODRIGUEZOF y @manucardonaroja",124455,269,260,432,True,76451,False,False,False,793998876,1,bot
2544128546,"αℓℓ яєًٍєм,",alwah3011,,‏‏ اللهم اجعل ما تبقى من عمري سـعاده و ابعد عني الهم و الحزن .,988,445,1,310,False,28241,False,True,False,2544128546,1,bot
2408270840,あした@2/24春コミ,damedameseizin,ハッピーエンド,ずっと様子がおかしい D 弾論 メルスト オリジナル→(@ahinuinu) 飼ってるハム→(@nosushinolife25),953,273,28,32436,False,46208,False,False,False,2408270840,0,human
2177173596,ディバゲまとめアンテナ,dgantena,,ディバインゲートのサイトを集めたアンテナサイトです。更新情報をツイートします。,809,1183,6,0,False,54606,False,True,False,2177173596,1,bot
31404917,MICHELE MUPO,MICHELEMUPO,"New Jersey, USA","Social Media Influencer, Professional Singer,Songwriter, Musician,Writer and Actress Founder of KEEP THE PEACE PROJECT",628010,3209,83,13852,False,23970,False,False,False,31404917,0,human
421955743,maura,ibieberjoker,México,purpose tour 19.02.17 | rapline/vocal line stan,94960,89041,267,49030,False,96723,False,False,False,421955743,0,human
421077323,Radio El-Dorado,RadioElDorado1,Rotterdam,"The best mix of the 60's, 70's, 80's, 90's, 00's and the Top Charts  http://t.co/jeHnLIdz0r of voor de Nederlandstalige stream https://t.co/YWV3UfFoF1",849,919,19,1,False,119293,False,False,False,421077323,1,bot
955522961506750464,arrombadu,arrombalizado,,falando merda desde 1995,8,0,0,0,False,2,False,True,False,955522961506750464,0,human
86896038,balonazos.com,Balonazos,Venezuela,Toda la información del fútbol venezolano al día. Medio Alternativo más Destacado de las Temporadas 2011-2012 / 2012-2013 y 2013-2014 por la CTN de la FVF.,120739,451,857,55,False,254323,False,False,False,86896038,1,bot
41926743,CANCHA,CANCHAELNORTE,"Monterrey, México","Noticias, seguimientos y marcadores del deporte regio, nacional e internacional de forma oportuna y veraz con la calidad de Grupo Reforma.",155387,63,629,173,True,343248,False,False,False,41926743,1,bot
91796121,CUP Països Catalans,cupnacional,Països Catalans,"Candidatura d'Unitat Popular https://t.co/KJl2rQlrUm

https://t.co/2RVGTlSX6Z",285614,3673,1860,2965,True,87593,False,False,False,91796121,0,human
121341903,DJ BigVic,DJ_BIGVIC,"Illinois, USA",Hello and welcome to DJ BigVic's beat mix production musicquarium!,93612,99446,255,473,False,450281,False,False,False,121341903,1,bot
19272244,LILJON,LilJon,SOMEWHERE DRANKIN!!,BOOKING CONTACT sujit1@skamartist.com,953754,4238,5317,1494,True,20460,False,False,False,19272244,0,human
30618215,Aesop Rock,AesopRockWins,,I make songs and contribute to Juxtapoz Magazine.  Sometimes I do other stuff too.,116555,0,1659,34,True,21682,False,False,False,30618215,1,bot
83166727,Asking Alexandria,AAofficial,England,"New self-titled album out now! Text us: (623) 439-4862. Watch the new acoustic video for ""Vultures"":",1001946,43,1771,486,True,2915,False,False,False,83166727,0,human
368955430,Felix Agyekum Obeng,alphagotitall,"Uxbridge, London",Cool Guy - Dog Lover - Environmental conscience - 🇬🇭,1166,719,5,601,False,52672,False,False,False,368955430,0,human
64419705,El Colombiano,elcolombiano,Medellín,"Medio de comunicación con 106 años de existencia. Información actual, exclusiva y de análisis. Bienvenidos.",1828366,54121,4692,32544,True,231392,False,False,False,64419705,1,bot
103981160,Demotivateur,Demotivateur,Paris,"Demotivateur est le site média leader en France dans le secteur du divertissement. Facebook : https://t.co/jvYPNzH7YI
https://t.co/TWXddLuegO",106659,477,456,2962,False,12747,False,True,False,103981160,0,human
127977420,Iván Marín,IvanMarinSoyYo,Ciudad Gótica,Comediante y guionista. Un geek que sueña con ser Fit. https://t.co/fAKtdqtgNl,1287440,1562,822,28006,True,45797,False,False,False,127977420,0,human
22411342,Scott Eddy,MrScottEddy,"Miami, FL","Travel media personality. I'm Jamaican-Lebanese-American. Based in Miami. Have lived in Thailand, Spain, UK, Sri Lanka, Portugal & Philippines.",704901,1139155,8059,1734,True,215566,False,False,False,22411342,1,bot
71319853,Chechu Garcia,chechuugarcia,,Simplemente Talleres. Futura contadora (?),917,902,11,15382,False,30686,False,False,False,71319853,0,human
89414175,稲羽,haru178,大阪府緑の少ない土地,こだわりの強ぇーヤツ。  東方(九十九弁々＆八橋)、艦これ(涼風と24駆)、Aqours(鞠莉)、ポケモン(ポケダン中心) 、ぷちぐるラブライブ！ etc。　※こちらが未フォロー状態の方もどうぞお気軽にリプしてやってください。,1023,1025,89,6294,False,127444,False,False,False,89414175,1,bot
1471207375,karla,chapajkarla,"Texas, USA",phs xc and track,820,449,6,30323,False,13834,False,False,False,1471207375,0,human
3011737321,EYAD AL-BASRAWI,ALBASRAWI_EYAD,MBA| ExecDiploma Human Capital,#Engineer by profession|Creative Strategist| Interested in #Energy & #Economy| General Executive Secertary for  @GSMRgulf. Founder @SaudiEngineerCV,155943,1385,36,1771,True,9021,False,True,False,3011737321,0,human
130668812,BH Cosmetics,bhcosmetics,"North Hollywood, CA",Bold. Brilliant. Beautiful. Proudly Cruelty-Free.🐰💗,216833,212,549,41431,True,27430,False,False,False,130668812,1,bot
2934423981,ARMY Base,bangtanitl,,An international fanbase for the Korean boy group #BTS | est: 150101 | Please don't repost our translations w/o credit!,654155,570,2231,1564,False,35274,False,False,False,2934423981,1,bot
162173169,Chechu Bonelli,chubonelli,Argentina,Nacida en san nicolas. Señora de Cvitanich.Madre de Lupe y Carmela.Modelo y Conductora. Sports Center por #espn,1042501,212,1598,576,True,13001,False,False,False,162173169,0,human
95023423,UberFacts,UberFacts,Worldwide!,The most unimportant things you'll never need to know.,14016258,1,18537,1078,True,172133,False,False,False,95023423,1,bot
1347595525,Jessica [18+],Hot_Girls_247,"London, England","[18+ Only] Adult content promotion account. #ObsceneTeam #HG247Day, Avi is @HollyWould_x. https://t.co/tlI2sLhLQe",1037006,1859,1767,56654,False,60066,False,False,False,1347595525,1,bot
105710210,Rishi Kapoor,chintskap,"New York, USA",Brothers with Mother!,3181866,25,913,137,True,3464,False,True,False,105710210,0,human
897377572669009920,AiANews,AiANews,"Иркутск, Россия",Новости и события Недвижимости всего мира!😂,19,39,2,0,False,16,False,True,False,897377572669009920,0,human
2924946324,KING 🅰️NGER,brodgafing,United States,#LiveMe #hashtagger #asshole #winner,798,812,17,5889,False,3454,False,True,False,2924946324,0,human
189560687,アラシゴトカレンダー,arashical,,カレンダー（URL参照）に追加されたアラシゴトをツイートでお知らせ＆様々なアラシゴトの開始直前通知。そのほか情報、トピックなど臨機応変にRT。情報の詳細はリンク先をご参照ください。リンク先を見れば解決するようなご質問には返信しておりませんので、ご了承くださいm(_ _)m　※J事務所非公式です。,94108,200,953,0,False,30865,False,False,False,189560687,1,bot
1579099513,Gabriela Corá,bibis_cora,+56 ,2.1 Directioner - Zquad ♡ Snap bibiscora - Thomas 💙 Gabriel 👦🏼,981,1448,1,940,False,13039,False,False,False,1579099513,0,human
88779721,barba ruiva,andimgama,Palmas-Tocantins/Brasil,"xoxa, capenga, manca, anêmica, frágil e inconsistente",1569,558,24,15310,False,79842,False,False,False,88779721,0,human
32856634,Jai Manny,JaiManny,NYC,"Sometimes I just want to give it all up and become a Billionaire.   

I'm own Pacific Ave & N. Carolina Ave. Trying to get Pennsylvania Ave.",131456,75013,774,78385,False,8159,False,False,False,32856634,0,human
235741728,Victor Sweet,callmeMR_TIPPS,"Norfolk,VA",Destined for Greatness. Remain Humble. Stay Loyal.,1007,833,6,3907,False,56477,False,False,False,235741728,0,human
554629512,#1DayUMay,amnediel,"Hull, England","https://t.co/bVeRz4uLG5 DJ drops, music promotion, mixtapes, voiceovers. #musicmoney & @marketyourstory https://t.co/Bi7Mbko6yv
Let's network👇",121708,77264,428,35592,False,60768,False,False,False,554629512,0,human
580525442,✨,AgossLeal, Villa Celina.,,1122,930,2,16662,False,35266,False,False,False,580525442,0,human
2221432382,Eastasianews,Eastasianewsnet,日本,"以前の日本はのどかでしたが、 最近は嫌なnewsばかり。今や一触即発な 東アジアのnewsを、CNN,F.A.Z,ルモンド,人民網日本語版,NYT,FRB・・から配信。Wordpress→twitterで自動配信するBotの様なものです。みなさんに東アジアの現在を伝えられればという思いです。至らぬ点はご容赦を。でわ。",871,671,50,1,False,292497,False,False,False,2221432382,1,bot
15745674,Columbus Underground,ColsUnderground,"Columbus, OH","Columbus Underground is THE independent voice for those who live in, work in, and love Columbus.",170552,17121,1421,1375,False,42843,False,False,False,15745674,1,bot
64526820,Anna MM Vetticad,annavetticad,"New Delhi, India","Author of “The Adventures of an Intrepid Film Critic”, Journalist, Teacher, World's most committed feminist :)",114432,607,884,6655,True,105281,False,False,False,64526820,0,human
35867792,Brian G. Burns,BriangBurns,Get a FREE PDF Version of Book at,"Host of - ""The Brutal Truth about Sales & Selling"", ""The B2B Revenue Leadership"" PodCast - On iTunes, Google Play and Stitcher apps - #B2B #Leadership #CEO",93336,68946,2198,3123,False,56108,False,True,False,35867792,1,bot
424446461,Quiroga.,Carlos_Quiroga1,,"Ingeniero mecánico 🚗🔧. Orgullo Embajador. https://t.co/nhstjVjeE0 
Snap:carlos_quiroga9",903,515,22,75756,False,21954,False,False,False,424446461,0,human
509582589,Jessica Robertson,JessicaDuckWife,,Wifey-Momof5-Believer-JR Jewelry-Blogger-Beekeeper-WannaBFarmer/Gardener,878807,195,1196,6230,True,6701,False,True,False,509582589,0,human
150746683,Hayashii,HayashiXPG,Brasil,Contato Profissional: contato@hayashii.com - https://t.co/CPuBMBvA4p,134597,302,167,192,True,63417,False,False,False,150746683,0,human
101379497,Amandaree wicks,Amanda_Wicks_,"Nova Scotia, Canada",photographed @timhicks @johnnyreid @starsonice 😁😁,650,2362,12,6835,False,18186,False,False,False,101379497,0,human
2345889714,Cris,Crianderia,,,1105,449,2,2431,False,595,False,True,False,2345889714,0,human
1569837337,Anti #Taliban #ISIS #WWW.ANTITALIBAN.CO.UK,AntiTalibanISIS,WorldWide,"Fighting terrorism : Anti (against) #Daesh #ISIS #AlQaeda #Taliban #BokoHaram #AlShabab etc
 & extreme interpretations (RTs NOT endorsement) @WorldWar2018",66351,137,247,9536,False,92372,False,True,False,1569837337,1,bot
893663299,✨,AbruSpinellii,"Buenos Aires, Argentina",✈️🗽🍃,1016,568,1,10354,False,29421,False,False,False,893663299,0,human
870508495,2JA5,AlexaaTapia,,1 Jouse capitulo 7 Cristo es mi roca y mi fortaleza,1307,928,6,5588,False,50327,False,False,False,870508495,0,human
26175726,Quina Gonzalez,ANIUSHKA,,A simple girl from new jersey that now lives in paradise summer all year around puerto rico,1199,1777,53,3228,False,199547,False,False,False,26175726,0,human
16299627,CBS New York,CBSNewYork,New York City,"http://t.co/XkH9DerQdP: Your source for New York News, Weather, Sports and Traffic",141641,3700,2898,912,True,159201,False,False,False,16299627,1,bot
62100113,Ingrid Coronado 🇲🇽,ingridcoronado,México,Mamá 💕 Conductora 📺 Compositora 🖋 Amante de los Libros 📚 y orgullosamente Mexicana!! 🇲🇽  sdominguez@iconad.mx,2444970,847,3241,9619,True,19402,False,False,False,62100113,0,human
2742932709,L a   B r u j a  🧙🏼‍♀️,Ayparfavar,Mexivenezuela,"Relájense un chingo, solo son tuits. #AyParFavar",140538,382,565,135827,False,5603,False,False,False,2742932709,0,human
35287180,Jean Marc Morandini,morandiniblog,Paris (France),Journaliste et Producteur - Global Media - Pescivegetarien - Retweets and follows are not endorsements - @NRJ12lachaine @cnews @NonStopPeople @morandini_live,676229,3047,3292,2133,True,180252,False,False,False,35287180,1,bot
1856350404,Brittany Renner,brittanyrennerr,"Los Angeles, CA",There will never be another,271594,14382,769,2896,True,71338,False,True,False,1856350404,0,human
14114267,Aftenposten,Aftenposten,Norway,"Aftenpostens offisielle Twitter-konto.

Tips oss på telefon 2286 eller på 2286@aftenposten.no.",128620,2817,1207,3066,False,78867,False,False,False,14114267,0,human
2278667285,ابو عبدالله,abuabdullah1970,المملكة العربية السعودية,"وإن دعاك الشوق لاتخجل تعال 
أبرك الساعات واغلى من يجى .",89380,86262,34,265,False,72612,False,False,False,2278667285,1,bot
1047707161571328000,Cattttttt🥰,CateLaMacchia,06.08🤞,"Nos merecemos bellos milagros, y ocurrirán...
C&C 👭",88,99,0,1626,False,1340,False,True,False,1047707161571328000,0,human
187982680,Colciencias,Colciencias,Colombia,"Cuenta Oficial del Departamento Administrativo de Ciencia, Tecnología e Innovación.   Contáctenos - PQR's https://t.co/qB0yclHSGk",139101,3013,921,12311,True,29027,False,False,False,187982680,1,bot
74604641,Caio F. Abreu Frases,CaioFAbreuCitou,Brasil,"Página em homenagem ao escritor gaúcho Caio Fernando Abreu, com frases de outros autores e do cotidiano em geral. Então siga-nos e ative as notificações!",1396610,159,3192,406,False,78947,False,False,False,74604641,1,bot
26902613,Brittany Dailey,brittanydailey,Denver - L.A.,instagram: __BrittanyDailey im an ARIES baby all day. I'm Taylor's mom before anything else . I model and stuff. snapchat: BrittanyHdailey,102141,1415,971,3669,True,6629,False,False,False,26902613,0,human
2730263771,czr,cesarslaysall,"Corcoran, CA","everyday it'll rain
                                                                            2018年10月10日",1142,678,22,42804,False,140439,False,False,False,2730263771,0,human
208651278,ADRIAN BARROS 🇦🇷  ✌,AdrianbarrosJP,RAWSON - CHUBUT,"Rawson-Chubut.️
Secretario Gral De Agrupacion Evita Capitana, Político- Vecinalista.
©Perfil Oficial® 🇦🇷🇦🇷

https://t.co/J33jSdylu8",99601,95978,117,29015,False,59326,False,False,False,208651278,0,human
14591141,Bangladesh News,BDnews,Bangladesh,Latest news on Bangladesh,238701,11,485,21,False,248662,False,False,False,14591141,1,bot
184827671,Antena San Luis,AntenaSanLuis,"San Luis Potosí, SLP.","La plataforma informativa digital más potente del centro de #México / Av. Real de Lomas # 1005 4to, Piso Torre 2, Lomas 4ta. Sección, 78216  San Luis, S.L.P.",126262,2642,443,788,False,253744,False,False,False,184827671,1,bot
24502450,Joel Madden,JoelMadden,LA X DMV X NYC X SYD,"|MDDN|GC|The Madden Bros| 
New GC music: https://t.co/c0xNnHcxnU",876155,1885,6788,22063,True,24445,False,False,False,24502450,0,human
111439649,.,danebowers,,The official Dane Bowers. Twitter instagram : danebowers Snapchat : thedanebowers,93099,0,270,35,True,16465,False,False,True,111439649,0,human
623422330,RN:ブルースドライバー,mhf24,宇宙の片隅,実況用サブアカです。,1337,844,0,16900,False,179119,False,True,False,623422330,1,bot
111615736,Anupama Chopra,anupamachopra,Mumbai,"Film Critic, journalist, author. Founder and editor of @Filmcompanion. You can find my reviews, interviews and recommendations on https://t.co/KiVbFJzssO",1505629,687,2459,910,True,6008,False,True,False,111615736,0,human
1296935270,ًًًٌأبــوعُمــــــــــــر,abo_omar70,"الطائف, المملكة العربية السعودية",اكتب وجهة نظري كما ترضاها عيني .. فبالتأكيد ارى ان عيني محايدة اكيداهلاوي ملكي #الطائف #alahli #الاهلي #جدة_كذا_اهلي_وبحر #الملكي عام ٢٠١٨ اعتزلت التشجيع,82053,2504,82,242,False,56400,False,True,False,1296935270,0,human
3061034134,AhmeD FiGo ,2015figo,Kuwait/Egypt,Civil engineering 👷 #SU ❤️Zamalkawy-Madrid✌️️❤️snap:ahmedsa3id1 ❤️21/10/2016❤️,70873,228,69,103,False,80904,False,False,False,3061034134,1,bot
20003448,Caitlin Beadles,godsgirl8494,ATL,"Jesus knew about rejection His entire time on earth, but it did not change how He loved. bookingscaitlin@gmail.com insta- Caitlinbeadles snap-hellodollface",802902,1304,12807,11662,False,30761,False,False,False,20003448,0,human
22549812,KISS,KISSOnline,,The ONLY Official TWITTER for the rock group KISS • #EndoftheRoad World Tour Info 👇,1492228,171,4453,9857,True,19495,False,False,False,22549812,0,human
283824663,Ashi Labouisse,AshiLabouisse,Over the rainbow,"Fiction writer, ex- investment banker, mama of three.  Scuba diver, mangoholic.  Lived in Budapest (no mangoes) & Burma (epic mangoes).  Repped by Marly Rusoff.",93310,60579,1476,7899,False,35956,False,False,False,283824663,1,bot
41360559,MEDI1TV,Medi1TV,Maroc,"MEDI1TV,  un nouveau regard sur l'information

مدي 1 تي في، الخبر برؤية جديدة",1516805,218,420,0,False,88343,False,False,False,41360559,1,bot
3627483613,الياسمين࿐‎﴾عطر ♛,alamri553,في قلب من أحب,"‏‏‏‏‏‏‏‏‏‏‏‏‏‏‏‏‏‏‏‏على ذكريات الماضي أعزف سيمفونيتي وعلى وقع الحاضر أغني أغنيتي.....
(تغريداتي في المفضلة)",11176,415,10,1998,False,51339,False,True,False,3627483613,1,bot
60112031,Gregg Olson,GreggOlson30,Newport Beach,"The 1989 AL ROY, Author of ""We Got to Play Baseball"", ESPN color commentator, Technical advisor/ bench coach on @Pitchonfox.",24451,21258,62,1526,False,3370,False,False,False,60112031,0,human
44603356,POWER MABULAH,IamNchaKALIH,"ÜT: -6.7911321,39.2655404","I have NO special TALENTS za kuzaliwa nazo ila I am, bila shaka, PASSIONATELY CURIOUS!!!",162587,989,93,820,False,105010,False,False,False,44603356,0,human
239938617,Arnel Pineda,arnelpineda,Manila and San Francisco,@JourneyOfficial lead singer-songwriter-family man-cook-farmer believer of human spirit & kindness IG: arnelpineda2007 @APFInc Founder https://t.co/luM7nOq5Zk,1832179,408,301,11262,True,10530,False,False,False,239938617,0,human
250920294,vani seht mendez mon,arcamovil,campeche,soy a muy enamorado,1273,0,0,1,False,3736,False,True,True,250920294,1,bot
504731972,DJ Demosky,demosco4real,Somewhere Around You,I Tweet The Latest Information Ranging From #Music| #News| #Videos| #Entertainment| #Sports| Follow to stay Updated with the world's happening.,808,768,91,64,False,573586,False,False,False,504731972,1,bot
13018112,DVF - Diane von Furstenberg,DVF,"New York, NY","Designing for and empowering women since 1972. 
https://t.co/0PNiyKnsqk",1124164,932,5361,1823,True,12643,False,False,False,13018112,1,bot
115461582,Patrizio Ranieri Carnevale💙,Dayafter2012,📍VENEZIA 🔁 NAPOLI ,"https://t.co/NLIh8JQEhy

#DayAfterART 🎨🎻📚 #VeniceHistory1🕍#SIMBOLInellARTE🗝 #SalviamoVENEZIAinsieme🎭 #NapoliShows🌋 #ElbaShows🐬",138170,64871,1052,84402,False,68217,False,False,False,115461582,0,human
22606901,Betfair Exchange,BetfairExchange,,"All the latest news and market movers from the Betfair Exchange, and tips and insight from our experts. 18+ only. Gamble responsibly. https://t.co/0WiNwt5hky",108503,1893,789,2512,True,127469,False,False,False,22606901,1,bot
2173727640,fatimurrrr,A1babez,"Manchester, England",19,2711,1295,28,61749,False,45041,False,False,False,2173727640,0,human
116325068,PCTEP,OfficialMBMusic,,,892340,52728,6563,2849,True,383,False,False,False,116325068,0,human
2423067464,Butte Tocks,butte_tocks,,,2193,2710,79,30177,False,76182,False,True,False,2423067464,1,bot
804028724987494402,🌹,camrenaah,,,3,49,0,0,False,98,False,True,False,804028724987494402,0,human
14579415,Jonah Lupton 🇺🇸,JonahLupton,jonah@soundguard.io,"Founder|CEO of @GetSoundGuard: we created a soundproofing paint for commercial + residential properties ie hotels, apartments, condos, offices, student housing",511374,364980,3248,43499,False,64157,False,False,False,14579415,0,human
85603854,Jennifer Lopez,JLo,"Bronx, NY","#WorldOfDance, #ShadesOfBlue, #SecondAct, #JLOVegas #AlliHave, #JLOxInglot, #ElAnillo, #JLOxKohls, #Dinero #Limitless #TeGuste",43541522,1689,53037,7620,True,14139,False,False,False,85603854,0,human
16473793,Heather Carlson,Hezzah,Is this Heaven?,"Writer, gamer, musician; civil, human, animal rights advocate. @PETA media maven (opinions mine). From IA to VA to DC & back. Geek. :) #amwriting #YA #SFF #TFB",195169,193452,1076,124094,False,24413,False,False,False,16473793,1,bot
1638058898,Dr. Peter Reinert,PeterReinert1,Köln,"Patentanwalt Dr. Reinert berät und betreut auf allen Gebieten des gewerblichen Rechtsschutzes. 
Impressum: http://t.co/l1bTm9VjrJ",1006,490,128,1,False,324873,False,False,False,1638058898,1,bot
429385529,Dank Kevin Heart,KevinHert4Real,,Posting dank memes / dank videos / dank pictures with credit (I am NOT Kevin Hart. This is fan account. Not in anyway affiliated with Actor/Comedian Kevin Hart),854131,4206,1092,27,False,4908,False,False,False,429385529,1,bot
34927577,CNSNews.com,cnsnews,DC Metro Area,"http://t.co/6UprShcVX6, a division of the Media Research Center, seeks to bring you the news the leftist media won't cover.",116432,28319,2520,18,True,66397,False,False,False,34927577,1,bot
128852631,Central Park Mall,CentralParkMall,Jakarta,,2310694,1438,272,32,False,33777,False,False,False,128852631,1,bot
231709584,Bely y beto,belytrevino,monterrey n.l.,https://t.co/rVSma5rIgv CONTACTO 018117364063 https://t.co/nSOAJTodab https://t.co/EuQcIsb0NB,104064,1048,87,7956,False,19376,False,False,False,231709584,0,human
36984408,iBUYPOWER,iBUYPOWER,"City of Industry, CA","Presenting customized high-performance gaming PCs and the latest news from iBUYPOWER. If you have any customer questions, please contact us at (888) 462-3899.",179279,541,306,5637,True,12107,False,False,False,36984408,1,bot
151173085,Amar Baharin,amarbaharin,KL Malaysia,Instagram: AMARBAHARIN The only thing that will stop you from fulfilling your dreams is you.,124802,412,55,2116,False,70618,False,True,False,151173085,0,human
1461303931,Karmacoma,agustin4peralta,Asteroide B-612,"We overcome in 60 seconds with the strength we have together. But for now, emotional ties they stay severed.",974,568,5,12817,False,43579,False,False,False,1461303931,0,human
18862596,Joko Anwar,jokoanwar,Jakarta,"I write, direct, and watch films. Writer director of Satan's Slaves, Modus Anomali, Forbidden Door. I tweet in English only when I'm broke.",1666921,1427,1803,77,True,43161,False,False,False,18862596,1,bot
2590358492,Antoo,AntoGilla23,Cordoba Capital,Nunca digas nunca todo puede pasar (8 INSTITUTO ATLETICO CENTRAL CORDOBA ♥ \ Soy de gloria desde que nací y de la gloria me voy a morir,1192,1087,2,13199,False,31080,False,True,False,2590358492,0,human
745142076,Deeb Al Ahmad,DamasShaam,سوريا,أماه ديني قد دعاني للجهاد وللإباء.. أماه اني ذاهب للخلد لن اترددا أماه لا تبكي علي اذا سقطت ممدا فالموت ليس يضيرني ومنايا أن استشهدا.....,1454,3909,14,12778,False,68698,False,True,False,745142076,1,bot
119572532,chillout,chiIIout,"mcallen, tx",⠀⠀⠀⠀⠀⠀ #LGBTQ|#BLM,83976,25,228,6638,False,2296,False,False,False,119572532,0,human
580089228,Her.ie,Herdotie,,Ireland’s original & biggest platform for Irish women. 3.3 million monthly users. This is Her. //Snapchat: https://t.co/ayUmYnRGzH // https://t.co/oF9JmyCUZk,112618,5055,408,23878,True,208664,False,False,False,580089228,0,human
131943480,Bertrand Chameroy,bchameroy,Paris,📺 📻 🖋,1114689,1995,881,8581,True,7129,False,False,False,131943480,0,human
2943566101,ガキの使い 動画 まとめ,Gakitsuka_,神奈川,ガキ使いの大ファンです！動画配信しておりますので是非ご覧ください！,714,800,1,0,False,112242,False,False,False,2943566101,1,bot
757821654571425792,AnonyMobLife,AnonyMobLife,,FOLLOW: @ANONMESSENGERS,2,2,0,0,False,1,False,True,True,757821654571425792,0,human
1546270652,SMART THINKING,Hilarious_Idiot,Worldwide,SIMPLE LIVING AND HIGH THINKING WILL GIVE YOU SUCCESS IN LIFE...! ⚫️ Dafuqtrolls@gmail.com,1000450,421,2254,84,False,13555,False,False,False,1546270652,0,human
1882281708,Alex Hamm,Hammapreneur,Always on the move,Striving for greatness - Follow my journey on Snapchat: alexhamm | Add me on Instagram below,91282,78885,830,16586,False,26313,False,True,False,1882281708,1,bot
2932938109,Dr. Al Blumenberg,LordBlumenberg,USA,"Author, Playwright, screenwriter, Mentor, Clergyman, Philanthropist, Social Justice Activist associate publisher of Chicago Street Journal newspaper.",1403,1396,5,364,False,1722,False,False,False,2932938109,1,bot
415185577,Mercedes Brock,benzvroom,,"Above all, love each other deeply, because love covers over a multitude of sins ~ 1Peter 4:8 | יהוה | DM[V] |",778,621,7,65198,False,30366,False,False,False,415185577,0,human
1420308074,赤推し@父娘ノフ,310kazu8,,"IT企業で労働賛歌中のモノノフ。
アクセルべた踏みでチャレンジし続けるももクロを、親子で推し続けて5年目。父赤推し、娘黄推し
ゲームオブスローンズ、SUITS（オリジナルの方！）",949,629,5,6514,False,16664,False,False,False,1420308074,0,human
28076891,D66,D66,Nederland,D66 is de partij die werkt aan de toekomst. Voor het allerbeste onderwijs. Voor een schoon klimaat. Voor een sterk Europa. Doe je mee? 👉 https://t.co/Z5SeGDK0ho,207510,6733,1368,2700,True,15517,False,False,False,28076891,0,human
963418992,[Kweh] Choco,ChocoTheChocobo,,"Questionable gamer, derpy friend, and Jesus fanboy.  Momoki is the better half.",119857,34,79,1886,False,20210,False,True,False,963418992,0,human
67134249,Léo Moura,leomoura2,Rio de Janeiro,"Oficial Twitter ! A resposta é que eu vivo de milagres,desta vez vai ser mais um milagre,eu não sei como Deus irá fazer,mas vai ser perfeito✨",1065574,411,4314,85,True,8887,False,False,False,67134249,0,human
498459411,Axl,AxelSkte,"Campana, Argentina","19
🐱
axelskte👻",1044,470,4,10358,False,35778,False,False,False,498459411,0,human
1694047861,⸀🦅✿ උgɹ̣ ✿ ءٌ ⸀,al_onazi_54,,سأفعل مَ في قدرتي؛ سابتعد عن مَ يرهقني لن أعطي أحداً فوق مَ يستحق لن أنتظر أحداً ليسعدني وسأغيب متى شئت حُريه تخص ذاتي أګتفيت بـ وحٌدِتي ولَن أزّعجِ أحٌدِ 💔,87757,88846,72,2651,False,55042,False,True,False,1694047861,1,bot
16257347,"Mark Sinderson, CFP®",MarkSinderson,"Atlanta, GA","Husband, CFP® Professional, Financial Planner/Founder of @PlanWithClarity, Large Format Photographer, Cheap Audiophile, Concept 2 Erg Fan, Craft Beer & BBQ Geek",947,334,77,28,False,6053,False,False,False,16257347,1,bot
70394965,Citizen TV Kenya,citizentvkenya,"Nairobi, Kenya",Kenya's Premier TV Station. Breaking News / Entertainment / Your Favorite Local TV Shows. Follow us on https://t.co/zFxsEropBr,1990696,216,1529,7960,True,434716,False,False,False,70394965,1,bot
272230000,Jade ✨,ClassicJade__,,Blessed ❀ Care Free Black Girl 🦋,937,597,12,3411,False,32658,False,False,False,272230000,0,human
282006208,Mahfud MD,mohmahfudmd,Jakarta,"Guru Besar FH-UII Yogya, Ketua Mahkamah Konstitusi (08-13) Presidium KAHMI (12-17), Ketum Asosiasi Dosen HATN-HAN, Ketum PP IKA-UII, Ketua Majelis Pakar PERADI.",2476008,638,1184,98,False,23644,False,False,False,282006208,0,human
1962402919,ちょこ,Choc_mm,,年パス切れました,1144,119,20,3972,False,35110,False,False,False,1962402919,0,human
508662899,في أسبوع MBC,MBCinaWeek,,برنامج أسبوعي يُعرض على قناة @MBC1 ويقدم قضايا اجتماعية سعودية خلال يوميّ الجمعة والسبت من تقديم علي الغفيلي و سها نويلاتي,1112175,6,754,0,True,25072,False,True,False,508662899,1,bot
36759246,Beverley Mitchell,beverleymitchel,Los Angeles,A lover of all things positive! Best known as Lucy from 7th Heaven! catch #hometownchristmas on @lifetimetv,99044,733,606,3315,True,12332,False,False,False,36759246,1,bot
2442918091,LOST AND FOUND - 333,1RealRhino,,follow the wolf lead the sheep,16763,6,6,13299,False,51,False,False,False,2442918091,0,human
878447185,بدر بن غلاب,B_ghllab,بيروت,كتاب كل صفحة فيه تخبرك أنني أحب مملكة الغموض لذلك لا تقرأني بفضول وإنما بتمعن ٠#ااالحبر,82557,96674,54,4205,False,21782,False,False,False,878447185,0,human
844779426260791296,9 News Brisbane,9NewsBrisbane,,We're now @9NewsQueensland; follow us for all the latest from #9News,369,1,7,0,False,1,False,True,False,844779426260791296,1,bot
19478383,Sean Gardner,2morrowknight,"Seattle, Zagreb, or 30K feet",World Traveler🌎• Board @WorldCommForum @FreeNPTech • formerly @Apple @Microsoft • #GivingTuesday Ambassador • producing films with @RashaGoel • 🤓#AI #Travel,872895,474,16132,107106,True,131180,False,False,False,19478383,0,human
2287569091,ALAN 💎,alankaique_96,"Pernambuco, Brasil",Desde 1996 Estragando Tudo e Decepcionando Pessoas..😉✌🏻@SantaCruzFC ❤️,1175,1266,0,10769,False,2503,False,False,False,2287569091,0,human
911951797622902784,The Muse,dailymuse,,"Find us at @TheMuse - Helping people succeed at their careers, and find meaningful jobs at the best companies 🙌",2641,0,33,0,False,1,False,True,False,911951797622902784,1,bot
295594406,Mario Falcone,Mario_Falcone,Essex,For all enquiries contact Leisa lmaloney@fireprandmanagement.co.uk Instagram mariofalcone,831258,690,630,210,True,33003,False,False,False,295594406,0,human
185344640,Revista Inspiras,Inspiras_,"New York, NY",Revista de Lifestyle que resalta lo positivo. Todo es posible. Editado por @sores25 press@revistainspiras.com,436971,7741,1194,12034,False,17785,False,False,False,185344640,0,human
21418513,Haberdar,Haberdar,Türkiye,Gerçekler Sadece Gerçekler,133284,4,561,3,True,290745,False,False,False,21418513,1,bot
848662740,Agustina,Agus_AguirreOk,,"LANUS 13★ 96☆ 07★ 16★★
Lautaro Acosta❤ 
Leonas❤
Lucha ∞ 
Handbal#16
19-07💘💏

Fb: Agustina Aguirre
Ig: AguirreAgustinaOk",1032,2214,5,4699,False,23384,False,False,False,848662740,0,human
34867057,France Inter,franceinter,Paris,"France Inter : InterVenez Fil officiel de France Inter, la radio publique généraliste de Radio France.",1401998,4507,8738,3051,True,106063,False,False,False,34867057,0,human
2265168248,Brian,BrianAabye,"San Isidro, Bs. As. Argentina.",Club Atlético River Plate // 22 ⚠️ // 09-12-18 🏆,1029,543,6,32973,False,59623,False,False,False,2265168248,0,human
11819862,akita11/JunichiAkita,akita11,主に金沢、時々函館か野々市,本業は集積回路（特にイメージセンサ）。そこから派生して実装手段・可能性から考えるインタラクティブシステム。マイコン次郎、半田付け、視覚情報処理。ライフワークはたぶん知覚。元未来大。数理の翼。NT金沢の中の人。MakeLSI:の人。無駄な抵抗コースターの人。ハルロック表紙「はじめて学ぶ電子回路15講」の人。,2260,571,113,363,False,30210,False,False,False,11819862,0,human
2369678500,AR👑,ambur__renay,,,1250,447,10,743,False,926,False,True,False,2369678500,0,human
4459687272,fantaspam 👻,HazelAvellana__,entodoslados,segunda cuenta de spam de @backtolouist91_ @amazinashgr,17,12,0,0,False,105,False,False,False,4459687272,1,bot
38833957,ديما علم فراج,Deema22,"Amman, Jordan ",أنا ديما٢٢ ، زمان كان البيو حلو.   الان انتهى الكلام وما تغير اشي #بس_بقول,370417,6048,418,19406,True,236521,False,True,False,38833957,1,bot
69168087,Christian Chavez,christiancha," MEXICO,USA,LATAM","Actor, cantante .",1131906,585,6019,9764,True,8261,False,False,False,69168087,0,human
19923144,NBA,NBA,,"30 teams, 1 goal. #ThisIsWhyWePlay",27577178,1698,49973,341,True,222082,False,False,False,19923144,1,bot
1484162798,Crowdfunding,crowdclan,Global,CrowdClan Covers All Aspects of Crowdfunding #Crowdfunding! Tips and Information on #Equitycrowdfunding #Debtcrowdfunding #nonprofit and much more!,107666,66748,1607,4597,False,63955,False,False,False,1484162798,1,bot
183346337,o'lavo de carvalho daes' querda.,cilaoucaribde,Brasilíada,"Aqui salta. Onde é Ítaca?
Por que me ludibriaste e me fascinaste esse tempo todo?
Tu és drone para meus ouvidos",946,993,33,19249,False,424494,False,False,False,183346337,1,bot
463777608,♔ #انت_الخير ♔,ant_al5ir,دار الخير,اللّهم إنّك عفًٌّ تُحبُ العفوَ، فاعفُ عنا.. اللهم أصلح لنا شأننا كله.. اللهم ارفع قدرنا بالدارَيْن.. آمين ... سنعرض تحديثات لأسعار أسواق المواسيم .,803185,725052,319,77,False,9291,False,False,False,463777608,0,human
68795677,NCIS,NCIS_CBS,,#NCIS airs Tuesdays at 8/7c on CBS,1083270,77,4095,2704,True,10045,False,False,False,68795677,1,bot
91240835,Andy C,ANDYC_ram,Hornchurch,"@RamRecordsLtd , Drum & Bass.",109280,464,926,5965,True,34738,False,False,False,91240835,0,human
92174767,DZMM TeleRadyo,DZMMTeleRadyo,"ABS-CBN, Diliman, Quezon City","The Official Twitter news feed of DZMM Radyo Patrol 630, DZMM TeleRadyo and http://t.co/dGWvKzLl9n. Like us on Facebook: http://t.co/LyZoBw5CIn",1271036,152,1872,509,False,371594,False,False,False,92174767,1,bot
32937527,Jamie McGuire,JamieMcGuire,"Steamboat Springs, Colorado",#1 New York Times and internationally bestselling author. Okayest mom to the beautiful and talented @edennmcguire and @haileygrace. Hater of vegetables.,104609,376,653,29414,True,16944,False,False,False,32937527,0,human
403424204,Jeffrey Adam Gutt,JeffreyAdamGutt,"Los Angeles, CA /Detroit, MI","Dad, Lead singer of Stone Temple Pilots. Instagram-jeffreyadamgutt, Facebook - Jeff Gutt",74799,1073,454,9866,True,6223,False,False,False,403424204,1,bot
266956478,GottaLoveCelebutards,celebutardz,Texas,"Tweets that support my talented followers. Celebrity news, Stupidity in the media, Funny and interesting stuff & The Walking Dead. All tweets are made by Paul.",91670,91883,635,5240,False,168246,False,False,False,266956478,1,bot
170965705,Official Gazette PH,govph,"Manila, Philippines",.,1378645,0,2862,4,True,90024,False,False,False,170965705,1,bot
33884545,CNN en Español,CNNEE,En todas partes,CNN en Español es tu principal fuente de información y breaking news. Cubrimos las noticias de América Latina y el resto del mundo. Vive la noticia.,16920599,643,51131,1351,True,177152,False,False,False,33884545,1,bot
53106875,Antonio Rosique,Antonio_Rosique,Mexico City,"Peregrino del Camino de Santiago, y contador de historias. Padre de Bernardita. Azteca Deportes Conferencias, libros y RP: info@antoniorosique.com",1346586,1483,2883,2589,True,49710,False,False,False,53106875,0,human
255504289,CNN TÜRK Ekonomi,CNNTURKEko,,"Türkiye ve dünya ekonomisi, şirket haberleri, piyasalar, hisse senetleri ve daha fazlası için...",295673,544,639,0,True,18283,False,False,False,255504289,1,bot
70683270,Boulevard Brewing Co.,Boulevard_Beer,Kansas City,Kansas City's Beer,177302,11879,2175,55617,True,29096,False,False,False,70683270,0,human
952168021,Univaca☁,camillam1raes,na merda,"E você me apareceu em tão pouco tempo , mas foi o único que consiguiu fazer eu esquecer o meu passado",869,1243,1,9872,False,11123,False,False,False,952168021,0,human
3019223383,Info SumseL,InfoSumseL_,,Portal Informasi Seputar Kota Palembang | Official Akun Yang Menyajikan Berita dan Kejadian,402,0,40,0,False,158177,False,True,False,3019223383,1,bot
46282259,Andrea Torres,andreaetorres,MNL,,131617,581,106,250,False,31378,False,False,False,46282259,0,human
526677862,Abdulbaqi Jari,Bahaushee,"Abuja, Katsina",President CASREF • Photography  History • Motivation • Journalist • Poet,138284,13247,120,10653,True,40973,False,False,False,526677862,0,human
16537989,FOX,FOXTV,United States,The official Twitter account for #FOX broadcasting company. Watch FOX shows anytime at https://t.co/6uDO89yWdV.,1311012,1646,6361,15326,True,36544,False,False,False,16537989,0,human
20833944,Bree Olson,BreeOlson,"Los Angeles, CA","I love cats, Golden Girls, minimalism, designing houses 300-1200 sq ft, hiking national parks, living in big cities and fucking Kayla.",1214455,191,4967,31834,False,14215,False,False,False,20833944,0,human
19796721,Down Goes Brown,DownGoesBrown,Ottawa,"Hockey writer Sean McIndoe of @TheAthleticNHL. Co-host of @pucksouppodcast. ""The Down Goes Brown History of the NHL"" book is out now: https://t.co/GMSObza3AH",144631,132,3588,588,True,70730,False,False,False,19796721,0,human
509903343,いやーほー,riatomo89,宮城県 仙台市 ,やってられん,837,1071,2,30,False,99699,False,True,False,509903343,1,bot
425528043,GME Agency,GMEAgency,Worldwide,Social Media Agency #Youtuber #Marketer #Promotion #NewMusic #HipHop #UnsignedHipHop #YoutubePromotion #MusicPromotion #VideoPromotion #SEO #IT,422363,44236,882,17057,False,371000,False,False,False,425528043,1,bot
336656753,بركات الشدي,BAlshiddi,,,1335,1225,7,26882,False,138194,False,True,False,336656753,0,human
81048495,Express News,ExpressNewsPK,پاکستان,"Breaking news from Pakistan, including politics, sports, life & style and more - powered by the Express News TV Channel.",2252607,44,1569,2,True,244002,False,False,False,81048495,1,bot
40212757,CCCB,cececebe,Barcelona,Centre de Cultura Contemporània de Barcelona. Altres veus del centre a https://t.co/x8BpqrscwG,154378,1859,2521,7133,True,34433,False,False,False,40212757,1,bot
182646320,فهد المساعد,fahadAlmosaad,,___________ شاعر سعودي - Saudi poet ______________ Business Manager إدارة أعمال                                                     فيصل العُمري 0555417221,1209827,983,2042,474,True,12664,False,False,False,182646320,0,human
1166107502,はちこ,annako910,うどん県,"team℃−ute☆初期〜黄金期の娘。も大好き♡
℃:矢島舞美 中島早貴 鈴木愛理 岡井千聖 萩原舞　娘。:佐藤優樹 加賀楓 ア:竹内朱莉 J:金澤朋子 段原瑠々 カ:森戸知沙希　こ:広瀬彩海　つ:山岸理子　　B:一岡伶奈 山崎夢羽 清野桃々姫　OB:太陽とシスコムーン",966,917,15,6356,False,18177,False,False,False,1166107502,0,human
18999809,CBC Calgary,CBCCalgary,"Calgary, Alberta","Breaking news, features and local events with an eye on the world around us courtesy of staff at CBC Calgary.",177172,1673,1706,1380,True,85255,False,False,False,18999809,1,bot
201718078,Desorden Público,desordenpublico,"Caracas, Venezuela",La Primera banda Ska de Venezuela / The First Ska band from Venezuela / Die erste Ska Band aus Venezuela / ベネズエラからの最初のskaバンド,98394,314,667,40773,False,23886,False,False,False,201718078,0,human
1092087096,Nice Buzz,nice_buzz,Nice,"#Nice les dernières nouvelles, conseils pratiques , citations de fond .... Twitter [°}. Compte non officiel. Non affilié à @VilledeNice",1210,762,33,0,False,16335,False,False,False,1092087096,1,bot
268414482,Miley Ray Cyrus,MileyCyrus,,Nothing Breaks Like a Heart out now! https://t.co/XiiG1wEfUf,41013992,419,59583,359,True,9611,False,False,False,268414482,0,human
152687658,♛    K'PITAL.   ♛,_andres1398,BUSCANDO AMIGOS.......,"Rapero en progreso 
Dios, familia, Hip Hop y Nacional  27/07/16 Una fecha para no olvidar.",993,1355,11,4961,False,23008,False,False,False,152687658,0,human
131472597,Ian Sutherland,iansuth,"London, England",My thrillers will entertain you while scaring you into changing all your passwords! Author of the Brody Taylor Thriller Series. (@ianhsuth for book marketing).,124127,103979,2746,9570,False,265456,False,False,False,131472597,1,bot
230930518,Jen Selter,JenSelter,"New York, NY",,1179298,16859,2641,33524,True,19420,False,False,False,230930518,0,human
33251123,courtneyyy.,CourtCobain_,"MoCo to PG, MD. ",Witty & Pretty 💖 | Towson Alumna 🐯| Naturally Perplexing ♍️ | Somewhere between I want it & I got it.,1182,764,23,19659,False,107969,False,False,False,33251123,0,human
2257879993,三代目JSB FAMILY,3JSB_unofficial,,三代目J Soul Brothers from EXILE TRIBEのUnofficial Twitter！！3JSB情報・レポート・セトリなどを発信しています。三代目J Soul Brothersから青の愛を広げて行きましょう！（現在休止中）,109710,13,130,94,False,47396,False,False,False,2257879993,1,bot
14222518,NYLON,NylonMag,everywhere,saying hello to the coolest girls on the planet.,1187167,1323,11572,3319,True,70710,False,False,False,14222518,0,human
1278808938,أستاهلك,_astahelk,Kuwait,ان تركتك مصيبه وان قربتك حرام ::: اشهدنك عقوبه حسبي الله عليك☝️,94105,78,98,47,False,67150,False,True,False,1278808938,1,bot
1018413906,Ailén🌼,Ailen_gutierrez,San Miguel Buenos Aires,Lionel Giovanni❤,860,0,3,3449,False,34833,False,False,False,1018413906,0,human
212319985,Hora del Ejercicio,HoraDeEjercicio,,Te mantendré inspirado hasta alcanzar tu meta. #Fitness #Tips #Salud #gym,120131,174,399,0,False,7897,False,False,False,212319985,0,human
2800469755,Lorena Kloss,brownlee_dr,Florida,#HumanRights  #Autism #ActuallyAutistic #Artist,23450,3578,82,904,False,13835,False,False,False,2800469755,1,bot
2452137170,Allison McEnroe,Allison_McEnroe,,"yes, I am still dating Zach",899,409,2,6728,False,9700,False,False,False,2452137170,0,human
17229503,BUMP OF CHICKEN情報非公式,BUMPOFCHICKEN_s,not official,公式ではありません not-official 私設（一般人が個人で勝手にコツコツやってるアカウントですhttps://t.co/CoXnmgwN0v ）バンプ情報じゃないtweetもします　☆公式に御用の方はhttps://t.co/UM1efHtzo0 またはhttps://t.co/5a25Tfai0A へどうぞ,91639,696,1420,17306,False,15093,False,False,False,17229503,0,human
69183155,detikcom,detikcom,"Jakarta, Indonesia",Official Twitter of https://t.co/oOBkZ1EQMA. redaksi@detik.com | promosi@detik.com | Android: https://t.co/uBAYnisH9r iPhone: https://t.co/36uDqdyxKN,14907809,28,13330,34,True,1426143,False,False,False,69183155,1,bot
242796587,Eva Hache,eva_hache,s_pain,De mayor seré vieja y canto en VINTACHE,1046115,631,4507,1087,True,13356,False,True,False,242796587,0,human
236628153,Jesús es el Señor,CristoeselSr,España,"Jesucristo es el único y verdadero Dios (Juan 1:1), ante el se doblará toda rodilla y toda lengua confesará que El es el Señor, (Filipenses 2:5-11)",140633,16505,290,1061,False,7992,False,False,False,236628153,1,bot
1896807990,Adel Al Alawi,Adel_Alawi,"Dubai,UAE","Founder & Chairman @ Gulfbankers Executive Search,Forum International ,bankersprofiles , forumtrainers ,zandle, Gulfmoda, dudechat,gulfmanagers",25090,331,25,12,False,2388,False,False,False,1896807990,0,human
300415996,RSS,2l00l5,,RSS用のbotです,843,732,71,0,False,398498,False,True,True,300415996,1,bot
2938477910,العموديه🇰🇼,alalkfkf,بقلب أمي♥️,#العموديه،العمرمجردرقم والنضوج(اختيارك)كاتبة خواطر❌https://t.co/KKp5GC0YZsعطني رايك بصراحه,101875,33849,249,1330,False,147363,False,True,False,2938477910,1,bot
2206495150,العاشرة نيوز,al_nouri_1,الكويت,‏أخبار محلية أول بأول .. وأخبار الشرق الأوسط والعالمية بشكل عاجل ..سياسية... إقتصادية...رياضية,92979,101122,74,1069,False,208582,False,True,False,2206495150,1,bot
2916404666,ƅɪʌɲƈʌ,hunthehyun,,"EXO9 • Taeyeon ♡ snsd rv nct | 훈 · 탱 · 귱 · 텐 · 씽 · 니 ♡ #baekyeon

your typo queen",1540,384,19,10985,False,84154,False,False,False,2916404666,1,bot
1100927498,Doordarshan News,DDNewsLive,"New Delhi, India","Official Twitter account of DD News, the Public Broadcaster of India.   हिंदी में @DDNewsHindi.

Follow us on- https://t.co/yCp3sSJSJY",2408524,35,2278,51,True,135245,False,False,False,1100927498,1,bot
2835630150,トクトクホーク,tokutoku_houku,,お得な記事やニュースが好きです。役立つ情報、あるといいなあ,1334,0,4,0,False,5091,False,True,False,2835630150,1,bot
1956371485,Cristiano Ronaldo ⚪⚫,Cr7Fran4ever,Madrid & Turín,"The best fanpage of @Cristiano Ronaldo. Photo, video & stats. Real Madrid & Juventus. Spanish & English. Not affiliated with Cristiano. He replied us 29/9/14!",218604,140319,397,21616,False,37482,False,False,False,1956371485,1,bot
400750779,JuliaSegura,Juliasegura26,"Sevilla, España","♀️                                             







[no fears, no limits]",978,941,2,4134,False,29845,False,False,False,400750779,1,bot
75188460,スイナ,suina_763,ゴム,ふたなりとか人外娘とか丸呑み(vore)とか状態変化とか形状変化とか,1243,924,47,36493,False,260723,False,False,False,75188460,1,bot
408911226,العنود,aI3noood,,‏‏‏‏حكاية رحيلها إلى السماء هي كتلة حزن لن تذهب من قلبي أبداً  ربي أوصيك بها فـ أملأ قبرها من نسيم جنتك  《 أمي 》,89411,91890,37,2130,False,8011,False,True,False,408911226,0,human
34570323,Europe 1 📻,Europe1,"Paris, France","Pour réagir en direct et intervenir dans nos émissions : ☎️ 3921 (0,50€/min.) ou #Europe1",1407309,3580,5675,8766,True,306016,False,False,False,34570323,1,bot
409863961,Female Pains,FemalePains,,Business inquiries: business@deckedmedia.com,909337,23,1455,6993,False,3209,False,False,False,409863961,1,bot
2697652640,トモぺ,imas25676405,グンマー,"定時退社がキてると思ってたら残業復活したのでやっぱり残業はクソ

冬はスノボに全てを費すメーン",774,647,27,2032,False,40724,False,False,False,2697652640,1,bot
80878133,National Autistic Society,Autism,United Kingdom,"The National Autistic Society is here to transform lives, change attitudes and create a society that works for autistic people.",154071,3383,1429,10596,True,22990,False,False,False,80878133,0,human
9269372,Bible Gateway,biblegateway,,"Most used Christian site. Read, search, study, compare, & share the Bible in 200+versions & 70+languages. Free apps. Newsletters. Follow for Bible verses & news",140600,18399,1657,803,True,90131,False,False,False,9269372,0,human
400334965,HuffPost Québec,HuffPostQuebec,Montréal,"Journal web animé par @cathlvesque, @duperron, @elsavecchi, @philippelepine, @chrisdufresne,@emclavel, @orobichaud",141210,3747,1896,1538,True,261639,False,True,False,400334965,0,human
19622847,Akamai Technologies,Akamai,"Cambridge, MA","Akamai secures and delivers digital experiences for the world’s largest companies, keeping apps and experiences closer to users — and threats far away.",112131,3043,1479,3097,True,20958,False,False,False,19622847,1,bot
28054874,Girth Brooks,_liddoboss,"New York, NY 🗽",*Receives all the ooohs and the ahhhs*,2250,406,30,2946,False,142237,False,False,False,28054874,1,bot
2340955790,vavah,AFixe10,"Sintra, Portugal",FS&DBZ | 🇦🇴🇨🇻✨,1017,255,3,35734,False,87351,False,False,False,2340955790,0,human
113317910,Genevieve Nnaji MFR,GenevieveNnaji1,Right here and now ,Artist,1553389,1671,2553,608,True,7803,False,True,False,113317910,0,human
62876558,Cody Longo,codylongo,LA / NY / TN  Artist,"May my neighbors respect me, trouble neglect me, angels protect me, and heaven accept me..✍",83330,524,454,3846,True,11242,False,False,False,62876558,0,human
14669951,DRUDGE REPORT,DRUDGE_REPORT,US,The DRUDGE REPORT is a U.S. based news aggregation website run by Matt Drudge(@DRUDGE).,1405842,2,21589,0,False,237181,False,False,False,14669951,1,bot
134547013,♛Raq,500DaysOfRaquel,between psychotic and iconic,I work with kids because adults scare me. 🏹🌙🥀 | 26 | Texas State Alumna | #SSDGM,922,735,6,27749,False,82304,False,False,False,134547013,0,human
47964412,Chicago Bears,ChicagoBears,"Chicago, IL","#BeObsessed, get more from #DaBears by following @BearsLocal, @BearsSTH, @BearsOutreach, @BearsPR & @InsideTheBears Fine print: https://t.co/fyf7HGzUkw",1731717,369,9054,7674,True,41804,False,False,False,47964412,0,human
1917384774,Athlete Homes,AthleteHomes,homesathlete@gmail.com,"Tweets About All Things Athletic | I don't own any media posted, anything taken down at owner's request",81267,8848,104,1,False,498,False,False,False,1917384774,0,human
250169004,Anna 🦋,AnnaLakeee,"Smiths, AL",auburn zeta,1239,1012,3,6841,False,11593,False,False,False,250169004,0,human
726969781,عبدالله ع.إلعُتيبي.,6G5,SnapChat: QST 🏴فعل إلتنبّيهات,حط نفسك مظلوم ! وجرب الشعور..,99948,2016,74,402,False,48314,False,True,False,726969781,0,human
718927286,I_luv_reds™,I_luv_reds,USA,[18+] I'm a Man! AVI is the gorgeous @OohFellatio! Header is the epic @RebeccaLords! Love Redheads & MILF's! Dick pics = blocked! #ObsceneTeam,150402,595,832,227377,False,422292,False,False,False,718927286,0,human
259613476,Jed Record,JedRecord,"Chapel Hill, NC",Value Innovation Expert • @Lenovo AI Solutions Engineer • My latest blog post: https://t.co/bnrb7eU0qK,158943,38433,4950,73519,False,53184,False,False,False,259613476,1,bot
777983107,نايف الصابري,NaifALazemi,,والله لو تعطيهم من الطيب أطنان تبقى النفــوس الرديــه....رديـــه,903534,945,527,963,False,76601,False,False,False,777983107,0,human
1378044421,"Dana Love, PhD",DanaFLove,"Scottsdale, AZ","#BigData, #blockchain, #fintech and #crypto make me happy at work; at home, Billions, GoT, The Newsroom, and ADV bikes. President / CTO / Founder @ Radpay.",21332,828,108,1187,False,1710,False,False,False,1378044421,0,human
21188490,ASHBA,DjASHBA,WORLDWIDE,FOLLOW @PYROMANTICMUSIC,539929,6533,1881,2001,True,10844,False,False,False,21188490,0,human
3185320003,Shakshi Shah,Shakshi_Shah,India,Hardcore book lover. Tech ninja. Avid food buff. Music scholar. Hrithik Roshan Fan.,1242,833,76,4882,False,83705,False,False,False,3185320003,1,bot
89934622,Ananda 👻,ananda_moura,,,1126,837,2,6725,False,43415,False,False,False,89934622,1,bot
2981911481,ai de mim q sou romântica,heygimahone,"São Paulo, Brasil",tentei largar o shitpost mas ele eh parte de mim // i miss my peep // golf wang,1784,1889,13,61423,False,108600,False,True,False,2981911481,1,bot
2383682650,Lorenzo Jared Paggi,JaredPaggi,Roma ,"Actor in training, maybe a singer, and i don't know what....",110891,185,29,1494,False,1807,False,False,False,2383682650,0,human
763419470,Cyrine Abdelnour,CyrineAbdlNour,Lebanon,Instagram: cyrineanour Youtube Channel: https://t.co/ztEKqWHH6I Facebook:https://t.co/MIhiRhJbrI,1841470,106,844,23292,True,16762,False,False,False,763419470,0,human
21273590,Bill Doran,chinbeard,"Seattle, WA","Intergalactic Arms Dealer.  I make props and costumes. Let me show you how: https://t.co/x3xNPvHcBO
https://t.co/iHunJtqkK6",98780,1388,786,56,False,55264,False,False,False,21273590,1,bot
365814947,Diego.,antigostallker,Cidade da Paranóia.,Os loucos românticos sempre riem por último.,796,868,0,1167,False,20348,False,False,False,365814947,0,human
456124980,AriesAreUs/AriesWe,AriesWeAre,AriesAreUs/AriesWeAre,"Aries ARE US IS YOUR 24/7 ♈ ARIES CHANNEL♈
Made Popular by the #ARIES of Twitter 
#TeamAries (♈)
Email Us: PiscesAreUs@ymail.com",100592,56186,321,2,False,188777,False,False,False,456124980,1,bot
418187913,Brittany,brittflynn_,"Buffalo, NY",scooter ❤️🐶,816,692,10,51331,False,49828,False,False,False,418187913,0,human
55594587,Catherine B. Roy,catherinebroy,"Los Angeles, CA",#CEO & #Founder of #LHM Academia & LHM Media #Bestselling #Author of Live from Your Heart and Mind |Top 30 Under 30 | #Motivate #Inspire #Love #Success | #MENSA,45033,44461,302,7169,False,11308,False,False,False,55594587,0,human
321125740,محمد المويزري,Almuwaizri,Kuwait,تقني مهتم في عالـم التكنولوجيا وشغف التطبيقات ، هنا ستجدون شروحات للبرامج وطرق تحميك من الاختراقات ومقارنه بين الاجهزة الذكيـة | للإعلان واتساب 50777444-965+,859161,226,855,1084,False,75562,False,True,False,321125740,1,bot
1678786722,卌Lucille está contagiada🌀卌*ESTUDANDO*,Iammoremylrds,"Santa Catarina, Brasil","Se a vida te der limões faça limonada, agora se ela te der ÍDOLOS FAÇA UM EXORCISMO PQ ISSO NÃO É DO BEM!! ✨LS✨5SOS✨HP✨PJO✨SPN✨Zumbi nas horas vagas✨book stan📚",187639,165251,461,180520,False,108193,False,False,False,1678786722,0,human
36884066,منتدى الهلال الرسمي,alhilalcom,المملكة العربية السعودية,الحساب الرسمي لمنتديات الموقع الرسمي لنادي #الهلال,1272634,42,2071,0,False,43760,False,False,False,36884066,1,bot
472966889,il manifesto,ilmanifesto,"Rome, Italy",official account il manifesto - Italian national newspaper - to serve our followers,145835,3578,1431,5282,False,41819,False,False,False,472966889,0,human
2439526297,liv 🌊,BeausSausage,h & l ,\ ( ^•^ ) /,871,220,1,4043,False,8861,False,False,False,2439526297,0,human
51447989,Guillermo Domaniczky,GuillDomaniczky,Paraguay,Periodista. El Noticiero (https://t.co/7rDvjCoXm0) PeriodísticaMente (https://t.co/KRvzOOpst7) Opinión (https://t.co/UK19dflEOF) Journalist (https://t.co/CQ7hX2XRgq)🇵🇾🇮🇹,148918,752,251,3933,True,30213,False,False,False,51447989,0,human
1238305681,Aku Cuma Tanya,akucumaTANYA,Di Hatimu,Sekedar Bertanya. kirim pertanyaan kamu dengan format: @akucumaTANYA isi pertanyaan kamu (@usernamekm) #act,37989,44,5,0,False,78677,False,False,False,1238305681,1,bot
15976697,Michelle Malkin,michellemalkin,USA,Little brown woman. Big mouth. Wife. Mom. Entrepreneur. Geek. #StillAThing #ManitouIncline #freedanielholtzclaw,2143950,16836,15760,25411,True,67457,False,False,False,15976697,0,human
52876623,amandititita,amandititita,"Los Angeles, CA",El invierno son los demás.,94564,1032,952,19559,True,30660,False,False,False,52876623,0,human
443263099,Cam,CamiBrocca,"La Plata, Argentina","Believe in love 💜@coldplay                                   
CGE 💙
                        💚✊",1027,398,7,27741,False,78605,False,False,False,443263099,0,human
211557827,nah.,Tonedezzy,,"Y'all some high rollers, and y'all broke. Follow @cyrustherebel1 for vids or whatever.",1079,945,6,2004,False,43812,False,False,False,211557827,1,bot
120150508,Jay der Weiße,JayPietsmiet,,Let's Player von Pietsmiet und fertig studierter Tierarzt. Galileo-Stammgast und begnadeter BvB-Fan :D #PietSmietBerührt,196056,438,181,2126,True,12053,False,True,False,120150508,0,human
25382962,Maria Celeste,MariaCeleste,Citizen of the Universe,Bestselling author.Emmy Award winner/Journalist/Host of @AlRojoVivo Mother of 3! Nature lover! Visit me at https://t.co/MQVb4lQCSC,1156034,12607,4989,166,True,46656,False,False,False,25382962,0,human
40364991,Bruno,itsflop,Salvador,#EleNão,82272,525,1294,8020,False,82197,False,False,False,40364991,1,bot
814121478,Brian Craig,BrianCraigShow,"Florida, USA",Host of The #BrianCraigShow https://t.co/5EKOaE6fPa co-host of The Steve Kane Radio Show https://t.co/sIrErzhLTD #MAGA,31467,2688,498,28524,False,72557,False,False,False,814121478,0,human
2962117111,♡♡,ComeLikeMyPosts,,turn on my notifications please,34564,16070,50,0,False,272,False,False,False,2962117111,0,human
17028456,Guillermo Catalano,fieritacatalano,,Nerd profesional y Presentador de radio y tv https://t.co/znF2K3qGc6 Contacto: yo@fierita.com,1049963,5167,4351,23811,True,135709,False,False,False,17028456,1,bot
517680491,Laughing,OMGtrolls,,we do not own the content posted / contact - omgtrolls121@gmail.com,782965,81,1552,1095,False,29414,False,False,False,517680491,1,bot
141300574,Chinedu Ikedieze MFR,ChineduIkedieze,Nigeria/ Worldwide,"The Official Twitter Account of CHINEDU IKEDIEZE, MFR. Actor • Comedian • Entrepreneur • IG:@ChineduIkedieze• https://t.co/TxsSvhVAlu",61800,1551,187,2532,True,8512,False,False,False,141300574,0,human
2480448678,geovani,beladona_mortal,,"Every time the rain falls, think of me on a lonely highway. 🖤",2238,1726,4,61776,False,48350,False,False,False,2480448678,0,human
16667447,Inked,Inkedmag,New York City,Style.Culture.Art all in one amazing magazine,101945,205,933,93,True,22212,False,False,False,16667447,1,bot
624818975,Carmela 💫,CarmeAlvarez97,Coronel Dorrego - Bahia Blanca,"Derecho-UNS 
•Coronel Dorrego•
Cabaña《La chingola》🐮",1163,333,0,16920,False,13556,False,False,False,624818975,0,human
982400697651093504,Bryce Hall,Ibrycehall,,not @brycehall but he follows,289,74,0,36,False,16,False,True,False,982400697651093504,0,human
16557431,Bouygues Telecom,bouyguestelecom,"Meudon, Ile-de-France",Bouygues Telecom partage votre passion de la technologie. Vivez une expérience numérique plus intense grâce à la #4GBouygues et à nos Bbox. #WeLoveTechnology,160142,73419,857,9210,True,570857,False,False,False,16557431,1,bot
3181259656,K🍑,AlwaysJLover,under the sun,25yo cat lover,10,652,0,70,False,219,False,True,False,3181259656,0,human
153810519,Dmitry Medvedev,MedvedevRussiaE,"Moscow, Russia","Prime Minister of Russia. For tweets in Russian, follow @MedvedevRussia",1042130,22,8410,0,True,1276,False,False,False,153810519,0,human
1129425277,Piero Ab.,AbreuPiero,"Bogotá, D.C., Colombia",,988,833,6,8031,False,12337,False,False,False,1129425277,0,human
18676369,Joe Budden,JoeBudden,IG: JoeBudden,CCD of Spotify | EP for REVOLT TV/Viacom | JoeBuddenPodcast | For all matters pls contact Ian Schwartzman @ CLTNmanagement@gmail.com | Create Without Fear.,1044210,1449,6640,873,True,126857,False,False,False,18676369,1,bot
2285840166,Hippy,HippyGIF,,Life is beautiful 🍇,33884,24,174,150,False,13310,False,False,False,2285840166,1,bot
223450467,山崎まさゆき,YMZKMSYK,,1984年兵庫県生まれの18歳。ストリートライブで活躍後、昨年10月にメジャーデビューを果たす。現在「愛のカタチ」が大ヒット中！ 公式インタビュー動画 http://t.co/DNoTz4X1v8 毎日20時頃『愛のカタチ』の歌詞をつぶやきます。,1336,1791,18,0,False,204354,False,True,False,223450467,1,bot
275447294,David DeMaría,DavidDeMaria,,Papa de Leonardo. Otro que canta y compone o descompone...https://t.co/tHlO8KapmU,85052,787,296,27902,True,13874,False,False,False,275447294,0,human
515256733,Enrico Thanhoffer,arch_MunicoT,"Lombardia, Italia",MUNICO THAN   #municothan,31841,33,32,165,False,3049,False,False,False,515256733,0,human
183398746,Converse,Converse,,Since 1908,1074529,30,2235,6192,True,9029,False,False,False,183398746,1,bot
4223529927,أحمد بن محمد الفجر,a_alfajr,الغاط,عضو مجلس إدارة جمعية فرسان الطرق.مهتم بالأوقاف والقطاع الثالث...,17966,331,3,82,False,3230,False,True,False,4223529927,1,bot
114484253,藤森慎吾(オリエンタルラジオ),chara317megane,,チャラっとペラペラな内容でつぶやきます！ インスタもやってます→ https://t.co/B9J3Wf4vDB  youtubeチャンネルは以下リンクから,1114561,183,8366,340,True,8370,False,True,False,114484253,0,human
21824310,DAZ DILLINGER,DAZDILLINGER,"California, USA",PRODUCERS SEND BEATS TO DAZ AT DPGCBEATZ@GMAIL.COM IF U WANNA BE ON ANY OF MY UPCOMING PROJECTS I WILL GET BACK WITH YALL ASAP SO LET WORK IT OUT THANKS,120384,1414,815,105,True,14600,False,False,False,21824310,0,human
16308920,Halifax News & Info,haligonia,Halifax Nova Scotia Canada,"Haligonia.ca. Often imitated, never duplicated. Breaking Halifax Nova Scotia news, weather and lifestyle-type stuff. Hello.",127458,30008,1016,422,False,118955,False,False,False,16308920,1,bot
606522136,Jim Weber,JimMWeber,"New York, NY",,75132,5111,927,26067,False,89846,False,False,False,606522136,0,human
310672436,ChelsTransfer,ChelsTransfer,,Stay up to the minute with the latest Chelsea news & breaking transfer gossip of #CFC & rivals across the globe / Business enquiries - chelstransfer@gmail.com,152786,1211,931,186,False,52324,False,False,False,310672436,0,human
19816812,Ben Hatch Novelist,BenHatch,Brighton,Author of R4 Book Of The Year The P45 Diaries #No1 bestseller Are We Nearly There Yet? Road To Rouen & A Million Dirty Robots. Loves bumbling & cheese. Remoaner,97777,65275,1206,33437,True,89169,False,False,False,19816812,0,human
252196811,Q.Johnson,Crash_Kiid_Q,Staten Island / Kean U,Kean University Alumnus 👨🏾‍🎓IG:That_Boy_Que  SC:Crashkidq4 ΩΨΦ,868,562,4,153,False,70043,False,False,False,252196811,0,human
3053048142,Bɾaιan 🇺🇸,brrrraian07,New York,"Daɾkıєʟ Gaєʟ Vєɾa 👶🏻💙

 


















































🍁 Wιz Kнalιғa 🍁 💎 †υpac 💎 💫 Eʍineʍ 💫",1496,366,6,2044,False,40171,False,False,False,3053048142,0,human
15485441,jimmy fallon,jimmyfallon,"New York, New York",astrophysicist,50822404,8666,67777,568,True,11563,False,False,False,15485441,0,human
97713882,Causing Fitna,CausingFitna,Kansas,"kaffir, I curse more than necessary.... Fitna happens here.",1945,4995,38,8481,False,16590,False,False,False,97713882,0,human
224084191,55smiling,55smiling,東京都渋谷区,"『人柄マッチングの転職支援　おむすびドットコム』を運営中！
●医療・福祉業界
●ITエンジニア
●20代、30代
●エグゼクティブ・経営幹部
などの転職支援を手がけています。
日本を笑顔で元気にすることが目標です♪",84980,81916,200,135,False,151314,False,True,False,224084191,1,bot
1307913973,ちとせ＠起業系女子,girl_kigyo,,起業系女子。若くても女の子でもビジネスができる！何事も前向きに。元気が出る言葉とおすすめ情報をbotを使用しつつ流していきます♪名言系はディズニーが多いかも＾＾；相互フォロー大歓迎です。,949,1176,3,0,False,90574,False,True,False,1307913973,1,bot
96448406,Gregg Sulkin,greggsulkin,,,1026770,3744,2706,10135,True,24237,False,False,False,96448406,0,human
22258315,GameStop,GameStop,"Grapevine, TX","Power to the Players. #GameStop -- For support, reach out to us at @GameStopHelp",1185864,480,6041,6580,True,36859,False,False,False,22258315,0,human
100766356,dave lackie,davelackie,Canada,"Editor, Beauty Departure magazine & beauty on-air expert @Cityline with @thetracymoore website: https://t.co/BBnTfLKeV5",152558,5101,558,12834,True,207285,False,False,False,100766356,1,bot
27948995,bn,loopx3,"Belo Horizonte, Minas Gerais",galaxy boys. reality is far away. liquid love,2054,526,109,58643,False,195813,False,False,False,27948995,0,human
3352286357,BMHathaway,Charlie_Grampa,,"Father,husband,Grandfather to Violet,Marine Corps Veteran,Retired Educator, Liberal,Animal lover.",1026,1399,78,23686,False,25886,False,False,False,3352286357,0,human
27737579,Blog do Torcedor,blogdotorcedor,"Pernambuco, Brasil",Futebol pernambucano em tempo real e informações do esporte no Brasil e no mundo. Blog do @PortalNE10,158859,357,370,481,False,148758,False,False,False,27737579,1,bot
491090439,﮼وطــن،النـهـــار ♡,mobile_81, #kuwait,❥ اللهم إنگ عفو تحِب العفو فاعفُ عنا,924409,636411,1005,317,False,169981,False,True,False,491090439,1,bot
822903103070601216,Darren Anthony,DJ_Dee,"Solihull, England",enquiries@darrenanthony.co.uk My Twitter is now @DJDarrenAnthony Producer & DJ. I make music & play other people's music.,7,2,0,5,False,1,False,True,False,822903103070601216,0,human
2492489580,【公式】ブレイブ フロンティア,brave_pr,,スマートフォン向け本格RPG『ブレイブ フロンティア』シリーズの公式アカウントです。 サービスやゲーム内容に関するお問い合わせにつきましては、support-brave@a-lim.co.jpまでご連絡をお願いいたします。,99102,35,438,5,True,12109,False,False,False,2492489580,0,human
71478395,ひなた_sk,hinata_sk,痛みの上に生きていくよ,ゲーム、SHT、WJ(本誌)など。ハルちゃんオタなのでルパパト楽しい！/成人済/放送日・発売日過ぎたらネタバレ可能性あり/実況します/信者:KH、忍殺、ネヴァジスタ、望月淳、九龍皆守、ロンパ2狛枝、TRUMPシリーズ、RL&キンプリ速水ヒロ、ハイロー、EXILE TAKAHIRO,934,926,88,84456,False,211354,False,False,False,71478395,1,bot
1453275032,Beer Alien,BeerAlien,"San Diego, Ca","Come join the aliens and check out the beer that planet Earth has to offer, one brewery at a time (Must be 21+ to Follow) https://t.co/cgVM8hyKXZ",1290,1204,107,1016,False,16290,False,False,False,1453275032,1,bot
2391232105,Mark Tuan,mtuan93,,,4626858,54,6036,26,True,498,False,True,False,2391232105,0,human
1056580334,lontiaa,Alontiax0_,"Connecticut, USA","thank u, next.",1236,995,2,17200,False,51766,False,False,False,1056580334,0,human
2811559122,CNN Philippines,cnnphilippines,,We tell the story of the Filipino,388806,353,1735,55,True,319355,False,False,False,2811559122,1,bot
437512036,Jay,huskymask,Republic of the Philippines,"JANE ❤ MORISSETTE 
👊Du30 🏀LeBron",6476,526,6,10991,False,40632,False,True,False,437512036,1,bot
316465945,South Park,funnyquad,,"If they asked me, I would do anything for the 'South Park' guys.",1005,1819,14,0,False,74367,False,False,False,316465945,1,bot
93547054,池乃こいし,369doughnut,隙間,子どもが喜ぶ栄養満点しかけ絵本,1329,398,84,122962,False,63518,False,False,False,93547054,1,bot
14230524,Lady Gaga,ladygaga,,,77668147,125584,224105,1989,True,8932,False,False,False,14230524,0,human
3258575329,ドライマティーニ,1dryhk,,"JK＊世界の素敵な絶景をつぶやきます
よろしくお願いします(∩´∀｀＠)⊃
ＲＴも[＾ェ＾] ｡♥｡･ﾟ♡ﾟ･｡♥｡･ﾟ♡ﾟ･｡♥｡！",14573,4113,1,0,False,2188,False,False,False,3258575329,0,human
2296602492,Boobs VIP™,BoobsVIP,,Erotic pics. No porn! No dicks! Need promo??? DM @pollaprenadora        https://t.co/UxcmiBA7PZ              https://t.co/Aer7PlerD3,186273,507,552,50,False,99294,False,False,False,2296602492,1,bot
2990728971,Floraa🌸,barbieriflor1,,Tomatito NiñaBien #5,1216,876,7,11199,False,115009,False,False,False,2990728971,0,human
1067293951,Andresa,andresarodr,,"“Imprudente ofício este, de viver em voz alta.” (Rubem Braga)",1037,844,1,5932,False,27779,False,False,False,1067293951,0,human
252875977,B Tha One 🎙,BthaOne,ATX✈️CALI✈️,"Music is my life. (Snap, Insta, Soundcloud: Bthaone) “In Love” Official video out now: https://t.co/RIEQZUPAgS #InLove",19852,19219,195,8572,False,2810,False,False,False,252875977,0,human
2199226404,Britney Ayo✨,BritneyAyo,"NGR, LDN",Nutritionist • Realist • Life Coach,113442,29175,296,209,False,211126,False,False,False,2199226404,1,bot
49375859,Deepender S Hooda,DeependerSHooda,,"Fighting for Good | Member of Parliament(Rohtak-3rd term) | Special Invitee, CWC | Whip of @INCIndia, Lok Sabha | Spokesperson, INC | Poling Chair @KelleySchool",210140,838,342,6177,True,6470,False,False,False,49375859,0,human
2674885669,CrowdTSpa,CrowdTSpa,Worldwide,Design High Quality Screen Printed #Tees for Your #Spa Zero Risk. Zero Upfront Cost. We Directly Ship to Your Customers. You Keep The Profits,44371,111658,477,14,False,14046,False,True,False,2674885669,0,human
343513597,Ariana,ArianaPombal,Quilmes,Club Atlético Independiente.,938,264,5,6131,False,72110,False,False,False,343513597,0,human
2787157306,shon,dashonsarratt,,,1096,649,4,27921,False,58357,False,True,False,2787157306,0,human
2186735394,N🧡,aniyaShynte,,sc: itsniyyy,1411,996,0,3355,False,40691,False,True,False,2186735394,0,human
38652395,Bea Binene,beabinene,I'm livin' in my own world. ,"Celeb x MNL || A work in progress || 
Always dream, always wander. || INSTAGRAM: @beabinene

work with me: beabineneinquiry@gmail.com :)",1205921,426,1146,13,False,28449,False,False,False,38652395,0,human
1676542927,alexis,alexxisjewel,"college station, tx",• mark •,1712,508,8,24261,False,33409,False,False,False,1676542927,0,human
1344893804,Barba Roja OG👳🏽🦁,anfernee37,"Milwaukee, Wisconsin",in love with my princess 👸🏾💜🍇/ En mi mesa comerán los que pasaron hambre conmigo / Las Legiones 👹🤘🏽💯 / #LaAsociacionDeLos90Piketes #LosOG,1068,0,21,18571,False,139141,False,True,False,1344893804,0,human
167118683,lili vai cantar,calabocaglauber,Recife - Pe,"O mundo é um lugar de destruição, por isso quando achar uma porção de felicidade agarre-se a ela. / Estudante de Nutrição
insta: calabocaglauber",1014,632,16,1316,False,98659,False,False,False,167118683,0,human
174214130,iek,iekiek1984,岡山県大阪市,iekと書いて「けい」と読んでください。ツイート内容はサッカーだったり音楽だったり競馬だったり雑多。モットーは「浅く広く」。スタンスは「永遠のぬるサポ」。晴れの国出身。ファジアーノ岡山は我がクラブ。コミュサカ通り名は「岡山のポッポマスター」,1340,1483,57,4112,False,148048,False,True,False,174214130,1,bot
2165381052,Gayl Wright,GaylWright,"Sunset, SC","Christian, wife, mother of 7, grandmother of 14, seeker of truth looking for beauty in the ordinary. Musician, poet, artist, photographer, blogger.",2436,1124,76,8268,False,8603,False,False,False,2165381052,1,bot
2899662597,مسلمة مغربية وافتخر,aicha77maroc,بلدي الحبيب المغرب,اللهم ارزقني حسن الخاتمة,941,690,4,5766,False,121020,False,True,False,2899662597,1,bot
387844724,Aimée SAYAH إيميه الصيّاح,AimeeSayah,Lebanon,Actress & TV Host // ممثّلة ومقدّمة برامج                                  https://t.co/kYpYgfq62p,152388,326,148,16597,True,13954,False,True,False,387844724,0,human
587381681,لا اله الا الله,osm20009,KSA,هذا الحساب صدقه جاريه عني وعن شخص عزيز على قلبي,898,2,3,1,False,31837,False,True,False,587381681,1,bot
114860704,AK Parti Ankara,AkpartiAnkara,Ankara,AK Parti Ankara İl Başkanlığı Resmi Twitter Hesabı.,170457,149,198,3612,True,12698,False,False,False,114860704,0,human
2610663146,‏عبدالإله بن عباس,a_a_3tb,"الرياض, المملكة العربية السعودية",✨( لا إله إلا أنت سبحانك إني كنت من الظالمين )✨,111037,313,77,271,False,2957,False,True,False,2610663146,0,human
4847874809,Boston Deal Finder,BOS_DealFinder,"Boston, MA","Finding and #Tweeting the best #deals, #events and #specials from the #Boston area! (Follow us to learn how to post your own DealFinder deal!) @stojkovic_alex",8582,5410,172,114203,False,75921,False,False,False,4847874809,1,bot
2298803394,吹いたら駄目よ。笑えるもの集めました,ikinuki_warai,,吹いたら負け。笑えるもの集めました。一勝負いかがですか？,984,911,2,0,False,59724,False,True,False,2298803394,1,bot
6781802,B Carter,Bcarter,"Green Bay, WI",I am a mom and reseller. In my spare time I hold down a full time job.,879,1147,10,17,False,1006,False,False,False,6781802,1,bot
5611312,Katuhisa Uramoto,uramoty,,,901,1394,6,4,False,11498,False,False,False,5611312,1,bot
306701131,Marina.,RememberLove_,"Jaén, Andalucía",Appreciating the beauty of another person doesn't imply the absence of your own beauty.   UJ 1/3 💗  Purpose Tour 23/11/2016 💗,809,707,11,5765,False,32989,False,False,False,306701131,1,bot
705936076565815297,🌹همسة ورد🌹,dal3666000,جده اهل الرخاء وشده,"‏‏%‏استغفرالله.واتوب إليه%
عاااالميه.وافتخر%",801,1269,0,2563,False,1191,False,True,False,705936076565815297,0,human
1031752122,🤷🏽‍♀️,DanielleBroom,,,930,368,11,4444,False,20294,False,True,False,1031752122,0,human
597878828,صدقة جارية اذكر الله,3boooodOn, اللهم صل وسلم على رسول الله ,ل عبدالله وعيسى وجميع المسلمين الأموات منهم و الأحياء نسأل الله القبول والرحمه والمغفرة لهم ولنا,90453,87694,34,387,False,16564,False,True,False,597878828,0,human
456361810,Hertz Nazaire,NazHz,"Bridgeport, CT","artist / painter :: nazaire :: seeking patrons of the arts support to continue to my artistic development.
send a canvas to nazaire http://t.co/j8wRI7MCno",51,192,6,116,False,281,False,True,False,456361810,0,human
2550897515,✿ Jenna ✿,Clifforduslut, ♡・。。・❀・。。・♡,These bands have ruined my life in such a good way,867,1101,0,19192,False,23966,False,True,False,2550897515,0,human
1112088823,Belgrano,Belgrano,"Córdoba, Argentina","Twitter Oficial del Club Atlético Belgrano.
Asociación Civil fundada el 19 de marzo de 1905.
Alberdi, Córdoba, Argentina.",232841,301,366,1410,True,45655,False,False,False,1112088823,0,human
481055005,Serein,agusmsunjaya,Bumi اللَّهِ ,"Pengajar Fisika dan Sains. 
Jatuh cinta pada astronomi,  kopi, dan puisi. 
Haiku?  Itu pasti. 
Mau tau apalagi? 
Anda bebas untuk follow atau unfollow saya.",1514,342,7,1094,False,14328,False,False,False,481055005,0,human
244230312,مال وأعمال,MoneyAffairs,المستشار المالي: أحمد المجلي,حساب يهتم بالأخبار الاقتصادية وعالم المال والاعمال والاسهم العالمية والعربيّة وتحليلات أساسية وفنية وتقارير حصرية مالية واقتصادية,959877,0,635,5499,False,41604,False,True,False,244230312,1,bot
54476445,Bangkok Bacon ❄,baconbkk,"Bangkok, Thailand","ᴘᴏʀᴄɪɴᴇ ʀᴇꜰᴜɢᴇᴇ ɪɴ ʙᴀɴɢᴋᴏᴋ ᴡɪᴛʜ ᴢᴇʀᴏ ʀɪɢʜᴛꜱ ɪɴ ᴀ ɴᴏɴ ᴘᴄ ᴄᴏᴜɴᴛʀʏ ᴀɴᴅ ʟᴏᴠɪɴ ɪᴛ. ɪ ᴇᴀᴛ, ᴄʏᴄʟᴇ ᴀɴᴅ ꜱᴜᴘᴘᴏʀᴛ ʙɪᴛᴄᴏɪɴ/ɴᴇᴍ.ʟᴏᴡʙᴏʀɴ ᴀɴᴅ collapsitarian.",45526,32107,327,77649,False,100611,False,False,False,54476445,0,human
332598424,BurroSutil,BurroSutil,#CDMX | #MéxicoLindo,"#YoSoyVenezolano y #Colombiano 🇻🇪& 🇨🇴#Disidente | #CADSD | Con las Damas, Sutil | Podrás seguirme; pero nunca alcanzarme. Vivo en la #CDMX #México 🇲🇽 NoDM",91113,100258,139,64965,False,182649,False,False,False,332598424,1,bot
189928814,ELİF GÜVENDİK,guvendikelif,İstanbul,İnstagram: elif.guvendik,92782,760,243,3850,False,37714,False,False,False,189928814,0,human
3304160639,Bruno,coebrunin,"Rio de Janeiro, Brasil","@eumesmalayla ❤
Snap: Brunodsilvaa",1118,498,4,6455,False,68390,False,True,False,3304160639,0,human
410805170,Luna🌸,Andreag11_,,,1262,253,3,5191,False,16683,False,False,False,410805170,0,human
147146101,てっぺい,figppei,アジムステップ,てっぺいです  最近ハマったの→ザック・エフロン/猫/Bethesda/忍殺/FGO  つぶやくのもやってるのもFF14が9割です,1143,1655,76,421607,False,413119,False,False,False,147146101,1,bot
159084041,珈琲パウエル,coffee_powell,埼玉県久喜市久喜中央４－１－４,提灯祭通の片隅にある喫茶店です。毎日焙煎しています。BGMは５０年代のジャズです。珈琲とジャズがますます好きになりました。 営業時間：１２時～１７時　定休：木、金☆HPとTwitterに営業予定を掲載しています。 電話：0480－21－3224,1302,748,90,4300,False,324844,False,True,False,159084041,0,human
2361460850,Marii Santana 💤,BiieberMariii,"Salvador, Bahia",I am Belieber ♡  Libriana♎ Namorando💍,923,2109,0,1239,False,2888,False,False,False,2361460850,0,human
351331309,آمِـيـنُـہٌᴬ .. ♡,Amina_janahi,البحرين ، الرفاع الشرقي ,🇧🇭🇦🇪🇸🇦,967,147,6,1235,False,34733,False,False,False,351331309,0,human
534745299,أبو محمد,alnaif1199,الرياض,,1171,172,15,13154,False,111859,False,True,False,534745299,1,bot
177581534,Fahri Bozgeyik,fahribozgeyik27,Ankara,"Muhsin Başkan'ın Heddam'ı..• @yavuzagiraliog'nun gardaşı.. •
Müebbed Ülkücü • Güce râm olmayacağız! • #MansurYavaşGelecek • 

Bir Gün Mutlaka..",319136,2164,101,10233,False,8981,False,False,False,177581534,0,human
747958680386179072,accs in bio.,alltheamourhs,,ffs to 1. @harrysmrvel 2. @buckysalute 3. @fljghtlessbirds and thanks :),31,22,1,81,False,1488,False,True,False,747958680386179072,1,bot
23573083,العربية عاجل,AlArabiya_Brk,Dubai,خدمة #العربية للأخبار العاجلة,17764858,37,16113,0,True,98890,False,False,False,23573083,1,bot
605805760,Outlook,Outlook,"Redmond, WA",Stay on top of what matters with Microsoft Outlook.,1091522,752,3487,572,True,97593,False,False,False,605805760,1,bot
20812193,CTV Edmonton,ctvedmonton,"Edmonton, Alberta, Canada",Breaking news headlines & weather updates from North central Alberta's most comprehensive local news and information source on-air and online.,181801,1019,1324,176,True,120442,False,False,False,20812193,1,bot
931174645,درر الكلام,drr_alklaam,,درر الكلام حساب يحاول جمع أفضل الاقوال والحكم والاشعار,1014927,970634,832,557,False,94230,False,True,False,931174645,1,bot
588630461,Alain Frey,AlainFrey,"Zürich, Schweiz",,47451,103744,36,39783,False,1675,False,False,False,588630461,0,human
768727279673499648,HuaweiDevice,HuaweiDevice,,We Love Technology Innovations!,1083,17,3,4,False,83,False,False,False,768727279673499648,1,bot
346146611,الـجـنـرال مـايـكـل,9F7teee,الكويت,مو فاضي احط بايو,79237,531,55,2593,False,93947,False,True,False,346146611,0,human
26327095,Chelsea Briggs,Chelsea_Briggs,"Los Angeles, CA",On-air host @Billboard & you can listen to me on @971AMPRadio every morning (Mon- Fri 6am-10am) + original founder of @Hollywire,98879,2752,566,47673,True,25991,False,False,False,26327095,0,human
21247989,Chilombo,JheneAiko,Los Angeles,,1643422,1,3714,23585,True,435,False,False,False,21247989,0,human
547698997,James Forde,JamesForde96,"England, London.",22. I would rather be hated for who I am than loved for who I am not | 🤷🏼‍♂️ | ☘️ |,91228,1192,169,27743,True,59620,False,False,False,547698997,0,human
709807650,ѕнαн∂,305_shahd,,‏أجد أن العفو والمغفرة قوة ، وأن الهزيمة هي القسوة ، أشعر أن اللين سر الثبات ، وأن الانتصار الكبير الذي يجب أن تظفر به من الحياة هو إنسانيتك لا عاداتك,712,1653,3,47,False,54480,False,True,False,709807650,1,bot
3241838887,アニメ・ゲーム総合｜なまけものぽーたる,games_nmp,,フォロワーを増やしたい人へ。@games_nmpをフォロー後、このアカウントの「フォローされている」方をフォローしてください。このアカウントをフォローされた方は、一週間以内にリフォローします。#sougofollow #followme #followback #followall #refollow #相互フォロー,790,1014,58,0,False,428725,False,True,False,3241838887,1,bot
20641995,Mario Lopez,MarioLopezExtra,"Los Angeles, California",Gia & Dominic’s dad...,1398859,360,4837,46351,True,25529,False,True,False,20641995,0,human
2370095387,Clara,Jetblackxmuke,,"⠀⠀⠀❝We are the kings and the queens, ⠀⠀⠀⠀⠀⠀⠀⠀of the new broken scene❞ ⠀ ⠀",73347,0,187,3610,False,1959,False,True,False,2370095387,0,human
389416968,ashish sarangi,ashishsarangi,"कलिंग, भारत","History/Culture/Traditions/Language/Heritage/SoloTraveller. @kalingadiaries 
Reach me at-: sarangiashish854@gmail.com
Blogger: https://t.co/QlByL5tk1F",2675,588,119,65422,False,37648,False,True,False,389416968,0,human
135069164,ときるき,tokiruki_akiru,ハテノ村,関ちゃんなつきちPの主さま騎空士のダイアロス島民（E鯖弓師）✿雑多なアカウントなので時折ゲームで騒がしいです✿支部・Twitter企画用アカウント【@akiru_kkk】,1244,602,95,16239,False,238375,False,False,False,135069164,1,bot
20429858,CDU Deutschlands,CDU,Berlin,Die #CDU ist die Volkspartei der Mitte. Seit 1945. - Redaktion: https://t.co/5uW0YgzHvo Impressum: https://t.co/AoefcbGyX1,273352,1252,1767,4642,True,16064,False,False,False,20429858,1,bot
807219840125726721,زعيم آسيا,mol_ksa,المملكة العربية السعودية,,482,191,0,15,False,377,False,True,False,807219840125726721,1,bot
217437781,Ciely Barateiro,CielyBarateiro,João Câmara -RN,"Quando eu me pergunto quem sou eu, sou o que pergunta ou o que não sabe a resposta!",1055,915,0,39,False,6426,False,False,False,217437781,0,human
4185111,Bill Flitter,bflitter,San Francisco Bay Area,Discuss #cars #basketball | Dad | work @carjojocorp | @Packers fan/owner | High school #basketball #coach | Love great #coffee,925,543,306,19,False,8757,False,False,False,4185111,1,bot
564109899,hope,hopecarlimarie,ksu ‘21,laughing till our ribs get tough,945,595,10,17762,False,21937,False,False,False,564109899,1,bot
6776102,Con-Café,concafe,"Caracas, Venezuela","Blog de tecnología móvil, telecomunicaciones y operadores desde Venezuela. Hugo Londoño @huguito",167265,2536,1261,1315,False,30516,False,False,False,6776102,1,bot
254115362,Faryd Mondragon,FarydMondragon,"Cali, Colombia",,1050078,125,1194,3,True,3721,False,False,False,254115362,0,human
49727721,Librerías Gandhi,LibreriasGandhi,México,"Horario de atención en nuestras redes sociales, lunes a viernes de 10 a 19 horas. Servicio y atención al cliente, 2625-0606 https://t.co/5OHToEhc55",1655388,32,3256,4743,False,19711,False,False,False,49727721,1,bot
555203372,Magic Fan Zone,Magic_FZ,,Join us in the zone. Follow now if you're a REAL #Magic fan!,1507,2320,30,36,False,13953,False,False,False,555203372,1,bot
972532340,Amazing Facts 4 You,AFacts4You,,Official Twitter account of http://t.co/1r6HAybmgE,1062,1420,15,4853,False,19210,False,True,False,972532340,1,bot
1424567636,R A F A,iRafaRodriguez,"San Fernando, Argentina",18 | Escéptico | Palo Diaz ❤ | Artes Marciales Mixtas INCA. ☠👊,82617,48477,340,85305,False,60068,False,False,False,1424567636,1,bot
490444549,Hell On Heels,HellOnHeelsGirl,The Queen of Boston,"Yeah, but I do it backwards, & in high heels - Ginger Rogers. Boston sports. Esq. Hair flipping & prancing. Vodka soda. Facetiously swaggy. 📸hellonheelsgirl",91693,5335,277,183655,False,45651,False,False,False,490444549,1,bot
601341785,Claro Te Ayuda,ClaroTeAyuda,Colombia,Bienvenidos al canal de ayuda y soporte de Claro Colombia. Trabajamos todos los días para llenar sus vidas de todo lo que quieren.😊♥️,126570,54593,220,3246,True,603040,False,False,False,601341785,1,bot
2752601,Jay Gatties,jaygatties,"Dowagiac, MI","Owner - J.T. Weedman Consulting. Husband, father, papa, #juggalo, cannabis advocate, sports nut, libertarian Democrat & @Pokegnek citizen. #coyw #vamosboca",46683,34514,144,3695,False,52455,False,False,False,2752601,1,bot
819685194,Adam (Edge) Copeland,EdgeRatedR,The Mountains,I'm dad to Lyric & Ruby. I used to wear tights on your tv. Now I say words on your tv. I smile a lot. Instagram:edgeratedr FB:EdgeWWE,1152248,547,2939,3543,True,6154,False,False,False,819685194,0,human
4113621027,Voice of LA,DailyQuestionB,,Welcome! This is a fully automated account dedicated to gathering the voices of Los Angeles City. No responsibility taken for accounts followed/tweets tweeted.,737,495,1050,43,False,143657,False,True,False,4113621027,1,bot
225206811,PINTA-T SPRAY PAINT,PINTATSPRAYP,SAN ANTONIO DE LOS ALTOS,"Spray Pinta T.
VIDEO de Venevisión
http://t.co/y2ZBiPc0kO
 http://t.co/daIhxKG2uJ
 http://t.co/GfLVY5eQJ6.
http://t.co/SHS7iaxaZ4",2228,1756,14,245,False,336513,False,False,False,225206811,1,bot
240629853,Ashish J. Thakkar,AshishJThakkar,#Africa,"Refugee, School dropout, Entrepreneur, Astronaut, Philanthropist & now Author - I am still work in progress - Founder Mara",311059,948,357,5670,True,6116,False,False,False,240629853,0,human
3405310937,rαвeeα rαмαdαɴ,rrabeea78,"القاهرة, مصر","22 years old, Faculty of Arts Sociology #Cairo_University, 3rd year AlAhly RealMadrid Graphic Designer

 https://t.co/GrutqmlrF6",600,1290,0,2545,False,13512,False,False,False,3405310937,1,bot
148759599,Pelacho,AndresPellacini,Guayaquil ,Hincha de River desde siempre. Director y productor Ejecutivo. Contenidos audiovisuales y Marketing,139991,81,159,133,False,18736,False,False,False,148759599,0,human
2430914192,wayne martin ★*¨`*•♫,AnalogueChurch,Queensland Australia XD,"Taking It To The Top...500000Watts of Pure Martin and Turbo,Cerwin Vega Soundwalls.,. (https://t.co/qX2dSptJHQ)",40341,39979,48,4682,False,18357,False,True,False,2430914192,0,human
2478183882,İnternet Haberleri,ihajans,Türkiye,Son Dakika İnternet Haberleri,15940,183,10,0,False,85433,False,False,False,2478183882,0,human
495433160,ㄊ,_dauzuki,,"Travel well, work less 🇲🇾",2752,660,12,325,False,126569,False,False,False,495433160,0,human
248226004,Ben Torres,BenTorresMusic,"Orlando, FL",Lover of everyone,928,885,19,9845,False,3324,False,False,False,248226004,0,human
464353156,Biα ♐️,Biia_Amaraal1,Artur Nogueira,👻 bia.amarall/ ♐️,912,439,0,1594,False,30501,False,False,False,464353156,0,human
85270883,AlsumariaTV-السومرية,alsumariatv,Baghdad - Iraq,"قناة السومرية منبر لصوت كل مواطن عراقي كما يقول شعارها  - نبث الحياة -  
تواصلوا معنا دائما @Alsumariatv وحملوا تطبيق السومرية http://t.co/iJJuCyEbzA",2855461,562,525,131,True,58850,False,False,False,85270883,1,bot
403357870,Nihat Doğan,NihatDoganVevo,,"Memleketin koyununa aşık Veliler içinde deli, deliler içinde Veli. Biz bir aynayız kim bize Nasıl bakarsa bizde kendisini öyle görür. G.S kongre üyesi",487293,718,752,36628,True,27572,False,False,False,403357870,0,human
624517612,Incredible!ndia,incredibleindia,,Find the incredible you #IncredibleIndia,2150423,84,936,3606,True,10368,False,False,False,624517612,0,human
120538744,AlexTheProducer,Alextheproducer,United States,"Bilingual Director, #freelance producer for #insideedition #designingspaces #insidetheblueprint #militarymakeover",102889,102909,1070,22810,False,35767,False,False,False,120538744,0,human
262968243,Diamond Lou ®,DiamondLou69,Some Top Tweets in Link Below,"One in ten people live next to a pedophile, not me, I just live next to two hot nine year olds.  https://t.co/1KPzxS9VOH",168036,130604,331,78533,False,77428,False,False,False,262968243,1,bot
884092539418152960,تابعني اتابعك,8S88S,المملكة العربية السعودية,,915,1015,0,92,False,6702,False,True,False,884092539418152960,0,human
471838819,鬼道有人@鬼いちゃん,kido_nr,雷門,鬼道有人の非公式なりきりだ。鬼いちゃんの愛称に因んで弟妹が多いぞ。詳しくは説明書を作成したのでそちらを読んでからフォローを頼む。ポケットから手を出すつもりはない。ヘッダーは卯つきから。感謝する,886,842,16,3033,False,78237,False,False,False,471838819,1,bot
287139302,🍀やよ🍀キチ🍀,warwaywao,スターライト学園(社畜),こじらせ老害新入り駆け出しアイマスおたく,814,1678,50,25432,False,194922,False,False,False,287139302,1,bot
233968474,ตึ่งๆโป๊ะ,amxhp,IG:amxhp,m,1032,479,17,17770,False,333379,False,False,False,233968474,0,human
194490327,ペンたろう,pentarodayo,ちのはて,幸福実現党：日本の未来を本気で考える★プロジェクト、若者代表ぺんたろうです。こうていペンギンです。『政治のしくみ 超・入門』でモデルとしても活躍してます。　この国を守り抜くなうbotさんもうごいてます。たまに中に人がいます。季節的に体毛がもふもふなう。,1087,1308,20,6,False,42011,False,False,False,194490327,1,bot
1548750122,Miley Cyrus Fans♥,piketebow,Kiss Kiss ♥ ,Love More Miley Cyrus,854,702,53,0,False,2766520,False,False,False,1548750122,1,bot
105305231,Luis Daniel,AlmeidaDice,,,1089,914,12,2236,False,9562,False,False,False,105305231,0,human
11436952,🇧🇷 Izzy Nobre,izzynobre,Canada (Nascido em Fortaleza),https://t.co/JOsROqCu9V | https://t.co/k1HagLeF0O | izzynobre arroba https://t.co/N8GNSmAmm4,131552,218,1468,2879,True,695557,False,False,False,11436952,1,bot
38427754,Gshow,gshow,,"""As histórias das histórias que a gente conta"".
Fique por dentro de todas as novidades do portal Gshow! Tem novelas, reality shows, programas e muito mais!",1617862,685,1632,6886,True,118398,False,False,False,38427754,1,bot
223831644,Keh Ke Peheno,coolfunnytshirt,coolandfunnytshirts@gmail.com,You came. You saw. You followed. You unfollowed. I never existed.,164954,639,1112,30823,False,260239,False,False,False,223831644,0,human
479914394,hemali,BieberTwizzlers,toronto,the little things mean the most,91090,5991,406,86059,False,85257,False,False,False,479914394,0,human
16981026,Le Journal du Geek,JournalDuGeek,Paris,"Le Journal du Geek est le magazine de référence sur la high-tech, entertainment, jeux video et la culture geek !",1034842,794,6315,3868,True,119915,False,False,False,16981026,1,bot
3989896755,LucyBradshawJeweller,LucyBradshaw555,"West Sussex, England",Unique handmade sterling silver jewellery with a twist of colour Winner of @theopaphitis #SBS @Jacqueline_Gold #WOW seen in #Vogue #Tatler #FemaleEntrepreneur,1718,1552,119,3122,False,6214,False,True,False,3989896755,1,bot
739293,Dr. Alec Couros,courosa,"University of Regina, Canada.","Professor of #edtech & #media, #education researcher, #consultant, #connected educator, keynote #speaker #open scholar, and father of 4 amazing children!",128848,69934,4385,27504,True,121084,False,False,False,739293,0,human
18091004,ESPN FC,ESPNFC,,"All things football. All the time. 

Watch ESPN FC exclusively on ESPN+.",1770678,518,10527,27,True,130289,False,False,False,18091004,1,bot
390557283,Cápsula Cinéfila,CapsulaCinefila,,Lo que está en cines 🎟 Los clásicos 📽 Frases 🎬 Lo que no sabías 🤔 Recomendaciones y trivias 👍🏽 ¡Amor por el Séptimo Arte! 🎥 Por @Culturizando,114714,238,927,869,False,35978,False,False,False,390557283,1,bot
112523709,Diario Olé,DiarioOle,Argentina,"Diario deportivo | Desde 1996, el primero y único del país | Compartimos la pasión",2579813,174,6496,619,False,153298,False,False,False,112523709,1,bot
19394186,Charlie Brooker,charltonbrooker,London,Underwhelmist.,1242294,531,11049,0,True,10518,False,False,False,19394186,0,human
70461418,Dede Watson,Dede_Watson,"Dallas, Tx",✭FORBES Top 50 Social Media Power Influencer ✭ Social Media Consultant and Creator of Instagram Growth Hacking and Hashtag Like a Pro.,119368,95324,4896,17815,False,127157,False,False,False,70461418,1,bot
2612809808,Fearless,Hendd9,,,135698,50656,133,1563,False,12577,False,False,False,2612809808,0,human
520250204,ويلز,9lllll,,كان الغياب مرًا يا أخي .,94539,84443,66,152,False,5023,False,False,False,520250204,0,human
480249240,バーレスク東京（公式）,burlesque_rpg,東京都港区六本木,バーレスク東京オフィシャルツイッターです。外部出演、常設劇場のお得な情報を発信していきます。バーレスク東京所属のタレントとの直接仕事依頼は禁止にしてます 仕事依頼はこちらかHPの問い合わせからお願いします。,46996,24235,138,9107,False,11860,False,False,False,480249240,0,human
97893963,Michael Vaughan,MichaelVaughan,"iPhone: 0.000000,0.000000",Manchester born sheffield lad ...,1075256,1251,4333,5344,True,35879,False,True,False,97893963,0,human
223272482,Strecci,AlexXxStrecci,,"Bajista de @LolaClubMx | ""Cocinando"" en @yonosoyunchef | CONTACTO: strecci@wearedw.com",2591014,903,1011,16567,True,20328,False,False,False,223272482,0,human
93365814,Follow @CrisCyborg on IG #CWB,criscyborg, criscyborgmma@gmail.com,"#cyborgnation “[...];pois a batalha é do Senhor, e ele entregará todos vocês em nossas mãos “(1Sm 17.45-47) * Yeshua Hamashia * @CrisCyborgGym",203747,2713,1379,16441,True,49427,False,False,False,93365814,0,human
43229821,Diário da Manhã,diariodamanha,"Goiânia, GO - Brasil",O jornal que o mundo vê e lê 👓 Siga também: 👉 Youtube: DMTV Goiânia 👉 Instagram: @diariodamanha 👉 Facebook: @diariodamanha 👉,193066,247,263,405,False,57587,False,False,False,43229821,0,human
3323335206,アカウント消します@こてツイみてね,BumpHima,BFLY日産を待つ人,〘栃木の高2女子演劇部〙〘リプ喜びます〙 大好き➡BUMP OF CHICKEN/RADWIMPS/［Alexandros］/QOOLAND /androp/米津玄師/MotherMAN/arrivalart/Mrs.GREENAPPLE/BLUE ENCOUNT/amazarashi/井上緑/弾き語りさん好き,592,824,15,2438,False,2132,False,False,False,3323335206,0,human
33602577,Dodgers Nation,DodgersNation,Dodgers Nation,Follow the biggest #Dodgers twitter account for fun play by play of games. More fun b:c we’re inclusive of all Dodger fan perspectives!,150414,446,1210,6096,False,188696,False,False,False,33602577,1,bot
2274848604,DMA,TennisMajesty,,Tennis Lover. Roger Federer - The one! The only!,1432,991,40,19799,False,59262,False,False,False,2274848604,1,bot
369597274,Ab. Hamid32,AbHamid32,,,107898,280,14,35,False,4950,False,True,False,369597274,0,human
815841475,Co,coquiiiiiiii,,Insta: coquiiiiiiii ❤ | Snap: coqidaneri2905 👻,1614,948,4,8935,False,69640,False,False,False,815841475,0,human
432779663,مشيقح المشيقح,msh22222,القصيم,‏‏‏‏‏‏‏‏‏مستشار بفرع الرئاسة العامة بالقصيم . خدمة الدين والوطن شرف لكل مواطن والدعاء لولاة الأمر واجب على الجميع .,261799,168,59,260,False,9345,False,False,False,432779663,0,human
466573221,One Direction Brasil,1DBR,Brazil,Fan account - Sua fonte de informações no Brasil sobre a banda One Direction. Your source of information in Brazil about the band One Direction.,102935,8843,122,1545,False,165766,False,False,False,466573221,1,bot
51124892,Mundo ESPN,ESPNagora,Brasil,ESPN – A Vida Precisa de Esporte. Envie sua mensagem para participar das transmissões dos canais ESPN,1534222,819,4505,2073,True,501479,False,False,False,51124892,1,bot
42741058,عبدالرحمن الشهري,iDhmi,رحم الله أبي,مهندس متخصص بالتقنية شغوف بريادة الأعمال | مؤسس @Experto وفريق #تويتسو @TweetsoTeam إلي استرجع أكثر من 50 ألف حساب | ceo@tweet.so✉️,101084,313,291,1565,True,52786,False,True,False,42741058,0,human
41421105,JosefinaVázquezMota,JosefinaVM,México,Senadora de la República. 🇲🇽,1126806,1474,4203,3586,True,8109,False,False,False,41421105,0,human
253162254,Chelsea Rumours,ChelseaRumours,"Chelsea, London",Chelsea rumours and transfer gossip.,130772,297,615,864,False,46575,False,False,False,253162254,1,bot
298139450,فهد العتيبي 🇸🇦,FhadOtaibi,any where with EPL,,2863017,379,1818,239,True,7707,False,True,False,298139450,0,human
12513472,Cracked.com,cracked,Cracked.com,America's only humor website,868934,815,10048,2802,True,90558,False,False,False,12513472,1,bot
14706902,Chalene Johnson,ChaleneJohnson,"California, USA",Get your life in order. https://t.co/OWwOmG73Qo ||NY Times Best Selling Author|| Podcasters||Speaker||Celebrity Trainer || Biz Expert,103800,8841,2717,27527,False,60729,False,False,False,14706902,1,bot
222165923,CEMÖZ,cem_oz,,,905,387,0,103,False,5508,False,True,False,222165923,0,human
2716046101,🍑 Big Booty Italy🍒,BigBootyItaly,Italy,"+18. I'M A GUY. bigbootyitaly@libero.it
#BigBootyItaly  #BBI  #AssLovers  #BoobsLovers  #ILikeBigButtsAndICanNotLie",278220,139,1019,56,False,167035,False,False,False,2716046101,1,bot
130242231,Deyna Castellanos,deynac18,De Venezuela para el Mundo,Venezolana pateando un balón por el mundo | Current student-athlete @fsusoccer | Future sport journalist | IG: https://t.co/CfRvvz8t84,188711,384,502,1297,True,9539,False,False,False,130242231,0,human
1524730152,ポッド04っしー@新作完結／世界は無意味だと思うか,4Toaru,大洗女子学園,"よっしーです。　
アイコンはコサカが描いてくれた災葉愚憐と瑠奈＝ローリエ、ヘッダーはとあきせが描いてくれたメルトリリス。  AMIC　 一次創作：神ナリシ模倣者ト神門審判↓",887,1006,32,23466,False,74095,False,True,False,1524730152,1,bot
2922179132,louis rodriguez,2freshlouis_,,@marism_cruz 💗🤤,908,733,2,8690,False,12071,False,True,False,2922179132,0,human
2290164373,Bobby Bones Show,bobbybonesshow,Nashville,@mrbobbybones @radioamy @radiolunchbox @producereddie @bobbybonesray @radiogirlmorgan @mikedeestro @webgirlmorgan @hillaryborden,185884,43,251,100651,True,46755,False,False,False,2290164373,0,human
2250901513,Andrea Passarella,arch_passarella,VERONA_ ITALIA,"Architetto. Mi occupo di urbanistica, architettura e design d'interni....amo l'architettura di Frank Lloyd Wright (1867-1959). Consulente energie green.",1602,2252,110,12979,False,24954,False,False,False,2250901513,0,human
1332109614,أنس الهبدان,2se,الرياض,,978286,118,572,9,True,2382,False,True,False,1332109614,0,human
1701373465,‏هَہMـسٌ ٱلحنَيينْ,5llw05,كن من المستغفرين و المسبحين,"‏‏حسنه عن كل مسلم 💛 : 
‏أستغفرالله وأتوب إليه لي ولوالدي وللمسلميـن والمسلمات والمؤمنين والمؤمنات الأحيـاء منهم والأمـوات من خلق آدم حتى يبعثون .",133300,154746,108,7480,False,164188,False,True,False,1701373465,1,bot
2685951655,5REDVELVET,5REDVELVET,Worldwide,"International Fanbase for RED VELVET since July 28, 2014 || RED VELVET Support Account: @SupportRV || RED VELVET Official Twitter Account: @RVsmtown",271660,192,3107,212,False,24130,False,False,False,2685951655,0,human
234521957,Scott Van Pelt,notthefakeSVP,Midnight Eastern ,"Actor, world renowned connoisseur and professional gentleman of leisure - Mr. Whitefolks. AKA The trendsetter of Muskegon",1942943,508,7870,1667,True,49912,False,False,False,234521957,0,human
288773752,AmsterdamBaan,AmsterdamBaan,Amsterdam,"Voor een baan in de regio AmsterdamAangesloten op HetVacatureLoket.nl, Een groot netwerk van 40 niche vacaturebanken. Meer info 033-2475510",933,67,58,1,False,63985,False,False,False,288773752,1,bot
2401374210,Azhar Ali,AzharAli_,,Professional Cricketer for Pakistan cricket team🇵🇰 instagram - Azharali79_ enquiries darren.long@vitaesports.co.uk,1374299,130,265,2286,True,945,False,False,False,2401374210,0,human
20546522,DTaleDJcity,djdtale,"ÜT: 52.530779,13.36748",Berlin (GER) | @DJcityDE Rep | #DJ | #Remixer | #Entrepreneur https://t.co/GZlVh08Fzf https://t.co/l1odMyRmdR,36154,2290,105,5271,False,17,False,False,False,20546522,0,human
2832528206,OTTAVA,OTTAVAsongs,,,1625,1,63,1203,False,68181,False,True,True,2832528206,1,bot
403627397,old account,A_uggz,"Orlando, FL",follow my new account 16apratt,965,1376,2,10814,False,30386,False,False,False,403627397,0,human
15308443,Emmerdale,emmerdale,ITV Weekday evenings,Small village. Big Drama.,1253454,13638,695,6906,True,29711,False,False,False,15308443,0,human
150124379,Ina Feleo,ina_feleo,,Follow me on instagram! @ina_feleo ❤,89678,328,140,4841,False,18909,False,False,False,150124379,0,human
154633280,Stuart,DiegoAyala12,,Hip hop artist🎤 México 🇲🇽 Toma decisiones y no mires atrás🐼🏄🏼🎩,79795,34979,280,1827,False,8493,False,False,False,154633280,0,human
27260086,Justin Bieber,justinbieber,,Let's make the world better.,105043889,299712,606500,3371,True,30505,False,False,False,27260086,0,human
205561923,300lbs of Swag 💞,300REZ,Derb,1/2 of @300LBSOFGUWOP Crystalg@80proofinc.com,76380,261,317,14850,False,86969,False,False,False,205561923,0,human
92985467,１６４,164203,203号室,ギタリスト｜作詞・作曲・編曲｜VOCALOID ｜ niconico→https://t.co/pRQ02rqBzz｜ YouTube→https://t.co/u8ZE9Cnf2w｜ LINE→https://t.co/WFaybY4Ejl｜Mail→164203.com@gmail.com,114508,49820,2010,7524,True,7006,False,False,False,92985467,1,bot
192685104,Luli Fernández,lulifernandezok,www.multitalentagency.com,Modelo y Conductora Argentina. Casada con Cristian Cuneo Libarona❤️Instagram:@lulifernandezok,1091339,168,1017,7453,True,23566,False,False,False,192685104,0,human
2819694403,三浦 夢我🐾69✰ะ@nana民,Hel_loS2,鉄拳衆 ,ダーリン→ @59ty_ サブ垢4つ→ @36126 @87_t @87885 @D9O 大切な零💖→ @0rei_ 敬愛 瑠璃さん→ @ruli__242 りりたん→ @neko_Li2 たまにCASします→https://t.co/lnubHY8Do0 #団地妻倶楽部 #三浦group,106451,404,369,577666,False,119502,False,True,False,2819694403,1,bot
51623469,Andrea Trejo,Andrea_Trejo1,insta /Andy-sagitario1000,"Mamá de Javy -#Donante-Masón- Metafísica  #Animalista,  #CarpeDiem 
Asistente Social . 
 No DMS
🚫",120610,124728,249,347,False,32638,False,False,False,51623469,0,human
155659213,Cristiano Ronaldo,Cristiano,"Turim, Piemonte",This Privacy Policy addresses the collection and use of personal information - https://t.co/Jp6yh1T58c,76242949,103,88901,0,True,3344,False,False,False,155659213,0,human
26289923,Amigos Invisibles,AmgsInvisibles,"Miami, FL",#ElParadise disponible en todas las plataformas digitales; #link: https://t.co/Pn1pM8QT8A,1028184,532,3033,28465,True,27885,False,False,False,26289923,0,human
19077044,Houston Rockets,HoustonRockets,"Houston, Texas",The official Twitter account of the Houston Rockets.,2752275,1156,7403,2104,True,44654,False,False,False,19077044,0,human
401775393,Assaad Razzouk,AssaadRazzouk,Singapore,CEO: @Sindicatum and commentator on #Climate and #CleanEnergy from the front lines,134375,18589,1101,28394,True,11792,False,True,False,401775393,0,human
222789645,Ahmet Memiş,ahmemis, ahmetmemis@haberdar.com,Haberdar'da Haber Koordinatörü,77256,117,307,0,True,41458,False,False,False,222789645,0,human
2445321452,all of letters,allofletters,,lettering & calligraphy,1336,47,43,0,False,836183,False,False,False,2445321452,1,bot
14149932,Capital Inicial,capitalinicial,Brasil,Banda de rock brasileira formada em Brasília. Ouça agora o nosso novo disco SONORA: https://t.co/DAfI7B0iwU,1214269,7199,2555,23056,True,16905,False,False,False,14149932,0,human
322951176,12 Numara,12numaraorg,İstanbul,Fenerbahçe Resmi Taraftar Sitesi & 12 Numara Official Twitter Account #1907 #Fenerbahce #12numara #FenerinMaçıVar,1660316,134,1342,3083,False,165610,False,False,False,322951176,1,bot
106098830,Al Fabbiano,afabbiano,Chicago & National Mortgages,Al's commitment & integrity has earned a following of past clients & referral partners....Home Mortgages since 1999.....A Servant of God....847-338-3554,96109,90961,792,7,False,132638,False,True,False,106098830,1,bot
550336226,El Guarromántico,Guarromantico_,elguarromantico@gmail.com,500 Days of Guarro #Guarriors Sígueme en: FB: https://t.co/flRWuIGvRG ⚡️⚡️ IG: https://t.co/dwt4J6eNl2 ⚡️⚡️ 📧 elguarromantico@gmail.com,986523,1998,1451,103608,False,36695,False,False,False,550336226,0,human
2438954290,amanda,amandajune25,"Louisiana, USA",in love w luke & caroline bryan & country music Philippians 4:4-6,1541,1045,9,38144,False,29476,False,True,False,2438954290,0,human
705187969,Feeds4U,Feeds4U,International ,"....updates and articles on topics that interest me, and may interest you too.",1094,36,653,2,False,621890,False,True,False,705187969,1,bot
451623060,Benny,Beno_ldn,Costa Del Croydon,Social Media Personality & Influencer | Host | The Original Goat On Twitter | Instagram - BenoLdn | Enquirers/Bookings - InfoBenoLdn@gmail.com,115838,98041,608,102747,True,84835,False,False,False,451623060,0,human
2828122811,11.08.18 👼🕊💙,_amourrdiamond,w| Your Nigga ,Long Live Jarvis ❤️😇🕊 09.08.17 💙😇🕊 11.08.18 👵👼🕊,1644,955,7,877,False,43589,False,True,False,2828122811,0,human
378233374,Ana Lidia ❥,anna_pinot,,SC | 21 • Sintonize sua vibração 🌻💛,930,1053,3,1232,False,44322,False,False,False,378233374,0,human
1245496057,Akshay Kumar Mangla,kumarmangla,"Faridabad, Haryana, India","Digital Marketing Executive, @TechsWindow",1056,288,2917,360,False,854542,False,False,False,1245496057,1,bot
16203586,Doug Ulman,dougulman,"ÜT: 30.25975,-97.774105","Cancer survivor, husband/father, CEO @Pelotonia, optimist, fearful flyer, fmr CEO @LIVESTRONG, Advising @OSUCCC_James, Founder @UlmanFoundation, Board @joinroot",928680,38461,3673,50700,True,25716,False,False,False,16203586,0,human
75711719,↬ℙᶤᶰᵍ❀ ↬🍁,applea32,,@bornfreeonekiss ❤️// @special1004 💙 // @Jun2daKAY 🖤 // @TaoPhiangphor ❤️@KachaNontanun 💚 // SongJoongki // @Tom_Isara also ROOM39 //YuzuruHanyu❄️//na Jaemin,1148,496,10,12405,False,111225,False,False,False,75711719,0,human
115202789,Aryane (Melly),Aryane_melissa,Mariana -Mg,"Estudante de letras 24 anos, geminiana, louca das séries, apaixonada por sorrisos e olhares... Perigo eu rio na cara do perigo RÁ 🍀❤",786,207,3,372,False,12874,False,False,False,115202789,0,human
3686512757,ANA LA MALA,anaabaaaby,DFW,Isla del Encanto,2164,87,13,17625,False,16929,False,True,False,3686512757,0,human
15317676,Dazed,Dazed,London,Where pop culture meets the underground.,1282794,10494,10681,2042,True,66642,False,False,False,15317676,1,bot
177941755,Cocineros Argentinos,cocinerosarg,Argentina,"#CocinerosArgentinos te brinda opciones para que cocines rico, nutritivo y económico. Lunes a viernes 14 hs y domingos 14:30 hs, en vivo, por la @TV_Publica",296547,203,450,12160,True,40198,False,False,False,177941755,0,human
212302245,Pankaj Bhadouria,BhadouriaPankaj,Earth,"Official Twitter Account of #MasterChef Pankaj Bhadouria,  Practice, Preach & Follow one Religion: #FOOD! #MasterChefIndia",153178,89,102,4405,True,8613,False,False,False,212302245,0,human
36850898,Katheryn Winnick,KatherynWinnick,ZZ,https://t.co/RGotZcbu4I,488462,206,1342,1137,True,7187,False,False,False,36850898,0,human
3021896853,Brendinha☀️,Brenda_P25,"Lins de Vasconcelos, Rio de Ja","Vou lembrar de você até meu último suspiro! Eu te amo Irmão #Jonathan😭💔😇 



                              Kevin👑",2108,1517,1,3402,False,41691,False,False,False,3021896853,0,human
953231816810315777,ray,adoringlikeari,,,119,359,0,284,False,2716,False,True,False,953231816810315777,0,human
705846704,Arsène's Son 🎈,hughwizzy,hughwizzy@gmail.com,Wk incl: @youtube @kick @mls @adidas @arsenal @squawka @easportsfifa @skysports @talksport #WembleyCup @AveryDennison,132806,492,875,2244,True,44894,False,False,False,705846704,1,bot
105719173,ค่อนคลุง,iconnnz,ติดต่องาน DM,พัดฝันว่าฝักฝึกฟิตฟาดฟันฟ้าแล้วผัดฟักแฟงให้ควันฟุ้ง ฟลุคดูฝนเป็นฝอยตกใส่ฝักที่ฝึกฟิตฟาดฟันฟ้าจนผัดฟักแฟงควันฟรุ้งฟิ้วโดนฟันฟลุคด่าฝักฟัค,546173,341,154,11870,False,203994,False,False,False,105719173,1,bot
39306847,Jean-Thomas Jobin,JeanThomasJobin,Montreal,"Je fais des boutades ça et là. Pis si vous vous abonnez à ma chaine Youtube ci-dessous, je vous en serai éternellement reconnaissant au moins une demi-heure!",145621,1700,762,10991,True,22008,False,True,False,39306847,1,bot
169696352,عبدالمجيد اليحيى,abdalmaged,"الرياض, المملكة العربية السعودية",أحبك أكبر من مدى الكلمه..!! 0546688515 #اعجاباتي #شعري #خواطري Eتربوي,164129,148010,391,935,False,747069,False,False,False,169696352,1,bot
16193578,Victoria's Secret,VictoriasSecret,,Confidence is sexy. #WearItDaily,11228810,1241,10373,2504,True,158744,False,False,False,16193578,1,bot
1062384240376057856,S U I C I D A,ASuicideBoy,Activa mis notificaciones 🔔,Escribo porque no sé gritar de otra forma.,276,12,0,22,False,611,False,False,False,1062384240376057856,0,human
3210208413,karol.,AlwaysPaisana,Bucaramanga,quisiera ver series por el resto de mi existencia / dfapv.,1556,290,12,17507,False,106791,False,False,False,3210208413,1,bot
381107116,بدر الروقي  ★,Bader_j1,|•  اٍّلّخاٍّصُّ مُّهمُّلَّ •|,اناّ هّنالاّ اّدعّيّ اّلكمالّ وّكلّ مّااّكتبهّ اّواّقتبسهّ أوجّههّ لّنفسّيّ قّبّلّ أنّ اّغرّدبهّ شّاّعرّ وّاّحياّناّاطّرحّ لّكمّ مّ اّكّتبهّ,111341,93201,85,2116,False,35859,False,True,False,381107116,0,human
119573510,Primer Impacto,PrimerImpacto,,Las noticias e imágenes más impactantes del momento las presentamos de lunes a viernes 5/4c @Univision,1069597,1024,2864,725,True,145895,False,False,False,119573510,1,bot
457590482,俺九番,orekyuu,,絵を書いたりエンジニアしたりします github:https://t.co/iW363wfROy,1475,821,102,46081,False,76053,False,False,False,457590482,1,bot
362909565,Seminario Ⓤ,_MerengUeSoy,"Lima, Per Ⓤ",Comunicador Social especializado en RRPP y Publicidad - 1924Ⓤ,1714,648,9,26749,False,95756,False,True,False,362909565,1,bot
14569869,Channel 4 News,Channel4News,United Kingdom,"Stories that reveal and inspire, challenging expectations.

Subscribe to us on YouTube for documentaries, long interview and explainers
https://t.co/elRqd9f2mG",2126971,4561,9724,467,True,93209,False,False,False,14569869,1,bot
4532891,MUCH,Much,Canada,Canadian home of #Corporate & #DrunkHistory Tuesdays / #BroadCity returns Thursday / Stream “@MikeOnMuch in Conversation With...” now: https://t.co/UDsZPWFGcN,979562,7999,3264,11201,True,61721,False,False,False,4532891,0,human
975139939,ちゃんもも◎a.k.a.大桃子サンライズ🌞,chanmomochan10,アセンションプリーズ💁💫,宇宙アイドル🕊🌌 @bandjanaimon @Lola_wed @mmf_2019 @BLUEGUMCLUB,128940,2156,2661,78007,True,36407,False,False,False,975139939,0,human
160131637,Jess,jessyannlouise,"Melbourne, Victoria",20. Living my best life.,80840,21761,225,788,False,86854,False,False,False,160131637,0,human
2883841,E! News,enews,"Hollywood, CA",Entertainment news from https://t.co/G81dlZzugA—watch weeknights at 7p for the latest!,11523961,118148,35778,30093,True,228805,False,False,False,2883841,1,bot
313981047,Ruby Hill Denver,RubyHillDenver,"Ruby Hill, Denver, CO","@GibsonChrisR tweeting about all that's good in the Platte River South area: from & about the Ruby Hill Neighborhood in #Denver, Colorado.",1027,1331,41,54,False,3402,False,False,False,313981047,1,bot
261066475,Alexandra Pounders,alexxx_POUNDers," Memphis, TN","Journalist. U of M Alumn 👩‍🎓 ✨ Crohn’s Warrior. OH. And, 🐻⬇️🧡",1686,602,14,6245,False,34360,False,False,False,261066475,0,human
913792196779708416,.,HAPPYKIDNARRY,,I'm nice,3,0,1,0,False,1,False,True,False,913792196779708416,0,human
2319314323,Fútbol Internacional,14Mundial,,Toda la información del fútbol internacional ¡Síguenos! Contacto: tuitfutbol@gmail.com,103989,37953,233,42,False,167496,False,False,False,2319314323,1,bot
227942485,Above.Millions®,ABOVEMILLIONS_,Where Dreams Come True.,The World Is A Place For Dreams.®️,133024,139796,226,1963,False,69278,False,False,False,227942485,0,human
17866745,Jo Elvin,jo_elvin,,"Editor of You Mag. Ex-Editor of Glamour. Writer, broadcaster. Co-host of podcast, Is It Just Me? on Acast and iTunes. Instagram @jo_elvin",101872,1281,861,9462,True,27664,False,False,False,17866745,0,human
3016924923,ちか,hunterhuzuki,舐めたい触りたい野村アール,"彼氏 ❥ 野村あーる      LJK                                                  ピタの腐向けはアルアト以外ほぼ興味無し               
呼びタメ大歓迎です


※定期反応しないで下さい",482,450,43,32510,False,43951,False,True,False,3016924923,1,bot
54280694,Marcos & Belutti,MarcoseBelutti,São Paulo - SP,Perfil oficial da dupla Marcos e Belutti! Música nova: https://t.co/LYklW94fPd,1324578,289,516,30838,True,19058,False,False,False,54280694,1,bot
17833574,Hal Sparks,HalSparks,Turn off Notifications! Boom!,"Facebook- https://t.co/itRxCBzaq2 …
Youtube: https://t.co/sPpfbC20Yx 
Twitter, instagram - @halsparks
Snapchat: Halsparks 
Spread the word :)",99103,2438,3189,26976,True,64217,False,False,False,17833574,0,human
245823708,Banco24Horas,banco24horas,,Bem-vindo ao nosso perfil oficial. Somos o caixa eletrônico do seu Banco e agora você não paga nada a mais para usar.,167588,56,42,688,False,7498,False,False,False,245823708,1,bot
1769551,NYT Health,NYTHealth,"New York, NY",Health news from the Science desk of The New York Times,1167189,124,13682,1159,False,48062,False,False,False,1769551,1,bot
1652526218,Anil Kapoor,AnilKapoor,"Mumbai, India","Actor, Producer, Husband & a Father ...https://t.co/1SMv0xBgDd",4344989,31,1000,1514,True,6552,False,False,False,1652526218,0,human
123309278,Burt's Bees,BurtsBees,"Durham, NC","Natural tweets inspired by bees. We believe in the wisdom, power and beauty of Nature.",104598,3576,1034,2383,True,115062,False,False,False,123309278,1,bot
419328316,السعودية للكهرباء,ALKAHRABA,Saudi Arabia,أكبر شركة لإنتاج الطاقة الكهربائية في الشرق الأوسط وشمال أفريقيا. الكهرباء للعناية بالمشتركين | @AlkahrabaCare,439388,7,571,416,True,11801,False,False,False,419328316,0,human
172542995,Santino Marella,milanmiracle,Instagram @themilanmiracle,"Former WWE Star Anthony Carelli is a proud Canadian w Italian & Metis roots, born & raised in Mississauga Ontario #MrSauga works @SportsNet, & I do JUDO",1101406,770,3854,3451,True,3348,False,False,False,172542995,0,human
191695567,Chip Casto,ChipRunsForFun,Ripley...West Lib...Morgantown,"not affiliated with the financial advisor, Caleb Casto",1368,987,15,10095,False,26327,False,False,False,191695567,0,human
242943844,"LLP,Kentrell&Mike",CoolAss_AshCash,DaBank ,S/O to God im triple blessed,953,957,0,4215,False,80027,False,False,False,242943844,0,human
14521427,Dana Brunetti,DanaBrunetti,☼ Los Angeles ,"Life moves pretty fast. If you don't stop and look around once in a while, you could miss it. - Ferris Bueller https://t.co/v1MTKlkPf8",61312,684,914,7867,True,34819,False,False,False,14521427,0,human
18938807,DIY,diymagazine,UK,"Set Music Free.
https://t.co/a2l2eNeiD1 / https://t.co/vYGGBm04YJ / https://t.co/P68wV5b0No",149501,2609,1623,3841,True,99099,False,False,False,18938807,0,human
80094297,Deion Sanders,DeionSanders,FISHING,Let's make a difference in someone's life today. #Truth #Standtghtr #Prime5 #InmyPrime @welloffforever #CoachPrime,1045545,1703,6637,653,True,61757,False,False,False,80094297,0,human
59055175,Directory of Lampung,bandarlampung,Jl.Pulau Damar No.10 Sukarame,"• The Biggest Online Directory Of Lampung • Kerjasama, Media Partner, Iklan & Pertanyaan ☎ 0818279297 • ✉ mail.bdlcorp@gmail.com • Part of @BDLcorp •",120380,1936,183,1346,False,96875,False,False,False,59055175,1,bot
551538594,CRAVE,craveedee,"Lafayette, LA",IG: craveeedee,927,555,5,805,False,25072,False,True,False,551538594,0,human
31285982,Google Earth,googleearth,,"Google Earth, #EarthEngine, and Earth Outreach. The whole world in your browser. #EarthEveryday",1008808,206,5724,2440,True,2939,False,False,False,31285982,0,human
378325163,Apryl Jones,APRYLSJONES,LA,Bookapryljones@gmail.com SC:Aprylsjones @aprylwines on instagram @aprylsjones on instagram,183922,74,203,33,True,14945,False,False,False,378325163,0,human
3246552765,Calvin 🍻,braianlopez2000,Bahia Blanca. Barrio Noroeste,"Dejame que me quede en este dia 
suspendido en el aire de tu aroma 
Que la vida me huele a hoja seca.//
Alfonso Alejandro Guittlein//
(Q.E.P.D)Siempre Presente.",1164,737,0,2541,False,14213,False,False,False,3246552765,0,human
47302521,Diario HOY,hoyextremadura,Extremadura,Diario HOY de Extremadura. Toda la actualidad. Sigue a nuestros periodistas http://t.co/2dE04XWtQA…,127736,163,866,63,True,164305,False,False,False,47302521,1,bot
2901953015,‏رحمةُ اللهِ واسعةْ,14ca3911ca384a1,,‏‏‏‏‏‏‏نتعاطي الخيالٰ # عندمأااااااْ ٰ .. يؤووولمنا الووواقعْ ..♡,919,862,1,297,False,20861,False,True,False,2901953015,1,bot
620999064,はまなす,bunkyokucom,魚雷バスケ,"Railsim/Simutrans/模型/撮影/相模原産札幌育ち/ミリ(雪歩、恵美、琴葉、美奈子)/デレ(楓さん、美嘉、留美さん)/シャニ(恋鐘、咲耶、樹里、千雪さん)
#酒クズ戦隊アルコールファイブ
ブルー担当
TC期間中は恵美アピール中",1112,839,68,111179,False,596720,False,False,False,620999064,1,bot
14276189,Herb Greenberg,herbgreenberg,"San Diego, CA","Pacific Square Research, CNBC contributor, hype-buster, as right and wrong as the next guy, creator/proprietor of the ORIGINAL Hostile React-o-Meter.",388096,803,1973,6766,True,30681,False,False,False,14276189,1,bot
28019068,Big Scott,bigscottcamden,East Coast,"Big Scott Entertainment has been instrumental in the hottest corporate, sports and entertainment events for over 30 years. Founded by Scott “Big Scott” Shepherd",1092,1519,6,339,False,2439,False,False,False,28019068,0,human
146710910,Belen Francese,belufrancese,actriz,"Actriz ! CREATIVA 👨‍🎨 MULTIFACETICA,Alma de POETA  y Pensadora Cotidiana.Sensible,Popular y Nacional. GRACIAS A TODOS LOS QUIERO❤️Mi App https://t.co/usHDdpu9k3",965192,706,1662,3615,True,33973,False,False,False,146710910,0,human
488512845,Bay Hazar,bayhazar,Malatya Ankara İstanbul,"Bay Hazar Yönetim Kurulu Başkanı. Malatyalı, İş Adamı.",252228,211,56,60983,False,15206,False,False,False,488512845,0,human
701250750,Herkese Nasip Olmaz,Besiktaslilik,"İstanbul, Türkiye","Siyahın Zindan Olsun Beyaz Aydınlık, Herkese Nasip Olmaz Beşiktaşlılık!",74585,137,72,53,False,22208,False,False,False,701250750,0,human
147966474,Dina Pugliese,DinaPugliese,"Toronto, Canada","Co-Host, Breakfast Television (@BTtoronto). Follow BT: @BTtoronto Instagram: dina.pugliese",147767,1039,869,64007,True,196756,False,False,False,147966474,0,human
501918282,Heartless💔,DaReal_DT,2 high 2 kno,I’m still heartless 💔luckily you gotta be loyal to fuck wit me💯💯,1130,839,6,1871,False,38540,False,True,False,501918282,0,human
542270778,K.,_BlackMigooo,,YsL Shorty,673,0,0,4172,False,10295,False,False,False,542270778,0,human
33512799,104.2 Nile FM,NileFM,"Cairo, Egypt","Egypt's #1 Hit Music Station! Bringing you the world's biggest artists and songs, the hottest DJs, and all the entertainment news since 2003!",2838319,1042,389,1374,True,65496,False,False,False,33512799,1,bot
18512945,Anthony DiMoro,AnthonyDiMoro,"Miami, FL",CEO @EliteRankMedia | CEO @DiMoroMedia | SEO Expert | Writer |Podcaster | Formerly Forbes & Huff Post | Views are my own,79293,441,685,671,True,34047,False,False,False,18512945,0,human
616400256,HeyKroni,HeyKroni,,https://t.co/1BuKRAjXG8,114833,378,62,1976,True,38089,False,False,False,616400256,0,human
102069605,2NE1 TV,2NE1tv,Seoul,We tweet about 2NE1's video and photo. It’s 2NE1 TV.,89051,743,307,154,False,47479,False,False,False,102069605,1,bot
313481830,María M. y Vladimir,divangessen,EEUU,"Este y @undiosuniversal son los únicos sitios en Twitter de María Mercedes y Vladimir Gessen, psicólogos reconocidos por publicaciones de salud y psicología.",53511,9434,292,33944,False,192455,False,False,False,313481830,1,bot
1661404440,きーくん@フライ返し,0578K,地球上のどこか,,865,958,45,41302,False,156013,False,False,False,1661404440,1,bot
2741137937,B,Brijadexo_,,19,1066,943,6,62364,False,38178,False,False,False,2741137937,0,human
21866534,The Climate Group,ClimateGroup,International,We're accelerating climate action to combat global warming and achieve a clean economy #RE100 #EP100 #EV100 #Under2Coalition #ZEVChallenge #ClimateWeekNYC,135316,3198,3948,4296,True,50707,False,False,False,21866534,1,bot
235138018,Banco Galicia,BancoGalicia,"Buenos Aires, Argentina",Perfil oficial de Banco Galicia. Seguinos para conocer todas nuestras novedades y beneficios. http://t.co/HebqpSvpdp,111647,10152,296,7631,True,22758,False,False,False,235138018,1,bot
228186337,Still Winning,CemberWinning,"Atlanta, GA",Boss Lady named after a Month I wasn't Born in ☃ 🤘🏼📍Master Cosmetologist |Female Waver 🌊 | The Life of the Party 😜,1256,1059,12,2935,False,45302,False,False,False,228186337,0,human
34946543,Priceless Trouble,temptingtrouble,Rodney's heart. ,I'm his baby. since when. all then.,946,1955,11,722,False,457343,False,False,False,34946543,1,bot
965314974548709376,𝒉𝒂𝒓𝒖𝒕𝒐 𝒈𝒐 𝒕𝒐 𝒅𝒆𝒃𝒖𝒕,chimbaee,aRMy ; STAY and stan TXT,step out! we are stray kids.,232,1754,1,21082,False,51461,False,True,False,965314974548709376,1,bot
2385700009,Todo Ingeniería,todo_ingenieria,,,2150,446,117,114,False,109493,False,True,False,2385700009,1,bot
96198639,Diana,About_Di,I❤️Sampa,"Sou a favor da VIDA, da Educação, da Ética. Amo incondicionalmente os Animais.Tenho sérias restrições aos seres humanos cruéis,desonestos e espertos",17218,616,101,15317,False,205751,False,False,False,96198639,1,bot
19468466,aimee❄️,AimeeStern,NYC,Last seen in Jessica Phillips’ stage door Instagram story highlight,1859,633,37,10738,False,89500,False,False,False,19468466,0,human
2425816217,Bertolati,Chupamelaconc,"Buenos Aires, Argentina",NINFOMANA,1004,824,1,3270,False,17799,False,False,False,2425816217,0,human
598813483,#AllTheLove 🎗,1DAngels0nEarth,,"1D & Zayn!
12/1/15 saw 1D at Jingleball
Gemma liked a tweet on 3/8/2017",929,1618,12,38644,False,35439,False,False,False,598813483,0,human
185218294,ありん,A___sakush07,ෆ̈ リア恋爆モテキャッチャー ෆ̈,,1070,341,18,8120,False,170841,False,True,False,185218294,1,bot
257479711,Corpoelec Aragua,CorpoelecPrensa,,"Cuenta Oficial Corpoelec Aragua. Noticias del sector eléctrico, trabajando en la mejora del servicio",182651,309,345,2616,False,104918,False,False,False,257479711,1,bot
217749896,Marine Le Pen,MLP_officiel,France,Présidente du @RNational_off | Député,2167105,3938,5236,436,True,18576,False,False,False,217749896,0,human
2401624056,BuzzFeed Quiz,BuzzFeedQuiz,,Which BuzzFeed Quiz Twitter Account Are You?,100508,3,281,28,True,29403,False,False,False,2401624056,1,bot
413403853,ThePandaMcLovin,CortlandChien,"Montclair, VA","DM(V) MT '20 Montclair, Va. - San Diego, Ca. BMW's Relocation Intelligence Specialist",856,569,6,7674,False,30818,False,False,False,413403853,0,human
1618254163,B,HoranHeart_x,england,niall’s crotch grab is better than words,79363,23750,136,189,False,26044,False,True,False,1618254163,1,bot
63070483,Berita Harian,bharianmy,Malaysia,Merentas generasi. Ikuti kami juga di https://t.co/4L42T7AdB1,1217720,292,1824,183,False,357974,False,False,False,63070483,1,bot
22503279,Dream Team,dreamteamfc,Follow us on Instagram - https://www.instagram.com/dreamteamfc/,⚽️ The official Dream Team FC Twitter page - Our brand new 18/19 @PremierLeague game has arrived. PLAY NOW ⏩ https://t.co/ZlU8tLYhCM,124284,922,505,6464,True,44856,False,False,False,22503279,0,human
341375420,News In SG,NewsInSG,Singapore,Comprehensive & Consolidated News on Singapore. Follow us for the latest news and happenings in Singapore!,1182,8,46,0,False,59904,False,True,False,341375420,1,bot
294573801,Baianinha,iaeFer,"Salvador, Bahia",Rihanna ❤,137836,20003,374,73690,False,50157,False,False,False,294573801,0,human
3108351,The Wall Street Journal,WSJ,"New York, NY",Breaking news and features from the WSJ.,16334620,1124,111578,1242,True,265680,False,False,False,3108351,1,bot
2173033080,Anggun History,AnggunHistory,"Los Angeles, CA",We flashback your memory of @Anggun_Cipta's journey!,25198,19,10,2149,False,3017,False,False,False,2173033080,0,human
226061405,BollywoodLife,bollywood_life,Global,The official Twitter account for https://t.co/tkDi6SCrj5,608303,581,359,331,True,93562,False,False,False,226061405,1,bot
1117002967,Efuru,JheeneAiko,Jhené of Los Angeles,TRIP '17 🎒📖🗺... 1/2 of TWENTY88 || Parody of the beautiful @JheneAiko,18770,1,198,16348,False,208,False,True,False,1117002967,0,human
31641658,Kristin Chenoweth,KChenoweth,Los Angeles/New York,"We sing because we can't speak anymore. #LifeHacks, cooking & more: https://t.co/oZXnFeYrwS",1195739,2418,12348,20400,True,39984,False,False,False,31641658,0,human
128329717,Daniel,creamosdgm,cali,,921,1169,0,4866,False,20153,False,True,False,128329717,0,human
18750157,Kaskade,kaskade,West Coast,Let the Music Speak,1161250,767,5418,1734,True,35273,False,False,False,18750157,1,bot
30973,Starbucks Coffee,Starbucks,"Seattle, WA","Inspiring and nurturing the human spirit—one person, one cup, one neighborhood at a time.",11426282,96424,28442,17340,True,166790,False,False,False,30973,1,bot
67647998,Jefe,capostatus85,,"No, I'm not @Fivefifths or @DeitrickHaddon",1249,460,65,5080,False,212256,False,False,False,67647998,0,human
344726222,BID Idear Soluciones,BID_Idear,"Washington, DC",Desde @el_BID destacamos cómo la economía creativa y la innovación mejoran vidas en #AmLat y el Caribe. #DemandSolutions https://t.co/rl58d3h3Q2,99681,963,983,5288,False,22255,False,False,False,344726222,0,human
784761385,黄青bot,bot_kiao,,黒バス非公式黄青bot。腐向け。万年試運転。設定混在。基本的にお付き合いしてますがケースバイケース。心の広い方向け。黄青前提に他の黒バス勢と会話することもあります。稀に手動。説明書の既読未読はご随意に。お別れはブロックで。アイコン→Am様  動かしてる奴→@ichi_n3 結婚しました？→@married_kiao,867,1073,27,0,False,110736,False,True,False,784761385,1,bot
200430028,七宮そあ@🇫🇷,soar_mmm,Stuttgart,南ドイツを中心に欧州を駆けるPGやってます。小箱とたん先生のスケッ チブックが大好き アイコンは懸賞で当たった色紙です。  メモ:→秋奈→教授→かぐや     欧州制覇:🇩🇪🇨🇭🇦🇹🇮🇹🇨🇿🇩🇰🇬🇧 🇫🇷🇵🇱🇳🇱🇧🇪,954,1056,168,5093,False,314540,False,False,False,200430028,1,bot
2655791,D.G.,dariogallo,argentina,"Ahora en https://t.co/RTiURaSjuW. Antes en Revista Noticias, https://t.co/ulMeFfJszw y Clarín. Periodista enfocado en la transformación digital. En Twitter, sin bloquear desde 2007.",113400,2698,1888,4881,True,87187,False,False,False,2655791,1,bot
978991024340131840,CBS Pittsburgh,CBSPittsburgh,,,85,0,5,0,False,1,False,True,True,978991024340131840,1,bot
1338097464,Nadia 🐘,chokemefontenot,"Wyandotte, MI",| ✘♥O |,758,415,4,30400,False,18522,False,False,False,1338097464,0,human
50916567,NationTV22,NationTV22,Thailand,Official twitter of NationTV ทวิตเตอร์ของสถานีโทรทัศน์เนชั่นทีวี ช่อง 22 ทุกสนามข่าว เราคือตัวจริง ดูสดๆได้ที่นี่ https://t.co/klT1RsJWkE,2441657,275,2317,369,True,469624,False,False,False,50916567,1,bot
92074188,Avery Brohman,ATeemm,"Victoria, British Columbia",Philanthropy 🌎 Travel enthusiast 🏔 Helicopter Dog Mom to Grace 🐾 Happy Wife 💗 Fundraising and Communications at @OurVicHospitals...& Part-time Yukoner! 🦌,899,1541,22,4876,False,10586,False,False,False,92074188,0,human
321420083,...Mannie Fresh,CrownReina_,,#UNOcheer..Sc:mannieeeej...Pray More & Worry Less. ......RestDad❤️ *Future Psychologist,1035,860,2,21638,False,50260,False,False,False,321420083,0,human
2218886514,cosito del visto,elcosodelvisto,,Soy una doble tilde. Me crearon para decirles que los están ignorando.,2014875,486,812,17835,False,29543,False,False,False,2218886514,0,human
1337464171,宝マネー,blog_takara,,せどりを初めて絶好調です！！,847,846,2,0,False,15218,False,True,False,1337464171,1,bot
1963278991,t,ballin_is_lifee,the gym,rip tyler🖤|rip ken🖤| trezworld5eva🖤| rip kdw💜| rip bren💔|,1398,552,4,14965,False,12697,False,True,False,1963278991,0,human
1979190776,Ticker Report,TickerReport,Virginia,Market moving news,2244,11,196,0,False,1646569,False,False,False,1979190776,1,bot
3098765088,Irwan,Huckst3r,"Pati, Jawa Tengah",Akun ini dibuat hanya untuk mengibur :) Walaupun sedikit ngawur :v Semoga anda tidak kabur :3,525,2,3,213,False,129231,False,False,False,3098765088,1,bot
459167208,ㅤm 🥝,bIacktatts,,do more of what makes you happy.,79587,25,120,1620,False,147120,False,False,False,459167208,0,human
23375688,Selena Gomez,selenagomez,Los Angeles,"#TakiTaki with @DJSnake, @Ozuna_PR and @IAmCardiB is out everywhere! Listen now: https://t.co/tccixSTGos",56924240,1193,132566,167,True,4376,False,False,False,23375688,0,human
1068343760,لـيناردو الشہٰري‏™,AAdd0,المملكة العربية السعودية,⠀⠀⠀⠀⠀⠀⠀⠀⠀⠀⠀⠀⠀⠀⠀⠀⠀⠀⠀⠀⠀⠀⠀⠀⠀⠀⠀⠀⠀⠀⠀⠀⠀⠀⠀⠀⠀⠀⠀⠀⠀⠀⠀⠀⠀⠀⠀⠀⠀⠀⠀⠀⠀⠀⠀⠀⠀⠀⠀⠀⠀⠀⠀⠀⠀⠀⠀⠀⠀⠀⠀⠀⠀⠀⠀⠀⠀⠀⠀⠀⠀⠀⠀⠀⠀⠀⠀⠀⠀⠀⠀⠀⠀⠀⠀⠀⠀⠀⠀⠀⠀⠀⠀⠀⠀⠀⠀⠀⠀⠀⠀⠀⠀⠀⠀⠀⠀⠀⠀⠀⠀⠀⠀⠀⠀⠀⠀⠀⠀⠀⠀⠀⠀⠀⠀⠀⠀ ⠀⠀⠀⠀⠀⠀⠀⠀⠀⠀⠀⠀⠀⠀⠀⠀⠀⠀⠀⠀⠀⠀,132666,135647,242,8672,False,82803,False,False,False,1068343760,1,bot
2367911,MTV,MTV,NYC,lmk if u wanna talk about harry styles,15499524,31855,31664,18652,True,274283,False,False,False,2367911,1,bot
107778741,J0MAEᒪ|THE ᗩSS GOD🎹♑️,J0MAEL,Broward county florida ,🇺🇸. Still fallin in lust. Future Producer🎹. I'm the one your girl probably sent booty pics to. DM's always open😈(18+).. occasionally I'll bless the TL.,86423,66376,197,50509,False,255442,False,False,False,107778741,0,human
3900596183,Ibeebz,ibeebz2,Globe,#Awesome collection of #amazing and #funny #tweets & #images that'll make you #laugh out loud. And yes we #followback https://t.co/kTwzS7AQqV,29770,7601,67,3610,False,250821,False,True,False,3900596183,1,bot
310441654,YoungKing,caneloacosta,,DreamChasing,1526,610,10,114103,False,75684,False,True,False,310441654,0,human
233205224,awaiting the unknown,bieberdexter,justin bieber's hairy dick,Anyone glancing at him would've thought his soft: a serious error of judgment...,1065738,925212,2284,111754,False,99046,False,False,False,233205224,1,bot
921164568,りんご,CHOCOTORNADO,一部通知切,成人済 フォローの際はついぷろ必読でお願いします R-18☞＠CHOCOTORNADO18  お題☞https://t.co/4lETPoiNnz,4280,118,69,16495,False,36786,False,False,False,921164568,0,human
570200255,@Captain_Heck,Captain_Heck,"Minneapolis, MN","Professor:Joker,Geek,Liberal,Atheist/Humanist/Naturalist.likes:Sci-fi,BadTV/Movies,social theory,economics,cultural studies,sciences 
http://t.co/qzy6BMa8Cz",160452,136178,368,20450,False,24984,False,False,False,570200255,1,bot
514928121,Jake,BigJakeNasty,SnapChat: jakenasty1997,Never regret anything that made you smile | 20 | @Shayy_Cx3 ❤,970,130,0,20498,False,30060,False,False,False,514928121,0,human
17919972,Taylor Swift,taylorswift13,,The reputation Stadium Tour is streaming now on Netflix.,83409355,0,121500,486,True,103,False,False,False,17919972,0,human
118784585,Carabineros de Chile,Carabdechile,"Santiago, Chile","@Twitter Oficial de Carabineros de #Chile. Aquí informamos y prevenimos. Ante emergencias, marque el 133. Nuestro lema es #OrdenyPatria",1299257,0,2645,219,True,124354,False,False,False,118784585,1,bot
18741652,CDOT,ColoradoDOT,Colorado,We build & maintain Colorado's highways & support other modes. Safety's our #1 priority. Hours: 8 a.m. - 4:30 p.m M-F; Road info: https://t.co/Z9Cxtq4hzF,215452,341,1888,372,True,52864,False,False,False,18741652,1,bot
1764639194,k1000A,Camilaa_Ruz,"La Pampa, Argentina","Le prohibieron la manzana, solo entonces la mordió. La manzana no importaba, nada más la prohibición",2552,1165,2,36019,False,27461,False,False,False,1764639194,0,human
3023174739,APOLONIA LAPIEDRA,APOLONIAPORN,"Barcelona, Madrid  Spain",ACTRESS | MODEL | INFLUENCER   https://t.co/19acujdxf7,462538,201,1735,91730,True,38497,False,True,False,3023174739,1,bot
14548505,Brielle,briellecoronet,Second Life,"Jesus is my Lord & Savior. I support law enforcement, military, God & country. Proud police mom 🚔",1071,1390,76,20912,False,21046,False,False,False,14548505,0,human
238364017,jaaaayduh❣,blessinjada,"Colton, CA",,958,495,2,4221,False,30235,False,False,False,238364017,0,human
189231119,Demetria McKinney,demimckinney,ATL,,71751,647,261,455,True,22123,False,False,False,189231119,1,bot
294198566,Call of Duty World League,CODWorldLeague,,The official home of the @CallofDuty World League on Twitter. #CWLPS4,924454,11,2148,237,True,20157,False,False,False,294198566,0,human
94429039,Futbol Picante,futpicante,www.facebook.com/futpicante,La mesa más 🌶🔥⚽. De L-D ⏰11pm(MX) / 12am(ET) 📺 ESPN2 / ESPN Deportes. DESCARGA la APP https://t.co/vazwh7W8Wt SUSCRÍBETE al PODCAST https://t.co/5KdUdz8fkH,1434504,172,4199,1126,True,149583,False,False,False,94429039,1,bot
1482179886,박지훈 𝙞𝙣 𝙖 프레임 ♡,B2_Kookie9701,"♡ 지훈 너만 보여 ♡ 박맥스 아빠ㅣ옹윙 | ผัวพจฮ,ผัวอง",♡ ♡ @pledis_17 @WannaOne_twt ♡ ♡ 📌ปักหมุด ♡ 𝟐𝟒/𝟕 @Park_Jihoon_twt “ 메이 M͓̽A͓̽Y͓̽ ” 🐰+🐶 ♡,1222,377,9,3630,False,254106,False,False,False,1482179886,1,bot
30129478,Joseph G. Duncan Jr.,TheReal_LilJoe,"Jesup, GA",#VINE = @thereal_liljoe #Instagram = @thereal_liljoe #Snapchat = @thereal_liljoe Owner of Joe's Wireless #TEAMLILJOE #APPLEGANG I'm livin'...,976,1484,18,490,False,52516,False,False,False,30129478,1,bot
815002578,كت تويت / جواب,gagooa,كن انت,سبحان الله وبحمده ، سبحان الله العظيم ..,1003829,541372,655,129,False,229462,False,True,False,815002578,1,bot
471746550,西陣　岡本,okamotoorimono,京都 京都市 上京区,100年以上続く西陣織金襴製造会社。 デザイナーで広報、営業担当者は道産子で西陣在住。 西陣織で口に糊をしています。きらめく西陣金襴、世界に届け～～！,2980,210,134,4693,False,29089,False,False,False,471746550,1,bot
73200610,Majida El Roumi,majidaelroumi,Lebanon,Official Account | Lebanese & Int. Soprano | Humanitarian Ambassador for Love and Peace worldwide through music.   *الحب إمضائي و طيفي* #ماجدة_الرومي,1183964,52,685,4497,True,9321,False,False,False,73200610,0,human
239124380,carol,_carollsantos,+5518,"Viva, creia, ame e faça, essa também é minha oração.   ♎️⚖️💖",1273,510,3,5890,False,76739,False,False,False,239124380,0,human
118371948,Harian Jogja,Harian_Jogja,Jogja,Akun Resmi Harian Jogja | Berbudaya. Membangun Kemandirian | Sejak 20 Mei 2008 | Jalan AM Sangaji 41 Jogja 55223 | redaksi@harianjogja.com,140527,13,227,27,True,328510,False,False,False,118371948,0,human
95883322,ㅤくろさび,chromless,てんぺす海峡横断部,おのれ…！,1965,1382,56,102896,False,206227,False,True,False,95883322,0,human
1015657742,حمد عبدالله بن خنين,binKhnin,أطلال الماضي,المستشار الشرعي والباحث الإعلامي عضو الجمعية الوطنية لحقوق الإنسان وعضو الجمعية الفقهية السعودية الاسبق و ( المحامي والموثق الآن ) . #صديق_الحزن #صوت_الحزن,96620,75958,94,6587,False,51189,False,False,False,1015657742,0,human
90241355,Corina Gatti,corilin,España,"Locutora, publicista, caraquiteña (caraqueña + margariteña), Caraquista hasta morir y demócrata, amo a mi Venezuela!",1226,1362,28,2714,False,32270,False,False,False,90241355,0,human
1355305712,ويـــــبا🕴🏻,auob_max,snab:auob_max,﴿يا أَيُّهَا الَّذينَ آمَنوا صَلّوا عَلَيهِ وَسَلِّموا تَسليمًا﴾,1450,271,12,3250,False,44492,False,False,False,1355305712,1,bot
25417360,Jeff Gluck,jeff_gluck,"Portland, OR",I write about racing at https://t.co/xbZ6uOZb6b. Personal account: @jeff_gluck2.,188593,302,2964,18146,True,121879,False,True,False,25417360,1,bot
275692203,servicio tecnico,orlando15321,caracas,"reparamos todo tipo de aire acondicionados, neveras, vineras, fabricadores de hielo, topes de porcelana,cocinas eléctricas y gas, parrilleras.",1232,1930,8,13,False,61445,False,True,False,275692203,1,bot
2334273458,Alicia,am0reno1,,Forgive but don't forget  | #LLMx2 #LLS #LLKx2 |,1155,0,4,24451,False,28748,False,True,False,2334273458,0,human
488970833,Chica Binaria,chicabinaria,Latinoamerica,"-Magazine de Tecnologia & Programa Radial- Brindamos lo mas reciente del mundo Tech... Noticias, Lanzamientos e Innovaciones! (Republica Dominicana-Venezuela)",83362,45413,309,7748,False,66795,False,False,False,488970833,1,bot
98421600,putri noorfitria,NenkUtrie,"Pasuruan , Indonesia","bahagia itu sederhana, sesederhana ketika aku menemukan pelukanmu untuk tempatku pulang dan mengadukan resahku.",1176,355,13,8,False,12608,False,False,False,98421600,1,bot
112447717,Arlene Phillips CBE,arlenephillips,"London, England","Creator of the provocative dance group Hot Gossip. Choreographing musicals, music videos and films for over 40 years and counting! ✨ IG: arlenephillipsofficial",104705,3654,636,3288,True,44257,False,False,False,112447717,0,human
21793251,Benjamin Cook,benjamin_cook,"London, UK",Writer. Editor. Filmmaker. 'Official chronicler of Britain's YouTube generation' – The Observer. Made Tofu for C4. Business e-mail: ninebrassmonkeys@gmail.com,85721,1008,749,1156,True,48721,False,False,False,21793251,0,human
242265477,Becky Roberts,becky_roberts22,London/Surrey,❤️https://t.co/o2l1iHrs5K https://t.co/D64AwWplxn INSTAGRAM- beckyonlyfans,124735,156,338,39408,False,50171,False,False,False,242265477,0,human
17466140,Codie Prevost Music,codieprevost,Get a FREE download at,Award winning artist “Making Music To Make A Difference”. Follow his journey by reading “The Codie Prevost Diaries”.,138321,114517,819,49019,True,70760,False,False,False,17466140,0,human
1586237918,☆~N~☆,PrivyTrifles,Between fantasy & fiction,"A little bit of everything and sometimes, nothing at all!",1250,454,223,13294,False,27883,False,False,False,1586237918,1,bot
2185105262,倉持「あっそ」bot,kuramoti_asso,青心寮,◆Aの倉持さんの非公式bot。フォロバは手動です。御用の際はDMにお願いします。フォローの前に必ずご一読ください→( http://t.co/yERPC76eoS ) 倉持「あっそ」,852,298,7,76,False,53900,False,True,False,2185105262,1,bot
92525602,chizuru / イラストレーター,chibiyui,彩の国🐾,イラストレーター。動物描いてます。主にイヌとネコが好物。LINEスタンプ販売中！ ブログ→https://t.co/7W10xxeKZ9,891,509,31,3031,False,96359,False,False,False,92525602,0,human
15432891,Denník SME,denniksme,Slovakia,Najdôležitejšie správy zo SME.sk - sledujte aj @SME_Veda @SME_Auto @SME_Data @SME_Ekonomika @SME_Komentare alebo @Gulas_SME.,155447,165,441,146,True,128079,False,False,False,15432891,0,human
247991049,brooklyn white,bwhiteeee_,West Virginia,,1406,852,3,16313,False,58883,False,False,False,247991049,0,human
190608775,HABER1903,haber1903com,Beşiktaş,Beşiktaş'ın Kalbi,139160,5,281,1,True,116003,False,False,False,190608775,1,bot
3137992297,瑞希,Mizukin_R,2.5次元,アニメ、ゲームが大好きっぽい？それ以上に夕立が可愛すぎるっぽい！相互フォロー大歓迎！,1152,801,4,14,False,29034,False,False,False,3137992297,1,bot
126771735,Angel Castro,angelcastrotv,monterrey,"ICONO DE LA TELEVISION REGIOMONTANA,EN SU PASO POR LA TV TRATA DE DIVERTIRTE #MULTIMEDIOSTV angelcastroeventos@hotmail.com 
conduccion Eventos posadas CONTRATA",114031,395,50,3252,True,37907,False,False,False,126771735,0,human
194909366,しんぺー,take_amenbot,しげのおひざ,たけもとしんぺいあまえんぼっとっていいます！しげといちごがすきです！だいすきなやましたくんのうたもうたうよ！「おいで」っていってくれたらおひざにのります♪よろしく☆※竹本慎平くんの甘えんぼ発言多め幼少期風botです。(妄想発言も有り)他に呟いてほしいことあれば妄想でも何でもOKなのでDMください^^,886,1545,22,0,False,429192,False,True,False,194909366,1,bot
323972181,LA HAUTE DISPONIBLE PARTOUT,Hayce_Lemsi,Citoyen du monde libre ,« La Haute » disponible partout Snapchat : Snapbikow / booking: booklemsi@gmail.com / Insta: @haycelemsi75,126122,76,147,4675,True,49418,False,False,False,323972181,0,human
14119371,Julio Borges,JulioBorges,Venezuela,"Padre de los Cuatripochos.
Diputado a la @AsambleaVE.
Coordinador de @Pr1meroJusticia.",1441626,102665,4165,2158,True,41999,False,False,False,14119371,1,bot
1863490824,Cancer Indonesia ♋,CancerBanget,,"[C]reative [A]mazing [N]ice looking [C]lever [E]mpaty [R]ealistis | Iklan/ Promosi/Trending Topic, email: ghostbuzzerid@gmail.com",90106,0,59,127,False,21337,False,False,False,1863490824,1,bot
17454769,Glenn Beck,glennbeck,"Dallas, TX. Rockies, NYC.","question with boldness - to find the truth - not to prove your point. reconciliation, humility, curiosity, courage, integrity, forgiveness b4 AGI eats us all.",1202159,360,16999,1058,True,16298,False,False,False,17454769,1,bot
268434223,David Alaba,David_Alaba,Munich,#da27 | Meine Kraft liegt in Jesus | Snapchat: da_twentyseven | https://t.co/TwDmp72m9a,1763956,30,2427,122,True,2511,False,False,False,268434223,0,human
513112719,Akıncı Hareket,Ak_Hareket,Anadolu / TÜRKİYE,"Akıncı Ruhu ile Birlik İçinde, Kardeşçe, Geçmiş Medeniyetimizin üzerine Geleceğimizi inşa ederek yürüyen dostların Asgari Buluşma Platformu. #Akıncılar",91946,74049,119,851,False,96909,False,False,False,513112719,1,bot
53824372,محمد عبدالله السبيعي,subama00,الرمحية,سبحان الله وبحمده ، سبحان الله العظيم,1233,782,4,2113,False,9567,False,True,False,53824372,1,bot
771262339765055488,BülentKayar⭐RETWEET⭐,bbulentkayar,⭐YEDEK ⭐ RETWEET ⭐ HESABIMDIR⭐,"👉https://t.co/heLTqfJfTv👈 @YouTube⭐Kanalıma❤ABONE❤olarak ŞİİRLERİMİ sesimden dinleyebilirsiniz!
⭐️⭐⭐BAŞKAN ERDOĞAN⭐⭐⭐️",13827,15515,15,13164,False,12958,False,True,False,771262339765055488,1,bot
44683523,6 🐐,iAmYungBooke,Trillville,For Booking & Features: Jamin 404-295-7591 or Email Unosthelabel@gmail.com ONLY!!!,98869,1212,103,3935,True,57241,False,False,False,44683523,1,bot
48962805,Ajax1.nl,Ajax1nl,Amsterdam,Ajax1.nl - Het laatste nieuws over @AFCAjax - Official Ajax Fansite,102380,394,578,319,False,74196,False,False,False,48962805,0,human
2371478724,Nia Long🕷,_AubreenyDahG,United States,Sc: boujieeassbree / IG: boujieeassbreee /,2595,831,5,3503,False,38486,False,True,False,2371478724,0,human
1473354078,Ca 🌙,camxvalencia,09-11-13,"🌌🌌Everything is going to be ok in the end. And if it's not ok, it's not the end🌌🌌",907,678,2,19239,False,32917,False,False,False,1473354078,0,human
436391256,Fashion Deals,DealsForFashion,,Bringing you the best deals | Shop at   @ https://t.co/nzALXIMZcq  |  Use Code BUY for 15% off,77249,54785,128,1459,False,439,False,False,False,436391256,1,bot
14333756,El Comercio,elcomerciocom,Ecuador,El Diario informativo más comprometido con la gente de Ecuador.,1407763,5112,3635,1343,True,231091,False,True,False,14333756,1,bot
103652362,➰ExquisiteBeauty➰,breastlvr,Paradise,Male who loves #boobs & sharing pics of the sexiest women.  Appreciate RTs.  Avatar is the sensual @JadeCapri1.  More at https://t.co/EVrF81ydeb.  NSFW 18+ only,221912,646,757,5837,False,196459,False,False,False,103652362,1,bot
150996744,原稿大好きユーリ・ローウェル,genkou_yuri,あんたのうしろ,原稿やってる？　@mae365が欲しくて作った原稿ユーリbot。24時間見張ってるツンツンデレ。ユーリも疲れてるらしくたまに寝てたり無視するけどいじめないであげてね。元々身内用だったのでフォローの際はご注意を。フォローのみ手動でまとめて。※ご要望はDMで,807,822,94,0,False,1225538,False,False,False,150996744,1,bot
475616820,ニワ⚾︎,potato250yen,ミュート！！ブロック！！！よよいのよい！！！,◆A、御沢。御幸関連のカプは御沢以外苦手です、ごめんなさい。沢村の母でございます教。沢山喋ります。日常とご飯話多め。０時バレ。女体化リバ等苦手とする話題が多いので気まぐれFBですすみません。,1207,194,53,5431,False,236869,False,False,False,475616820,1,bot
447346922,Colo•,BrisaaCardenas,Argentina,Snap brisa.cardenass,928,1500,1,3072,False,20087,False,False,False,447346922,0,human
608080265,ตะวัน,BBaekHyun_bTH,พ่อแบคของเอลี่,หล่อ สุภาพ ที่บ้านมีแมว (น้องตัวเล็ก @byunkey),912,150,1,2439,False,44230,False,False,False,608080265,0,human
995937630,Tiaa 💛,_bossti,"Atlanta, GA",SC:Flashy_tee #FVSU,1631,1273,10,26426,False,59018,False,False,False,995937630,0,human
184824665,LATech Admissions,TechAdmissions,"Ruston, LA",We want to help you experience Louisiana Tech University & become a Bulldog!,1339,106,15,2827,False,2579,False,False,False,184824665,1,bot
932918070,Arthur França,_ArthurVini,GO,qual foi desgraçado,1515,1042,3,10266,False,33750,False,False,False,932918070,0,human
545867562,中島弘,nakajimadeshita,にほん,"中島弘です。
毎週日曜日午後6時半から時々テレビに出演しています。
小学生ですw",934,1546,13,0,False,219155,False,True,False,545867562,1,bot
523380374,Bianca Resa,bianca_resa,barcelona,WINNER NINFA BEST ACTRESS MILF 2016 booking:biancaresa69@gmail. instangram: @biancaresa,160575,572,456,43388,False,27506,False,False,False,523380374,0,human
179201716,ベルゼブモン,Beelzebumon_bot,,デジモンテイマーズに登場する非公式ベルゼブモンbotです。よく吠えます。時々何かが乱入します。リプライに反応…すると思う。ご要望がありましたら@tomatorizottoまでお願いします！,926,1325,37,0,False,347386,False,False,False,179201716,1,bot
263300013,Asuka Langley Sōryū,AsukaSoryu_,"35.264933,139.000308","Ich bin den Piloten für Evangelion Einheit Zwei, die derzeit in der europäischen Niederlassung der Nerv auf Bremen. Mir, tsundere? アンタバカァ！I'm (sometimes) bot.",940,644,21,363,False,113253,False,False,False,263300013,1,bot
16242863,おかりう,OKA_Ryuhei,スルー ザ グリーン,草ゴルファー / 積ん読 / 岡山弁 / 秋田・島根非公式サポータ /,1004,1258,112,1350,False,109450,False,True,False,16242863,1,bot
124765669,coçando,Diiscimulando,,"antes só, do q só acompanhado por gente troxa",89986,98669,69,9600,False,22870,False,True,False,124765669,0,human
757309819233701888,Camila Cabello.,CAMILASMlLE,,"Enamorada de 5 increíbles chicas. Camren is real, ahre. Fan Account.",18812,19657,34,7425,False,12186,False,False,False,757309819233701888,0,human
327020861,Domy Salv,DomySalv,"Rosario, Argentina",20 años. Diseño Gráfico & Web. Marketing Online. Community Manager.,63712,912,77,38777,False,96248,False,False,False,327020861,0,human
303384170,chris cardwell,ChrisCardwell6,,tryin' to be legendary. #yao #httr,931,999,4,20321,False,38528,False,False,False,303384170,0,human
1577706050,Frank M. Webb™,FrankMWebb,"England, United Kingdom",International Businessman / creator of - The Reverse Logic System © / Private & Public Seminars / Author / Speaking Engagements / Entrepreneur / Mentor,208056,17,38,1510,False,16833,False,False,False,1577706050,0,human
2378134129,絶対悪用禁止の雑学,akuyo_dame,London,,1082,0,11,0,False,42304,False,False,False,2378134129,1,bot
2683430642,CH🇦️RLY,charlypol222,"Tandil, Argentina",BOSTERO LEONINO PERONISTA  Depeche Mode Phil Collins Bee Gees EL Q QUIERE CELESTE Q LE CUESTE AL Q NO LE GUSTE Q SE COMPRE 1 VOLANTE Y SE MANEJE,99522,95071,165,15640,False,1756,False,False,False,2683430642,0,human
728249330,Lissa,Love_5sosFam_,Japan ,Stereo Kicks /5sos/The Vamps /1D/CD9 ❤ /Overload Generation ❤/,783,1682,1,1311,False,12650,False,False,False,728249330,1,bot
16221481,Arizona DOT,ArizonaDOT,Arizona,"Driven to get Arizonans where they want to go. Info from ADOT, hosted by PIOs Laurie, Garin, David R., Kathy and David W. Tweeting & Driving Don't Mix!",229369,599,1770,4590,True,192310,False,False,False,16221481,0,human
47867122,Fada Quicadora,Cintinhah,Onde os fracos não tem vez ,Darling I'm nightmare dressed like a daydream,2049,342,11,5286,False,45944,False,False,False,47867122,0,human
144000388,Arantxa.,arabeerz,México lindo y querido. ,Disruptiva.,1049,392,6,2211,False,25744,False,False,False,144000388,0,human
334417864,🕊,Ayee_Johnnyy,,|🇳🇬| 👻•IG: ayee_johnnyy|,1700,1566,3,1968,False,12175,False,False,False,334417864,0,human
2977039535,Tori Black,HolyToriBlack,,All Tori's pictures,92333,71992,247,0,False,214485,False,False,False,2977039535,1,bot
16083576,CBS Philly,CBSPhilly,"Philadelphia, PA","The latest Philadelphia area news, weather, sports and traffic. Home to #CBS3 🖥",182112,1294,2330,4367,True,233031,False,False,False,16083576,1,bot
45861757,gil,gilalbertson,"Brisbane, Australia","I do football things. Tactics and numbers.  Emotional LFC takes free of charge, A-League takes for $.",1053,665,64,5471,False,39724,False,False,False,45861757,1,bot
256747696,Ecuavisa Noticias,EcuavisaInforma,Ecuador,"Líder nacional en noticias, #Televistazo, #Telemundo #Visión360 @ecuavisa",1205835,462,1579,409,False,57422,False,False,False,256747696,1,bot
1584766429,﴿ صدقة جارية ﴾,hu_70,,استغفر الله العلي العظيم وأتوب إليه,231772,119,55,124,False,53289,False,True,False,1584766429,1,bot
866648466,teodora,tteodoras,,tô rindo mas é de nervosa,1110,172,7,2875,False,70970,False,False,False,866648466,1,bot
18161336,bbcrussian,bbcrussian,London,"Официальный Твиттер Русской службы Би-би-си. Живые новости.  Еще в соцсетях https://t.co/gBKYCsSECm ,  https://t.co/aoBM6NRmu1 , https://t.co/cY6d1BOQO3",1089521,254,4094,16,True,134361,False,False,False,18161336,1,bot
4880154665,enjoynewvideos,enjoynewvideos,,,632,4681,43,200,False,169078,False,False,False,4880154665,1,bot
123546050,Allen Leech,Allenleech,,"Some days you're the lamp post, some days you're the dog",108659,300,715,653,True,2349,False,False,False,123546050,0,human
610628629,Al Fahad 🇸🇦,Ana_Al_Fahad,,كم هي كبيرة أساساتي,70614,2140,35,2060,False,11029,False,False,False,610628629,1,bot
34843478,Dan Dotson on A&E,auctionguydan,Everywhere,Dan & Laura Dotson Celebrity Auctioneers Inspired Storage Wars AETV History (800) 838-7653 https://t.co/IDpOkhU8rh,97259,15380,564,50614,True,17811,False,False,False,34843478,0,human
2260150651,Lord Louis,LordLouis3,,"Lord Louis is an Australian YouTuber, winner of vidcon award. He holds a bachelor of media and is enrolled in a masters of teaching",369126,774571,1160,22906,False,178212,False,False,False,2260150651,1,bot
141014050,Alexis Quintana,alexiisquintana,"Buenos Aires, Argentina",SANGRE AZUL Y BLANCA. 🎧 🎲 🎼 🎬,1128,625,0,3978,False,22009,False,False,False,141014050,0,human
701615052,Captain America,CaptainAmerica,,"The official account for all things @Marvel's Captain America. See #CaptainAmericaCivilWar, coming home on Digital HD & @DisneyAnywhere 9/2 and on Blu-ray 9/13.",1926119,31,3656,312,True,639338,False,False,False,701615052,1,bot
14614833,Melhores Destinos,passagensaereas,Brasília - DF - Brasil,Maior site de promoções de passagens aéreas do Brasil. Receba promoções em primeira mão.  [Melhores Destinos],1823212,218,5401,767,True,16057,False,False,False,14614833,1,bot
21158274,City Pages,citypages,Minneapolis,"Twin Cities news and arts buzz, as tweeted by web editor @jaymboller",185488,487,1867,680,True,47256,False,False,False,21158274,0,human
3097948927,レヴィン(仮),A_sReViN,,抹茶が大好き,34743,45828,135,22677,False,12405,False,True,False,3097948927,0,human
63677189,Miguel,Miguel,"Los Angeles, CA",#WILDHEART,1035857,699,2976,1526,True,25044,False,False,False,63677189,0,human
217017451,La Chocita del Loro,chocitadelloro,Madrid,"Productora de comedia, desarrolla su actividad en teatros y salas. Hacemos producciones propias de ambito nacional e internacional. Estamos para haceros reir",134422,721,248,8361,False,16279,False,False,False,217017451,0,human
717313,Ars Technica,arstechnica,NYC - Boston - Chicago - SF,"Original news, reviews, analysis of tech trends, and expert advice on the most fundamental aspects of tech.",1170497,1113,29281,6185,True,97313,False,False,False,717313,1,bot
508783596,ahmad,algazwany1,المملكة العربية السعودية,‏‏‏‏‏‏سبحان الله الحمدلله الله أكبر لا اله الا الله أستغفرالله العظيم وأتوب إليه,982,2207,4,875,False,83685,False,False,False,508783596,1,bot
2722092348,II. Kadın,ikinciikadin,,kadınlar matinesi,75621,88846,93,119322,False,4032,False,False,False,2722092348,0,human
17936793,G-Eazy,G_Eazy,The Bay Area,REWIND feat. Anthony Russo out now: https://t.co/xLbswSE5VY,3671597,953,2108,8047,True,31712,False,False,False,17936793,0,human
40589808,Benji Brown,benjibrown1,Saturn ☄️,"Official Twitter Of Comedian Benji Brown

For Booking Contact: William Rodriguez              wrodriguez@gersh.com 
(310) 205-5885",95341,175,488,393,True,54321,False,False,False,40589808,1,bot
1219758966,♛,anagcm7,,I was serious but I was also on drugs,1668,496,23,1896,False,75207,False,False,False,1219758966,0,human
42208855,Sarah Brewer,BrewerVASocial,"Melbourne, Australia",SocialMedia Management services | #SocialMedia | #Marketing | #futureofwork | #coaching | #smm | #Influencer | LinkedIn - https://t.co/wmaPrtnvKL,128160,55296,2286,15295,True,19508,False,False,False,42208855,1,bot
2303406624,Haas F1 Team,HaasF1Team,"Kannapolis, NC",America's #F1 team. Online Store: https://t.co/t9BOEG3Aba.,265092,264,3691,3866,True,14456,False,False,False,2303406624,0,human
96322637,Cristina Cordula,cristinacordula,Paris,J'ai mon agence de conseil en style 💋 Animatrice (M6) 👑 Pensionnaire Les Grosses Têtes (RTL) 🙈 Mannequin & auteur 📚,1292244,225,683,3108,True,7496,False,False,False,96322637,0,human
54311364,Brookings FP,BrookingsFP,"Washington, D.C.","Helping policymakers and the public engage the challenges facing the U.S. and international community in the 21st century.

Newsletter: https://t.co/5yKfZ7O9ZK",151835,1037,3595,464,False,43566,False,False,False,54311364,0,human
150242555,Guillermo Salatino,GuilleSalatino,,periodista de Radio La Red y Fox Sports.Casado hace 49 años con la misma(orgulloso).3 hijas y 9 nietos Hincha de  lacadeeeee y queeee,101561,3346,1262,221,False,36883,False,False,False,150242555,0,human
71023251,BBVIP,BBVIPForum,,"International forum for YG Entertainment's group Big Bang. Follow to get the most recent news, pictures and subbed videos.",99098,443,891,282,False,44607,False,False,False,71023251,0,human
83804335,الإسلام سؤال وجواب,IslamQAcom,Saudi Arabia,#الإسلام_سؤال_وجواب موقع بــ 16 لغة، بإشراف الشيخ محمد صالح المنجد، #الإسلام #islamqa,1115600,8,1979,772,True,35280,False,False,False,83804335,1,bot
254603350,☁ spiderdan ☁,DildoBaggins_16,5 years with BTS 💜,"'She drinks whiskey, she's from the Wild Wild West' -Taylor Henson",1009,438,16,16262,False,134546,False,False,False,254603350,1,bot
355303278,U.T.B™,CheckkMyFrenchh,,PVAMU .™ F.E.A.R,1489,1368,4,8206,False,28275,False,False,False,355303278,0,human
105786154,漫画の中の佐藤直也,satonaoya,茨城県水戸市,音楽を聴くこと・美味しい物を食べることに人生の大半を捧げてます。納豆とスタミナラーメンの國、茨城県においでませ。,1086,462,59,548,False,57395,False,False,False,105786154,1,bot
55747577,El George,ElGeorgeRiveraR,Puerto Rico,"Podcastero en @SiempreesLunes_, #BuscandoProblemas y @LegalmenteNerd; Comediante-wannabe, tambien escribo de Cine en @QiiBO.",2264,632,44,11340,False,76070,False,False,False,55747577,1,bot
359767085,AbbaDabba🖤,abba_dabbaDooo,,,1035,732,3,5384,False,40371,False,True,False,359767085,0,human
1623145514,Britannia PR,Britanniacomms,"London, UK and Worldwide",Britannia Digital Communications Agency Influence Ranking 7/500 UK Agencies 2019,75158,99361,3926,216624,False,302374,False,False,False,1623145514,1,bot
608171108,L'1FO.ma,L1FOma,"Casablanca, Maroc",1er site d'information marocain regroupant toute l'info qu'il vous faut! http://t.co/vH9iThJToi,1002,1126,26,1,False,27601,False,False,False,608171108,1,bot
2617776990,LA LUNA🌙,_ameenaheissa,,"UJ-Science student 👩🏽‍🔬 - Aquarium 🌹-☕️📚- living the life 🦋. "" قلبها هوا سرها ، واكيد الملائكة بتغير منها""🕊🇸🇦🇲🇦",1066,272,16,50717,False,86136,False,False,False,2617776990,0,human
9609372,The Courier-Mail,couriermail,"Queensland, Australia",Queensland's number one news source. Proudly Maroon. Subscribe https://t.co/t3KgkplPEi; Newsletter https://t.co/9504YQzp6L,146204,1149,1413,1120,True,133744,False,False,False,9609372,1,bot
128181887,HP España,HPEspana,España,"Twitter oficial con toda la actualidad de HP España, información de nuestros productos y noticias de tecnología. Para soporte técnico contacta con @HPSupportESP",115632,692,662,4437,True,14865,False,False,False,128181887,0,human
1276730142,Dalma †,Dalmaa__,"Tostado, Santa Fe.",Bostera / Marge no voy a mentirte,1425,943,0,2696,False,11482,False,False,False,1276730142,0,human
181510940,平米屋平兵衞,160heibei,アトリエジンギスカン,"ミキシング模型大好きの帰りたいbot。
46歳　趣味は猫モフ　　　　　　　　　　",1868,996,83,48786,False,89479,False,False,False,181510940,0,human
106929904,℮ﭐՀՀﭐᎠ,danababy97,east coast,Yes i'm a hologram.... please stop asking,130441,655,470,71580,True,41552,False,False,False,106929904,0,human
19923515,ABC.es,abc_es,España,Diario ABC.  También en  https://t.co/8XvlveA4Xv https://t.co/eMYhB26cws https://t.co/SygOv6qIBl https://t.co/NrLBoiGChf,1625852,15494,17219,208,True,325777,False,False,False,19923515,1,bot
708014748,الإنساني,alensany,تحت أقدام أمي,مختلف داخلي روح حنونة تتعب تاره عندما تضيق بها الحياة وتفرح تارة فاقداً أبي وحبيباً لأمي وصديق للكل سنابي مشكل وأتشرف بكم بحسابي التوعوي @s2fo2002,91584,62846,70,390,False,13508,False,True,False,708014748,0,human
14154272,BBC_HaveYourSay,BBC_HaveYourSay,The Twitterverse,"What's happening where you are? DM or @ us, WhatsApp +44 7555 173285, text +44 7624 800 100, email yourpics@bbc.co.uk. See our terms - https://t.co/VAEFamok2y",122756,15929,1775,2901,True,29193,False,False,False,14154272,1,bot
3333338062,هند🇵🇸,sCgmY5XesbyoLUg,,#JFT20 ربك ثم الزمالك 🇦🇹 فلسطين ❤️,1635,415,9,18278,False,24105,False,False,False,3333338062,1,bot
2405972748,こうさく＠相互フォロー,kosaku776,,田んぼを守れば海に行けるんだよ。相互フォローしてね。,1094,1481,4,0,False,150625,False,True,False,2405972748,1,bot
14287474,Adorama 📸,adorama,"42 W 18 St, NY and on the web","We are so much more than just a camera store…. anything you can imagine to help you capture, enjoy and share life’s moments. 
This page is not monitored 24/7.",114070,1295,2374,7191,True,22906,False,False,False,14287474,0,human
67324742,Eyshila Santos,Eyshila1,"São Paulo, Brasil",Deus fiel!,1178219,552,2241,659,True,19661,False,False,False,67324742,0,human
1038700573,Miriam Lines,MiriamLines,PHILIPPINES,The reigning Queen of sarcasm. | Not in any way affiliated to Sen. Miriam Santiago | Parody Account • #StupidIsForeverMORE • ✉️contactmiriamlines@gmail.com,1390124,45,488,1284,False,24726,False,False,False,1038700573,0,human
1576583414,Axel.,AxelVieira_,"Río Cuarto, Argentina",👻: vieiraax,1028,430,0,6274,False,27998,False,False,False,1576583414,0,human
2472738966,ARMYBASESUBS,BTS_ABS,,👋🏼,336356,9,1260,355,False,6655,False,False,False,2472738966,0,human
15245376,Gus Silber,gussilber,Johannesburg South Africa,"I play with words, and sometimes work with them too, as a Journalist/Author/Scriptwriter/Speechwriter/TweetWriter.  http://t.co/8I8DJw0XeW",126551,54673,615,135,True,53275,False,True,False,15245376,0,human
762126629866971136,salvando,choramila,,,3,1,0,2,False,1,False,True,True,762126629866971136,0,human
2199641576,Taleik Wood 😈,CoriyonW300,,"""I wanted to know what it means to be strong , so I pulled myself up with my own strength.""",1061,1049,3,6379,False,18283,False,True,False,2199641576,0,human
308287890,Azrul Irfan,ipansu,"Tawau, Sabah",mieeeeeeezzzzaannnnnn’s,101489,79430,49,12304,False,104442,False,False,False,308287890,1,bot
1401272485,harunwijayanto,harunwijayanto,,I'mPossible,849,102,0,132,False,68864,False,False,False,1401272485,1,bot
151595281,247Sports,247Sports,Your team. All the time.,http://t.co/IiGW3GK2Ds IG: http://t.co/joG0fCZWaz,182570,604,1033,1275,True,45383,False,False,False,151595281,0,human
92686016,茂木健一郎,kenichiromogi,東京,脳科学者、作家、ブロードキャスター。クオリアを研究。『脳とクオリア』『生きて死ぬ私』『脳と仮想』『今、ここからすべての場所へ』『東京藝大物語』『ペンチメント』kenmogi2005qualia@gmail.com    研究 https://t.co/xJxmj9pFUF,1441200,3955,22653,18,True,101563,False,True,False,92686016,1,bot
264555876,B,BraydenSilvers,"Georgia, USA",Braylynn Amara Silvers💖,656,363,3,3197,False,23238,False,False,False,264555876,0,human
1655904638,Savage Queen❤️,3andyourout,510,Live life like a 3-1 count☀️Yay Area ~ California Why You Lurkin❤️,780,189,15,103061,False,63729,False,False,False,1655904638,0,human
149448967,MAURICIO MANCERA,MAU_MANCERA,lo que era el defectuoso,Facebook https://t.co/v6vxil2Jdg instagram @maumancera Youtube https://t.co/vcPdzYvvjX,1253740,854,3895,6493,False,40268,False,False,False,149448967,0,human
137116526,مناسباتكم,Dinar_Owns,بينكم,لجميع مناسباتكم العامه والخاصه,83355,75,68,3807,False,201000,False,True,False,137116526,0,human
130681675,Love Like Jesus,LovLikeJesus,,"Christian Insights,Godly Affirmations, and Quotes from the Bible",1741315,90091,6275,5587,False,83029,False,False,False,130681675,1,bot
2785323572,とろ助,coaxu,,圧倒的可愛さ俺,28542,5311,60,10741,False,49609,False,False,False,2785323572,0,human
991384984995991553,Diann,dallasftsebas,,@diansroro,0,1,0,0,False,1,False,True,False,991384984995991553,0,human
3262743192,،،،,ameen_akrm,,,1623,2013,1,2725,False,8957,False,True,False,3262743192,0,human
1592851670,坂口安吾ボット,angomeigen,,坂口安吾の名言をつぶやくボットです。,1703,4,67,8,False,17022,False,True,False,1592851670,1,bot
85233317,David Gevis,hidirgevis,"New York, NY",*Sosyal Medya hesap yönetimi konusunda danışmanlık hizmeti sunar. Teklif için: davidhgevis@postingyou.com,34750,4507,222,10046,False,38842,False,False,False,85233317,0,human
572195697,Abraham Mateo España,AbrahamMateoESP,España,Club de fans oficial de @AbrahamMateo en España. Hazte socio en nuestra web. FACEBOOK CLUB DE FAN @AbrahamMateoEsp INSTAGRAM CLUB FANS Abraham_mateo_esp,112644,3777,133,19105,False,99029,False,False,False,572195697,0,human
148360487,Antonio Diaz Piña,adiazpi,"México, D. F. ","Doctor en Derecho UNAM, Lic. en Derecho UJED, Periodista, Escritor, Académico Investigador SCES, Abogado, Expresidente Rotario. Sigo a quien me siga (no trolls)",93270,102655,425,135291,False,357043,False,False,False,148360487,1,bot
105821431,グレッグル,Gureggru_bot,だいしつげん,グレッグルの非公式Botです。ポケモンのグレッグルというより自分のイメージしたグレッグルです。どんどんポケモンのグレッグルから離れていってます。ちょっと毒舌なのでフォローは慎重にお願いします。＊リムーブの際はブロックをお願いします。,856,1021,68,461,False,231250,False,False,False,105821431,1,bot
15843059,HealthRanger,HealthRanger,"Tucson, AZ",Consumer health advocate and editor of https://t.co/Esaj5fU58j. Get a free eBook (25 Facts About Food) at https://t.co/IkZzndSaNt,138517,43,3726,12,False,55607,False,True,False,15843059,0,human
111695736,Carla Rodrigues 🌻,carlabastosr,"Rio de Janeiro, Brasil",,1075,203,0,9172,False,15499,False,False,False,111695736,0,human
1668972426,Ai(diota)len,AilenPohOk,,"Dieciséis años siendo una idiota.        
Aguante el rock, la pizza y el fernet.",1539,1747,1,84980,False,24612,False,False,False,1668972426,0,human
262749118,J.D.,iownjd,"Ohio, United States","A @nerdinajock's body and perpetual optimist. Inform, inspire, engage, and learn from your network. Be cute, but real in this ugly world. Ask J.D. @letterstoJD.",991086,493069,2377,265754,False,52783,False,False,False,262749118,0,human
2267737617,tierra..🦋,_aaarreiT,somewhere loaded .. ,MLK Alumnae Cheerleader🐆C/O '17🎓amosc:aaaarreiT✨ #futureRN #soontobeMA #futureNursePractitioner,1127,1538,7,17173,False,44781,False,True,False,2267737617,0,human
254535789,tata,almeidathaix,,eu te escolhi e te escolheria outras mil vezes @Cruzeiro,1493,557,7,10809,False,82882,False,False,False,254535789,0,human
1388299412,Martina💄,22DEAGOSTOOO,"Montevideo, Uruguay",James💜💜💜💜,961,1551,3,1038,False,16051,False,False,False,1388299412,0,human
1195257565,Anita Caspar,AnitaCaspar1,,snap anitacaspar instagram: anitacaspar,1296,442,2,6535,False,8754,False,False,False,1195257565,0,human
115141256,ktn,KTNKenya,"Nairobi, Kenya",Bringing you breaking news and stories across the country |  http://t.co/1T2bqyK0I4  | https://t.co/YWcUy8fs5h,1755239,137,1494,1254,True,423373,False,False,False,115141256,1,bot
7259302,Joe Trippi,JoeTrippi,Maryland,"Author of The Revolution Will Not Be Televised. Board member @VanguardAfrica. Democratic Strategist. CNN Contributor.  I try to be civil, you should too.",826295,4252,4347,996,True,56331,False,False,False,7259302,0,human
260673756,北大 輝@忌中,honda_sado,北国鎮護神の御膝下,（普段は #箴言 bot制御）日々是好日 売られた喧嘩は買って死ぬほど後悔させるのが得意 https://t.co/ZZT4Mzqun0 作品朴られた時は本当に落ち込んだ 著作権法調べた https://t.co/Co6vbH6IMe このアカからの通知がウザいフォロワーさんは『 #箴言 』を禁止ワードに入れるが吉,1014,718,63,90712,False,330678,False,False,False,260673756,1,bot
121657291,徳川昇（仮名）,BlueSkyBlue67,長野→千葉→茨城→東京→水戸 そんな感じで今は茨城県民です｡,,1073,515,63,2678,False,92068,False,True,False,121657291,1,bot
25963876,E’Stevon P. Chulo ,Dimperachi,"Boston, MA",I got a heart like David but I'm built like Goliath 🇭🇹Aspiring Streamer|YouTuber|Vlogger|Twitch Affiliate (#Dimperachi),122248,64520,650,1239,False,148616,False,False,False,25963876,1,bot
16348549,ONE,ONECampaign,,"ONE is a campaigning and advocacy organisation of more than 9 million people taking action to end extreme poverty & preventable disease, particularly in Africa.",1599526,2914,9873,15909,True,37192,False,False,False,16348549,1,bot
44440275,Gary Braden,bradengw,#Longboarding ordinaire,"From living in a rented trailer/grunt uneducated mechanic to Software Engineer.   Joined @USArmy at 17.  24L, #Veteran, Ft Bragg M60 Gunner/M16/AK47 Expert",1631,3729,310,9641,False,50717,False,False,False,44440275,0,human
328045907,brgsjks,brgsjks,"Boston, England","I didnt choose the ipoh life, the ipoh life choose me. (brgsjksjob@gmail.com) #aimanarmy #kucaiyang",351905,8092,379,5666,False,26940,False,False,False,328045907,0,human
43310150,꾹꾸까까~❤,abipluse,,"One in a million.
그대를 아프고 지치게 하는 것들
다 나에게로 가져와 내게 맡겨봐요 ",913,1081,58,47943,False,254956,False,False,False,43310150,1,bot
724659744,Javi ⏳,Beautifuldaniu,,"No puedes detener el viento, pero puedes volar en el...",972,224,3,271,False,25489,False,False,False,724659744,0,human
1448217636,MBC.Net,MBCNetTweets,,"حساب الموقع الرسمي لمجموعة 
@MBC_Group",1520940,17,399,1,True,42441,False,False,False,1448217636,1,bot
130934881,Cynthia Urias,cynthia_uriastv,México México ra ra ra,"Mi frase: NUNCA tengas como prioridad a quien solo te ve como una opcion! Feliz, enamorada de mi familia y de Dios tvhost @cuentameloyaof y cuéntameloyaAlfin",1074073,1025,1964,3035,True,43003,False,False,False,130934881,0,human
912113748,Berita dan Kata,BeritaDanKata,"DKI Jakarta, Indonesia","Manusia lebih banyak belajar dan menyerap dari pengulangan suatu hal yg baik,Follow: @BeritaDanKata - hubungi kami di : rian.andriatman214171@gmail.com",30040,69,29,117,False,534139,False,False,False,912113748,1,bot
219056769,B,0Hhbreezy,"Portland, OR",♍️,1098,346,4,29256,False,64620,False,False,False,219056769,0,human
537524220,卂Ꮆㄩ丂ㄒ丨几卂,AgussFavot,Argentina ,Ҝ乇ㄚ千尺卂爪乇💚💖,1247,777,6,20885,False,21551,False,False,False,537524220,0,human
427288938,Bernard Cazeneuve,BCazeneuve,,,211626,619,1710,30,True,2779,False,False,False,427288938,0,human
236158107,Diana D'Agostino,diana_dagostino,Venezuela,"Soy Diana, mamá de Rodrigo, Ricardo y Reinaldo. Esposa de Henry, abogada. Dirijo la labor humanitaria @soysolidariove",128833,843,450,200,True,47879,False,False,False,236158107,0,human
36439939,Arc'teryx,Arcteryx,"Vancouver, BC","Delivering unrivalled performance, Arc'teryx quality conveys absolute confidence. Pursue Perfection.",127584,28422,1901,33503,True,27725,False,False,False,36439939,0,human
103053196,Jamie Little,JamieLittleTV,Indy,Mommy of 2|Wife|FOX Reporter&Host for NASCAR|Animal Rescue Ambassador|owner-Jimmy John's x2 Vegas|Owner Nothing Bundt Cakes- Indy-Keystone,178769,293,1974,15133,True,16138,False,False,False,103053196,0,human
496883368,Os Versos,OsVersos,,O segredo é tratar as pessoas como elas te tratam. Divulgue aqui! Contato: publicidades@outlook.com.br,1039645,151589,505,1756,False,58810,False,False,False,496883368,1,bot
221765424,BOD Banco Universal,BODoficial,Venezuela,"Realiza pagos donde estés y al instante, a través de tu teléfono inteligente. Descarga #PagoExpressBOD aquí: https://t.co/FX0HUyKgwd",162916,811,623,1232,False,59539,False,False,False,221765424,0,human
225313169,武装神姫　アルトレーネbot,ALTLENE_bot,ヴァルハラのギュウドン屋のカウンター,武装神姫アルトレーネのbotなのです！　 協賛:ﾃﾞｨｵｰﾈｺｰﾎﾟﾚｰｼｮﾝ　ﾃｨﾀｰﾝｽﾞ　(※なお実際の企業などとは一切関係ありません。ご意見・ご要望などは@tes2093100X2へ) ※非公式です,935,824,72,33,False,927310,False,False,False,225313169,1,bot
454119569,AGUSTINA,agustinamoren11,"Río segundo, Argentina","Fe, amor y esperanza ❗",965,564,1,5784,False,20179,False,False,False,454119569,0,human
246912277,برق,jrr7ll,,سامحوني حين ﺎخطي .. فليس عن الخطأ بمعصومين.,884879,720382,419,3601,False,88314,False,False,False,246912277,1,bot
551507402,Appz That Rock!,AppzThatRock,The World.,"win great prizes,",88217,27053,174,251,False,80767,False,False,False,551507402,1,bot
1589451132,Musical Suspiros Cha,besosysuspiros,mexico D.F,"SOMOS UNA PAGINA QUE TE INFORMA TODAS LAS NOTICIAS DE NUESTRO   BORICUA, @CHAYANNEMUSIC  EL ÚNICO QUE CANTA,BAILA,Y ACTÚA !",1518,833,13,8061,False,29775,False,False,False,1589451132,0,human
66643428,MTV Polska,MTVPolska,"Warsaw, Poland","Oficjalny profil MTV Polska na Twitterze. Najnowsze info o programach, celebrytach, wydarzenia i konkursy!",953549,357,302,2255,True,22514,False,False,False,66643428,0,human
90420314,Neil Patrick Harris,ActuallyNPH,Manhattanland,"Husband, father, random sayer of stuff.",27102289,137,58337,218,True,2987,False,False,False,90420314,0,human
16967612,Dilip K. Pandey,dilipkpandey,India,"#Activist #Archer🏹#Author of #DahleezParDil, @KhultiGirahein & #कॉलसेंटर 📖 140 अक्षरों में वाक्य विन्यास, ट्विटर पर अभिव्यक्ति का प्रयास🐦RT/Fav≠Me",231537,1150,340,16551,True,66532,False,False,False,16967612,0,human
456792557,HalabToday حلب اليوم,HalabTodayTV,Syrian Arab Republic,"قناة حلب اليوم الفضائية - نبض المجتمع الســوري
هي مؤسسة إعلام مجتمعي سورية غير ربحية مستقلة تلتزم المبادئ المهنية، تركز على ما يحدث داخل سوريا.",176735,3,618,13,True,86715,False,False,False,456792557,1,bot
2899383706,Dylan Smith,Cupidd__,"Pine Log, Ga","When life's got you at the end of your rope, dally off and turn left...",1159,2214,1,6118,False,3400,False,True,False,2899383706,0,human
176769813,福島 馨 Kaoru Fukushima,IHONOfukushima,"Aichi, Japan",IHONOというグループで自由にアート活動してます。オリジナルで『詩の朗読』の音楽を作ってます。いろいろ趣味でやってます。 IHONO is my Art & Music creation group. Original Works【Poetry Reading Music】,1003,876,111,6925,False,102272,False,False,False,176769813,1,bot
160159077,Defreds,Defreds,Vigo ¿Hay algún sitio mejor?,"Sonreír, saltar y escuchar :) No hace falta mucho más. No escribo poesía y ni mucho menos lo pretendo. Son mis cosas, nada más.",290512,988,512,79711,True,53369,False,False,False,160159077,0,human
885003066,Forex Заработок,investdollar,Россия,УВАЖАЙТЕ СЕБЯ! КРУТО ЗАРАБАТЫВАТЬ https://t.co/xJyA6WYmf1 В ИНТЕРНЕТЕ! РЕАЛЬНЫЙ ЗАРАБОТОК В ИНТЕРНЕТЕ!  https://t.co/xJyA6WYmf1 УВАЖАЮ РУССКИХ И ВСЕХ ОСТАЛЬНЫХ!,37043,23846,97,2,False,47304,False,False,False,885003066,0,human
70726185,いづみ☆彡 // C:17-U31,izumi_tw,,プロフ画は北村ヂンさんの贋作にがおえ。favorite:大道芸/温泉/富士山/チョコレート/さくら/ビール/鉄道旅/いちご/あんまんまんちゃん/ポケモンGO/鳥取/オセロニア/文スト/ビリヤニ･･･etc//おまけ：放送大学今年1年休学中//SUKE3&SYU記録用インスタ、izumingspassoにてきまぐれ更新中,1483,2425,33,70576,False,36450,False,False,False,70726185,0,human
276197452,Callywood Music,I_AM_CALLYWOOD,"Denver, Colorado",https://t.co/MFfFHwii4Z,1322,2186,34,250,False,578387,False,False,False,276197452,1,bot
1113769100,♚ رحـــــــــالــــ♚,100rahal100,,‏‏‎‎‎‎‎‎ ‎‎‎@messfer20,82290,83899,50,13437,False,74352,False,False,False,1113769100,1,bot
3920279115,HighProfitMT4,highprofitmt4,,,889,1014,25,2,False,13444,False,True,False,3920279115,1,bot
1198278313,Jack Griffiths,JackGriffiths1,"London, England","I have no talent but I was on Ladbible once. Other than that, just tweet the same stuff really. Turn notifications on. sc: jack.griffiths1",106168,42319,221,944,False,2933,False,False,False,1198278313,0,human
267185120,Holly Mcguire,HollyMcguirexx,"Marbella, Spain","B.A. Hons Fashion Design Student, Turned Model, Turned Page 3, Turned Singer/Songwriter, Turned Tv Presenter https://t.co/eLpijocSGH",143443,1869,353,4680,False,10169,False,False,False,267185120,0,human
15257790,Horse & Hound,horseandhound,Britain,Weekly equestrian magazine with a popular news website and massive forum community,115354,975,815,1041,True,52964,False,False,False,15257790,0,human
33625790,Esporte Clube Bahia,ECBahia,Salvador,"Twitter oficial do primeiro campeão do Brasil, bi nacional e dono da melhor torcida do país. Bora Bahêa, Minha Porra!",1379441,61,1127,1273,True,49561,False,False,False,33625790,0,human
47989062,Haki Ngowi,Hakingowi,Tanzania🇹🇿,"🌍 Official Twitter Page Of Haki Ngowi ®

💻📱

🐦Tweets From Haki Ngowi are signed hn+",225425,10777,84,32606,False,91138,False,False,False,47989062,1,bot
393032536,Jesimein,Jesimein,"Wakanda, California",@Youtube Content Creator | 1/2 Saiyan & 1/2 Black. Contact: Jesimein@gmail.com,58738,4604,158,12766,False,70149,False,False,False,393032536,0,human
2186755171,Andy Smith,aplsmith5,Telford,"Passionate re supporting #powerless via Meeting Point, #HumanRights #Peace, #FairTrade.vs Slavery & #ClimateChange #Artist #Resist #FBR, anti #Brexit #FBPE 🌊🌊",220774,228747,439,560,False,34128,False,False,False,2186755171,0,human
1329116436,CHANBAEK-FAMILY ✌ 찬백,CHANBAEK_FAMILY,ins: chanbaek_family,'열' 부터 '백' 까지 완벽해 ♡ {Since 13.03.31},248753,49,329,1744,False,48457,False,False,False,1329116436,0,human
564631124,Instagram ➡️ @800booty (+112K),800Nalgas,#800Booty,Cuenta sólo para  #BootyAdictos | Rendimos culto a los #traseros más hermosos de la red | Las #Nalgonas más Bellas! Síguenos en #Instagram,112376,3269,623,5508,False,70671,False,False,False,564631124,1,bot
1387188162,Cursi Mirrey,CURSICRUDO,México,"Volví más cursi, pero también te criticaré si me criticas. ¡Les extrañe mis Ladys!",93642,103622,93,1224,False,4348,False,False,False,1387188162,0,human
96497966,Gregg Doyel,GreggDoyelStar,Indianapolis,And STILL the sports columnist for @IndyStarSports! Plus I'm a professional dog-walker for WagWalking. What. Furthermore: #ColumnComing,105429,188,2640,13289,True,113128,False,False,False,96497966,0,human
17471979,National Geographic,NatGeo,Global,Taking our understanding and awareness of the world further for 130 years | Test your knowledge with our Messenger chatbot: https://t.co/ccYzeKUBSU,22459300,54,64445,6111,True,47472,False,False,False,17471979,1,bot
2971930268,ゆめかわいいの世界,ec5d97,ゆめかわいいものをつぶやきます。,お砂糖みたいな,1076,1478,5,1,False,9769,False,False,False,2971930268,1,bot
120808237,Club Necaxa ⚡,ClubNecaxa,Aguascalientes México,Cuenta Oficial de Club Necaxa equipo de la @LigaBancomerMX #FuerzaRayos⚡️ @ClubNecaxaFB y @NecaxaFemenil.,227038,504,886,13020,True,65894,False,False,False,120808237,0,human
2481764343,indiara,i30481760,"Rio de Janeiro, Brasil",Flameguista. Querendo viver sem medo de se arrepender e ser feliz. 👭💘#Comprometida❤💕👭😎😉💍#Resistência,843,1390,3,43920,False,56262,False,True,False,2481764343,1,bot
18440438,Mohamad Ariau Akbar,ariauakbar,"Jakarta, Indonesia.",Creative Technologist • Home Barista • Street Photographer | Product & Design @BizzyID,1004,1595,46,10804,False,32873,False,False,False,18440438,0,human
43298395,Berlin Philharmonic,BerlinPhil,"Berlin, Deutschland",The Berliner Philharmoniker's official twitter feed,131230,891,2870,1986,True,11431,False,False,False,43298395,0,human
303238869,Daniel Padilla,iDjsters,DJ 's World ✨❤️,"★「 We are not fans, we are DJSTERS. We are not obsessed, we are DEDICATED. We are not friends, we are FAMILY.」☆♥ (05/22/12)",94564,151,100,1501,False,11860,False,False,False,303238869,1,bot
95531927,Rachael,Chathamm,"Indianapolis, IN","The golden rule is my life motto.  

Instagram/snapchat/everything: Chathamm",1232,1073,24,11299,False,31068,False,False,False,95531927,0,human
723414284,SongBird,_beautyvoicebox,"Houston,Tx",Black As Hell #SheaButterBitch #SHSUAlumni,819,861,17,2977,False,62657,False,False,False,723414284,0,human
2469836959,تويتر الأحساء,alahsekaer,"الاحساء, المملكة العربية السعو",‏‏‏‎‎‎@mulhim_n عبدالرحمن الملحم  رسمنا أحسائنا إبتسامة وتس اب الحساب0559133355 snab.amolhim123,54968,6519,63,712,False,29613,False,True,False,2469836959,0,human
71020190,ChinaSource,ChinaSourceOrg,,A window into Christianity in China and the key issues that impact the church.,1560,530,49,255,False,6275,False,False,False,71020190,1,bot
813286,Barack Obama,BarackObama,"Washington, DC","Dad, husband, President, citizen.",104320730,616381,229991,11,True,15574,False,False,False,813286,0,human
20521828,Helen Zille,helenzille,Cape Town,"Mother, Makhulu, wife, Premier.  Likes enable me to save the comment NOT support it.",1359895,2299,2411,1243,True,64777,False,False,False,20521828,0,human
18938394,Catraca Livre,catracalivre,Brasil,Facilite sua vida!,1817902,1042,3018,1053,True,126863,False,False,False,18938394,1,bot
114023501,crys. 🇬🇭✨,cuteass_CRYSTAL,718➡️203,west african goddess 💅🏾 | 21 ♉️ | snap: cuteass_crystal | ig: crystalove425 ••Philippians 4:13•• 🌹,1602,1269,14,20325,False,66801,False,False,False,114023501,0,human
20525174,Grime Kids OUT NOW,DJTarget,London,"Author of Grimekids 📚
Music and Talent Lead at @1xtra
Co-founder of Pitched Up
DJ bookings: myles@echolocationtalent.com 
My Views only",106331,1305,659,31,True,112739,False,False,False,20525174,1,bot
128799124,Micheille Soifer,MicheilleSoifer,Perú,Peruana | Cantante | Actriz | Conductora | Contrato: 987 587 188 / contacto: oneup@gmail.com,1144084,2668,1319,12839,True,16157,False,False,False,128799124,0,human
71208005,Cheshire Police,cheshirepolice,"Cheshire, United Kingdom",The official Twitter page for Cheshire Police. This account is not monitored 24/7. For Non-Emergency Dial 101. In an Emergency Dial 999. #HereForYou,171918,809,808,3591,True,38608,False,False,False,71208005,1,bot
132830366,ayumi hamasaki,ayu_19980408,in this world,Instagram☞ https://t.co/epqC1Y938S youtube☞ https://t.co/gIIm8RrDCB,1395946,0,15885,0,True,4563,False,True,False,132830366,0,human
144804999,Universidad Granada,CanalUGR,"Granada, España","Twitter oficial de la Universidad de Granada. Una de las universidades de mayor prestigio europeo, fundada en 1531 y con 70.000 estudiantes.",125758,90986,1287,2259,True,36061,False,False,False,144804999,1,bot
2249271564,Brendan Coyle Online,BrendanCoyleOL,,"News, photos, and updates on actor Brendan Coyle (@brendancoyle99). Currently starring in @Spotless, @noblemovie and series 6 of @downtonabbey. Unofficial page.",956,91,8,489,False,2221,False,False,False,2249271564,0,human
3476878998,مٌخْتٓےـلِفھ࿐🎻💛,8o0otshy,مملگتي الخاصة .. 😴♥️,أنا لا #أخسر أبداً ... إما أن أفوز .. أو أتعلم!🦋♥️ #مٌخْتٓےـلِفھ࿐🌼🎻 لا أقبل التم المقدم🤚🏻 #الخاص_مهملُ🚫,83931,9347,310,23934,False,186899,False,True,False,3476878998,1,bot
87115541,ken-ichi,kencya,しおかぜビーチ,マグロ、ご期待ください。,923,938,35,1441,False,84798,False,True,False,87115541,1,bot
213570812,CLAMP・News,CLAMP_news,日本・JAPAN,【CLAMP】（４名でまんがを描いたり脚本を書いたりキャラクターをデザインしたり）の公式アカウント。最初に【ニュース】とある告知とRTが殆どです。 （Instagram：https://t.co/GK6EQjgJHM）,193039,98,2804,11,False,14371,False,False,False,213570812,0,human
2416820011,☆ martinez ☆,Oye_TitoNikee,....,☆ vivo mi vida a lo máximo ☆,937,151,39,302,False,263291,False,True,False,2416820011,1,bot
499219350,Alex Winchester Jr,_A1W_,302,Speed & Agility Trainer⚡️KC Stallions 10u Coach •• Elite Performance Training for all ages & sports🏈🏀⚾️⚽️🎾 •• Super Savage Training™🏋️‍♂️,946,295,4,4467,False,23633,False,True,False,499219350,0,human
1005564252948582401,Jhon Sijabat,JhonSjbt,"Muara Bungo, Indonesia",🐦 #Verified Official account of Jhon Sijabat. ❗ Advertising ⚠️ Public Figure ⚠️ Adv/Iklan: jhonsijabat44@gmail.com ⭐ #HalaMadrid ⚽,5,44,0,0,False,14,False,True,False,1005564252948582401,1,bot
374294966,Mike Modano,9modano,"AZ, Dallas, Minne, Park City","Mr. Mom living in Paradise. Allison, Jack, Kate and Reese.",329020,481,1240,125,True,6892,False,False,False,374294966,0,human
18812728,Andrew Schulz 👑HEZI,andrewschulz,"New York, NY","Comedian. Podcast Papi: The Brilliant Idiots, Flagrant 2, Westerbros. IG: AndrewSchulz Bookings@TheAndrewSchulz.com",97926,671,499,8818,True,3037,False,False,False,18812728,0,human
16231175,Blog do iPhone,blogdoiphone,Brasil,"Um dos mais populares sites sobre iOS (iPhone, iPad e iPod touch) do Brasil.
Tem perguntas? Faça em http://t.co/EGS8aOjROK",365952,83,1826,453,False,25727,False,False,False,16231175,0,human
15862891,Nature News & Comment,NatureNews,Worldwide,"Science news & opinion from the news team at Nature, the international journal of #science. Get our daily newsletter: https://t.co/jy3hdnoX0w",1888426,3641,19564,1285,True,52220,False,False,False,15862891,1,bot
716110115506622464,BHAD JHAYME,Babgonewild,ATL HOE ,💕Welcome to my fitter 💕 vacuum cleaner enthusiast 👸🏽|| finsta: Jaygonewildd,823,294,5,18059,False,51368,False,True,False,716110115506622464,0,human
1024806054,Ahmed Gamal,IdolAhmedGamal,,https://t.co/sxh6wauBNs https://t.co/oGmaQP38m8,1574933,105,1324,15105,True,16164,False,False,False,1024806054,0,human
15040988,Geoff De Weaver 🇺🇸,geoff_deweaver,"New York, USA",Author: How To Win New Business | Super Strategist | Entrepreneur | Digital Pioneer | Speaker | Marketing + New Business Expert | https://t.co/f7pK5v7nVA,438122,84151,4191,181400,False,485784,False,False,False,15040988,1,bot
2607096499,beINSPORTS الإخبارية,beINSPORTS_news,الدوحة - قطر,الحساب الرسمي لقناة beIN SPORTS الإخبارية,710219,3,1022,41,True,48628,False,True,False,2607096499,1,bot
368815711,Bérengère Krief,BerengereKrief,"Paris , France",Comédienne à Tendance Humoristique Zegang de @Boobsandzegang Sur Instagram,98531,291,386,65,True,8419,False,False,False,368815711,1,bot
2183080705,Creedance,Cheyenne_Loves6,Germany,Christian. Has been athlete. Fat Chick. Aspiring Makeup Artist. Student (Soon) Completely in Love with you. 💕,1496,4377,29,9305,False,13924,False,False,False,2183080705,0,human
39255637,Shivam,rowdy_ratnani,India,Trying to be cool on twitter after it stopped being cool. Reviewer-in-Chief @thishandleisok.,933,772,71,800,False,20692,False,False,False,39255637,1,bot
2957817826,lunden,Bridges_Lunden,"Chicago, IL",| I-XXX-MMXVI | writer. chi. | ig: bridges_lunden #Morehouse,1674,1276,6,10420,False,20768,False,True,False,2957817826,0,human
364591869,1/03👑♑️,Asvp_Janae,,The One & Only🙃💅🏾. #CSU22💛❤️,1375,1078,8,9662,False,66633,False,False,False,364591869,0,human
591555224,Le Magazine All Habs,LeMagAllHabs,"Montreal, Quebec, Canada",Le Mag All Habs est un magazine de hockey numérique portant une attention particulière au Canadien de Montréal. Le réseau Rocket Sports Média. @RocketSports,1239,1053,52,9,False,25002,False,False,False,591555224,1,bot
1243573092,5SOS Philippines!,5SOSPHOfficial,Philippines,The one and only official 5 Seconds of Summer Street Team & Fan Club in the Philippines duly recognized by @5SOS and their team. Est. March 2013.,73836,1187,345,15960,False,81148,False,False,False,1243573092,1,bot
18239795,Bob Burg,BobBurg,"Jupiter, Florida","Speaker & Bestselling Co-Author, The Go-Giver Series. Animal Lover. Free-Market Advocate. Money is an echo of value. IG: https://t.co/10BqTgSD8I",111934,99543,3376,19,True,109941,False,False,False,18239795,1,bot
710123736175783938,Security Testing,sectest9,"Hyderabad, India",News Hub! Get the latest Security News & Updates!,23148,1,7272,7,False,1257235,False,True,False,710123736175783938,1,bot
156845052,Grand City Surabaya,GrandCitySBY,"Surabaya, East Java, Indonesia","Towering above Surabaya, the iconic Grand City Mall & Convex set to change the face of Surabaya's luxury market.Grand City Surabaya, My City - My Destination",178552,351,80,720,False,16788,False,False,False,156845052,0,human
129633845,Brayan Balbin ,brayanbalbin,"Lima, Peru",INSTAGRAM: https://t.co/hUaDJ6WnIa SNAPCHAT: https://t.co/U6XOpyMPVI,109037,66905,177,27328,False,62727,False,False,False,129633845,1,bot
16313592,CBSDenver,CBSDenver,"Denver, Colorado","Covering Colorado First. #Denver area news, #BreakingNews, #Colorado, #cowx & more. Be sure to also check us out on Facebook: https://t.co/m2Uesbrbir",199797,14662,2508,4286,True,159949,False,False,False,16313592,1,bot
24742040,Xbox,Xbox,"Redmond, WA",Stay 🔌 in to the latest Xbox news and updates. Need help killing a boss? Ask your squad. For everything else 👉https://t.co/kVKEIy456v,13074396,17085,17109,3139,True,237860,False,False,False,24742040,1,bot
134164413,Relatable,omgrelatabIe,,Tweeting relatable thoughts & feelings. Just tweets that everyone can relate to. *I do not own any content or pictures posted on this account.* |parody account|,918901,55697,3073,284,False,55510,False,False,False,134164413,0,human
288452305,HABFoundation,ABFalecbaldwin,"New York, NY","Hilaria and Alec Baldwin Foundation. Supporting the arts + artists, amateur + professional. https://t.co/joORCCHv8g",1109055,1491,9367,806,True,21887,False,True,False,288452305,0,human
405113207,Angelica,AnbenitezT,"Springfield,Av. Siempreviva742","Mama de Arturo... Hago mucho Spam, Si me sigue es bajo su responsabilidad",948,171,5,4320,False,11161,False,False,False,405113207,0,human
544333505,Caperucita Zorra,caperucitazorra,Donde me salga del..,Soy una zorra. Y tú también.,33033,25027,71,2,False,49997,False,False,False,544333505,1,bot
846439395016232960,Follow @DiGiorno,DiGiornoPizza,Location? @DiGiorno,It's Not @DiGiornoPizza. It's @DiGiorno.,122,0,1,0,False,1,False,False,False,846439395016232960,0,human
42256402,BlogMundoCao_,BlogMundoCao_,São Paulo,"Jornalista, cozinheiro, blogueiro e comentarista de tv nas hora vagas!. Esquerdista.Integrante da Ursal.",1118,423,17,19678,False,42652,False,False,False,42256402,0,human
61710647,Ixpanea,ixpanea,México,"Vagabunda mochilera, actriz improvisadora, teatrera, la naturaleza y viajar me hace feliz. Me dicen la hippie de YouTube. contactoixpanea@gmail.com",165215,864,380,39917,True,8076,False,False,False,61710647,1,bot
55432787,3AW Melbourne,3AW693,Melbourne,Melbourne's #1 radio station. Follow us for breaking news + live updates. We love to hear from YOU. Footy? Go to @3AWisFootball.,127693,17153,1091,2274,True,86301,False,False,False,55432787,1,bot
192611378,Millonarios FC,MillosFCoficial,"Bogotá, Colombia",Cuenta Oficial de Millonarios FC. El equipo más grande del fútbol colombiano.,1687118,51,1501,0,True,31489,False,False,False,192611378,0,human
921999224,ظافر الشيبان,Dh_shiban,عاشق لعميد الأندية #الاتحاد ,"‏‏‏‏‏‏‏‏أن يكرهك الناس وأنت تثق بنفسك وتحترمها أهون عليك كثيراً من أن يحبك الناس وأنت تكره نفسك ولا تثق بها
 (حساب شخصي)",39664,214,40,1484,True,22618,False,False,False,921999224,0,human
214891135,Brooke Marie,BrookeMarieCam,🤱🏼,"Welcome! I specialize in Adult (18+) Custom Videos & PPV Clips. Solo and with my #twin @MissVikkiLynn Most importantly, I'm a #MILF",113402,85,452,15349,False,35623,False,False,False,214891135,0,human
188924568,Chris Brown,chrisbfacts,,Fan Page .. Keeping You Up To Date With Chris Brown! • Send A DM For Promo Purposes. ( Everyone Is Allowed) |Promo Prices Low|,100568,84,356,10189,False,27247,False,False,False,188924568,0,human
51529219,Blog Carola Duarte,caroladuarte,Ribeirão Preto - SP,,918,749,16,386,False,21511,False,False,False,51529219,0,human
92140604,Guaco,OficialGuaco,,La Súper Banda de Venezuela Ψ https://t.co/z6VKSXIOAt,1173691,2339,1509,3576,False,19897,False,False,False,92140604,0,human
1004073678,あろえ姐さん,aroettey,わしわし党推し,あろえってぃだよー★ ラブライブ姐さんやってますよ( ^ω^ )☝︎ たくさんお話ししてください！,904,966,44,4264,False,42103,False,False,False,1004073678,0,human
42858599,allgringo,allgringo,Japan,,980,581,267,2971,False,204884,False,False,True,42858599,1,bot
2861336274,Raylynn🐡🐡Cooper,AlphaCaelum45,,“say life’s a bish but mines a movie”~I’m pansexual but prefer boys~im weird. imma weirdo. if u don’t like it leave~”cya l8r boi cya l8r maybe neva”,1116,3333,159,54798,False,94712,False,False,False,2861336274,1,bot
144972794,Javier I. Mayorca,javiermayorca,Venezuela,"Periodista especializado en criminalística. Consultor. Miembro Observatorio Venezolano del Crimen Organizado.✏@RunRunesWeb,@DiarioTalCual, 🎤Fedecamaras Radio",156984,421,1315,58,False,70978,False,True,False,144972794,0,human
140446791,Comunio LaLiga,comunioES,Spain,"Perfil oficial de https://t.co/ANSPMJy3ev - El Mánager de Fútbol Online. El Original, desde 2000.",90302,1047,680,2102,False,61498,False,False,False,140446791,0,human
3019691246,Hikaru,407294n,YOKOHAMA,思えば遠くに来たもんだ 。 21歳の時、身体の事情でお勤めできなく、止む無く起業。 27歳時多額の負債〜〜 それでも今年創業30年を迎えられ、改めて人のご縁に感謝&感謝 少しでも世の為、人の為〜普通のひとびとのお手伝いができたら我が人生本望‼️ 生涯現役でうきうきワクワク愉しみましよ〜。,88568,94061,117,68197,False,11038,False,True,False,3019691246,0,human
194975681,𝔸𝕝𝕗𝕚𝕖 𝔹𝕠𝕖,AlfieBoe,Somewhere most of the time.,I sing a bit. My new album ‘As Time Goes By’ is Out Now!! 🎙️#ItsBoeTime,105455,448,615,208,True,8036,False,False,False,194975681,0,human
341863906,Patria Digital,PatriaDigital,,Compilado de las más importantes noticias de interés nacional... Hecho en #Socialismo... Hecho en #Venezuela!!,921,31,11,4,False,146509,False,False,False,341863906,1,bot
2876076186,طناخة #الاتحاد 100K,itti_IFC,نادي الوطن,"اتابعك وتلغي؟=حظر / #الإتحاد عشقي / الخاص فيه جن و عفاريت / #الاتحاد #العميد #المونديالي #ittihad

#وداعا_محمد_نور",88929,73483,24,14,False,26649,False,False,False,2876076186,1,bot
768314389,SaxonLynn Arts,SaxonLynnArts,Texas,"SaxonLynn Arts - the husband and wife artist duo.
Beach Art,Surf Art Custom Skateboards & Anything With Punchy Bright Colors.
Murals- Graphic Design, Fine Art",1068,1168,159,926,False,26116,False,False,False,768314389,1,bot
321980982,ITTI NEWS اتي نيوز🇸🇦,ITTINewspaper,ضوء يسطع و منبر يجمع,صحيفة الكترونية مرخصة من وزارة الثقافة والإعلام للتواصل والإعلان راسلونا على البريد الإلكتروني info@ittinews.net,181322,44,316,31,False,34952,False,False,False,321980982,1,bot
1333443091,Brett Ferres,BrettFerres11,,Rugby player @leedsrhinos Ambassador @TruSox @BudgySmuggler,26148,478,44,9229,True,5223,False,True,False,1333443091,0,human
2720186326,kelsey💓,1litprincess,"Georgia, USA",yall hate me but yall still watchin 🤪,1366,753,8,17085,False,38926,False,False,False,2720186326,0,human
140225642,cheli,chelinato,,Ama de casa,1544,1139,13,1864,False,78666,False,True,False,140225642,0,human
109396186,عبدالله الحربي,alamattaqs,Jeddah ,مهتم وملم ببعض جوانب الطقس وتحليلها معرفي (بارق الغبشه) محب للتصوير ومطاردة الامطار احترم وجهات النظر في حدود الادب مؤسس #عالم_الطقس - جديد التوقعات في المفضله,201275,405,940,6400,False,83912,False,False,False,109396186,0,human
581662807,4 Vision Media & PR,4VisionPR,Lebanon,4 vision Digital Media agency seo online digital advertising portals website design logo corporate id,25080,9869,62,25,False,128498,False,False,False,581662807,1,bot
19932359,Greggs,GreggsOfficial,Newcastle UK,Welcome to the official Twitter page of Greggs. Long live sausage rolls!,163192,12392,519,26840,True,110708,False,False,False,19932359,1,bot
32221027,Brooke Tyburski🎀,BrookeTyburski,"Charlottesville,VA✈️Phoenix",💕Dancer• Sox & Pats Fan• ASU ‘22💕,1046,2035,5,29164,False,12404,False,False,False,32221027,0,human
385539815,Enver Aysever,enveraysevera,,instagram enveraysever,1458891,788,1099,251,True,53494,False,True,False,385539815,0,human
1471405406,mama❤(M´･_･`M)最愛⭐✨,maomamafish,❤️(M´･_･`M)❤️,✨ID-S ✨SIDモバ✨@mao_sid✨ シド初め1/1 ✨Billboard2/6 ①②2/10②✨JMELO2/7✨Whiteday3/14①②✨箱ツ5/6 6/15追加6/27✨うちわお渡し会8/13✨いち好き9/14 9/18 11/21✨Xmas12/11①②✨横アリ2019/3/10,1640,1397,86,219355,False,194697,False,True,False,1471405406,0,human
79103654,Corey Seitz,CoreySeitz,,"Follower of Jesus. Husband to Tara. Father to London, Scarlett & Audrey. Skateboarder. Restaurant Director @cfamuskogee | @sbts @whufc_official",1074,1901,10,3606,False,4835,False,True,False,79103654,0,human
261944586,أذكار المسلم,alathkaar,,حتى نطمئن بذكر الله,2327745,19,1740,202,False,115046,False,False,False,261944586,1,bot
53146923,Banda El Recodo,ElRecodoOficial,De Mazatlán para el Mundo,Gracias Por Tu Amor ft David Bisbal en todas las Radios. Este espacio fue creado para estar más cerca de uds. FB:bandaelrecodo Inst: elrecodooficial,1255903,3008,1269,3714,True,44414,False,False,False,53146923,1,bot
131570753,サトミ⤴︎⤵︎,yakimeshi17,ツイプロは必読じゃないけど閲覧推奨,サトミ(STM)です。主にメタルスラッグのマルコってキャラが好きです。 ツイッターは定期購読のノリでやってるので壁に向かっておしゃべりしている ■特殊嗜好(笑)垢は数字を13にしてね ※絵の無断転載ダメよ,1296,1013,46,113878,False,276450,False,False,False,131570753,1,bot
211001312,مَيمّ,Badorh,.,حصنتكٌ و حصَنت حُبنا برب الفلقّ من فاجَعة الفراق.💙,994,788,4,1629,False,70676,False,False,False,211001312,1,bot
20710218,MLB Network,MLBNetwork,,"To find MLB Network in your area, visit https://t.co/A0IOVeXoAl. 👻/IG: @mlbnetwork. Social Media and Giveaway Rules: https://t.co/N1IT8Qa8Ap",1500018,4763,9355,11575,True,56714,False,False,False,20710218,1,bot
1554010706,happy--,burglarry28,,"Bands, bands & more bands",628,236,4,36643,False,11952,False,False,False,1554010706,0,human
39091293,Snap glendakozlowski,glendakozlowski,,"Aqui tem de tudo. Seriedade e devaneios. Notícias, abobrinhas e bom humor!!! Reporter, Apresentadora, narradora! De tudo... muito! 🖖🏼",974264,621,3852,3011,True,22644,False,False,False,39091293,0,human
2318100289,Iahgos,iahgos,"Goiânia, Brasil",levem este perfil a serio aqui nao tem ironia.,711200,883,3216,42779,False,202852,False,False,False,2318100289,1,bot
16585310,Corazón Films,CorazonFilms,México,La nueva gran distribuidora de cine en México.,968459,1398,1422,5962,True,30666,False,False,False,16585310,0,human
916641536,kemusi,kemusiP,,虚言癖があります。30%の確率で本当のことを言います。,1110,708,44,18357,False,61315,False,False,False,916641536,1,bot
2160498763,Overseas Agent UK,OAUKNetworking,London + Colchester,Unique #SocialMedia networking account for #OverseasAgents & #Property Industry Service Providers across the UK. @EAUKNetworking concept.,1352,2405,26,328,False,4610,False,False,False,2160498763,1,bot
920708302987722753,🎶,I_Abdulh,,,54,22,0,0,False,1,False,True,False,920708302987722753,0,human
503244216,Babygirl💕,aalexisss_3,"Dundalk, MD",,1002,570,1,15067,False,80522,False,False,False,503244216,0,human
724463826,IG : dj_tablaa,DJ_TABLAA,Cp : 081217777771,@TheWeek_IND | Official ! Business Bookings : tablaa.theweek.br@gmail.com,42696,7446,22,1448,False,5576,False,True,False,724463826,0,human
355784391,Motivational Quotes,911well,universe,"SEARCH 'Fearless Soul' on iTunes, Spotify, Amazon or GooglePlay for the most Inspirational, Life Changing Speeches. Business: team@iamfearlesssoul.com",632469,371917,4557,120530,False,92259,False,False,False,355784391,1,bot
538285556,عبد الباري عطوان,abdelbariatwan,London,"Writer - Author - https://t.co/5LvFoFY8V6
https://t.co/5tFft2K9HR",1957640,558,3006,5083,True,17518,False,False,False,538285556,0,human
57083275,Karol Jesús Lucero V,Karol_LuceroV,"Chile, Campeón de América","Comunicador; Conductor de Tv y Radio, Columnista. Embajador @AyudaAlProjimo_ | Tv & Radio Host, Columnist, Businessman, Skydiver, Diver & Dj. CEO @Grupo_Luves❗️",1110506,56,3730,153,True,90143,False,False,False,57083275,0,human
1395837230,اعلانات,__C100,,اعلان وتسويق منتجاتكم لجميع مناطق المملكه,1165085,645127,963,198,False,4299,False,False,False,1395837230,1,bot
1723491799,Sexy Culonass ®🍑👯,sexyculonas,On twitter,"@SexyCulonas , potonas y más #asupinchimaye #denunciaunanalgona",4429,289,43,54,False,99621,False,False,False,1723491799,1,bot
19916572,Jason Plato,jasonplato,Oxford,"Bloody hell...97 BTCC Wins, 229 Podiums, 50 Poles, 88 Fastest Laps, 2 Time BTCC Champion, 8 x BRDC Awards, 2 x National Racing Driver of Year and not done yet!",106411,770,939,903,True,11679,False,False,False,19916572,1,bot
424720725,De💍ndra,been_GAWJUSS,"Durant, MS",woman w/ ambition & drive👑💋,1086,730,2,557,False,6786,False,False,False,424720725,0,human
471703396,ちっち·ᴥ· @fenrir,chicchi22022,,寝るのとゲームが大好き✩︎⡱ ⸜⌄̈⃝⸝‍ DBD / MHW / R6S / PUBG / BO3 / FF14 fenrir鯖＆chocobo鯖 / パズドラ(950↑)▷FFBE▷ᙏ̤̫ #MHW #DBD #PUBG #FF14 #パズドラ #fenrir #chocobo #FFBE,1512,1330,19,8291,False,72219,False,False,False,471703396,0,human
838509693429559299,abcTrader,abcTraderClub,"Miami, US - Medellin, CO",Rentabilice su capital aprendiendo a Invertir a largo plazo con un beneficio / riesgo moderado o Especulando a corto plazo con Trading en mercados financieros.,1889,0,54,0,False,1938,False,True,False,838509693429559299,0,human
1160306918,３行ラブレター,Dougaomoshiro,,たった３行であなたをときめかせます♪ときめいたらRTしてね♪,31450,11812,27,1,False,74951,False,True,False,1160306918,1,bot
1640879869,alper ile yıkılışa doğru,alprdnzzz,Giresun,UÜ • New Media 👨‍💻 • Kendi halinde manyak biri • alprdnzzz@gmail.com • İçimden gelenler @agabenibisalin,237763,44492,164,78840,False,13232,False,False,False,1640879869,0,human
22708797,Harvard Health,HarvardHealth,"Boston, MA",Knowledge is the best medicine. Providing you with trustworthy health information from the halls of @Harvardmed and world-famous affiliated hospitals.,2353642,859,11010,699,True,7156,False,False,False,22708797,1,bot
619399679,Frases & Signos,esoterica,Brasil,Esotérica™,5147,4,6,0,False,2058,False,False,False,619399679,1,bot
231112057,Amparo Grisales,Amparo_Grisales,Colombia,T. oficial de la actriz colombiana Amparo Grisales. Actriz desde chiquita! Consciente de mi Mente y de mi Cuerpo!Dios y mi familia!Amor total por los animales!,1068306,1115,2034,14578,False,30998,False,False,False,231112057,0,human
1318284638,Syed Haider Naqvi,HNakvi,Islamabad,,28533,1164,45,6006,False,7446,False,True,False,1318284638,1,bot
998242564422750209,Camila Paredes,CamiSJ15,,,0,28,0,2,False,2,False,True,False,998242564422750209,0,human
194908659,112Twente.nl,112Twente,Enschede,"24 uur per dag nieuws uit de regio! Heeft u nieuws, tips of beelden? Mail naar nieuws@112twente.nl of tip ons via onze apps!",106531,960,310,0,False,79241,False,False,False,194908659,1,bot
618310703,court,Court_Natasha,,#USF19 | 🇧🇧 | #blacklivesmatter | Proverbs 3:15,1522,773,5,38637,False,30912,False,False,False,618310703,0,human
332321195,Beatriz,biaamartino,"Niterói, Brasil",✨snap:beatrizdmartino✨ // instagram:beatrizmaartino,1098,769,1,5041,False,47885,False,False,False,332321195,0,human
20731304,adafruit industries,adafruit,"New York, NY - USA","Electronics, community, art, learning, and sharing.",155624,741,4471,1503,True,96974,False,False,False,20731304,1,bot
3018024769,〘βΔŇŞĦ€€ツ,BansheeDaRetard,my housie ,Noscope,631,890,2,367,False,1859,False,False,False,3018024769,1,bot
192608058,ㅤㅤMiga Sua Loka,migasuaIoka,Jacareí - SP ,"Miga Sua Loka, você tá em todas! contatomariodenis@hotmail.com ✉️",1692114,71,879,2066,False,19092,False,False,False,192608058,0,human
63375729,راس قمّه| 900 K,488mt,كل مكان يستطيع حملي ,kik | 488mt,910205,38142,1781,7,False,72647,False,False,False,63375729,1,bot
1829011585,Brullerby Suarez,Brullerby_Suare,"MBI, Edo. Aragua",Alcalde Bolivariano Chavista y Comunero del Municipio Mario Briceño Iragorry.,6100,1168,32,2673,False,16878,False,False,False,1829011585,1,bot
118288671,NET MEDIA,netmedia_info,INDONESIA,NET. Official account only @netmediatama & @netmedia_info | Info Seputar NET.,1080212,63,995,54,True,68294,False,False,False,118288671,1,bot
91508386,dipped cosmetics,BriiNadjh,,Owner of @DippedCosmetics ✨ Howard University Alumna,1043,830,6,3202,False,73975,False,False,False,91508386,0,human
924967777,zz,ilhoononly,,비투비 ✧ 아이유 ✧ 에이오에이✧ 라붐 ✧ 악뮤 ✧ 보미 ✧ 레이디스 코드 ✧ 현아 graduated from kpop life aka 987655242 lightyears away from updates but will still listen to baes,840,248,11,4550,False,89591,False,False,False,924967777,1,bot
226341562,Cristian 🍻,CristiaanCAAB,,"LA VIDA SENCILLA, ALL BOYS Y CARNAVAL - Callejeros. Gardeliando. La 25.",906,448,3,6560,False,85030,False,False,False,226341562,0,human
366417743,こどもbot,anknown_zero,,こどもbotです。本垢→@fujii_syana 　リフォローは自動です♪,770,983,6,13,False,189136,False,False,False,366417743,1,bot
366075666,INTT,INTToficial,"Caracas, Venezuela","Cuenta Oficial  del Instituto Nacional de Transporte Terrestre, ente adscrito al Ministerio del Poder Popular para el Transporte.",114772,821,519,2009,False,68009,False,False,False,366075666,1,bot
907152121,اجمل الابيات,abyats,وطن النهار Q8,أجمع لكم هنااا كل ماهو جميل .. وأعمل رتويت للأبيات الرائعه .. شاركوني الابداااع,96665,61265,146,51,False,127725,False,True,False,907152121,1,bot
993363480,ديوانية الشرقية,3_x_x_,المنطقة الشرقية,آخر أخبار الشرقية والمملكة | فعاليات | تغطيات | مناسبات | شكاوي ودعم #الأسر_المنتجه للتواصل والإعلان ع الخاص,115994,58584,163,44,False,38642,False,True,False,993363480,0,human
27834261,DJ Infamous Talk2Me,DJInfamousATL,"ATLANTA, GA","INFAMY ENTERTAINMENT CEO, V-103 RADIO ATL, LUDACRIS TOUR DJ, THE HEAVY HITTERS, DASH RADIO",98438,1347,662,18,False,28177,False,False,False,27834261,0,human
162780281,cam🕉️,Camii_cabrera1,Tigre,"•20•


♌",867,552,3,18946,False,22165,False,False,False,162780281,0,human
139202541,Pierre McCarragher,DiveSiteNet,Canada,The Scuba Diver - Scuba diving News 24/7,9906,2152,46,1,False,6589,False,False,False,139202541,1,bot
15860542,Destination BC,HelloBC,"BC, Canada","Official tourism organization for British Columbia, Canada. Come #exploreBC with us!",152435,1393,2464,8001,True,83713,False,False,False,15860542,0,human
1201545410,Mr.,Maneerh05,,"‏‏‏‏اسك : http://t.co/6F3DXEzZ8M‎‎‎‎‎












































استغفرالله العظيم وأتوب إليه .",706,729,1,1094,False,23838,False,True,False,1201545410,1,bot
19397785,Oprah Winfrey,Oprah,,,41863805,302,89792,157,True,12609,False,False,False,19397785,0,human
347607131,おしゃれ手帖,OshareTecho,聖ヤンサン学園,"長尾謙一郎『おしゃれ手帖』のセリフbotです。
@OshareTecho宛に「ヒョウ」「もしもし」「ポンタ」「ヒン兵衛」「せーのっ」などつぶやくと、反応あります。",832,0,39,1,False,138393,False,True,False,347607131,1,bot
885179286,ɮɛt ∆,bertaniam,concepcion,(SWS20/08/15💀 y 14/08/18👄)(Maná16/03/16💞)(GNR29/10/16🌟 y 29/09/17🌹)(GD12/11/17💚),958,2315,1,210,False,4493,False,False,False,885179286,0,human
112948196,Gのアザラシおじさん,maumanya,白熱の南極（名古屋）大陸,PSID:maumausan/3DSﾌﾚｺ4012-7023-0629/富野信者/ガンダムｷﾁｶﾞｲ/ガンプラ/ポケモン/スパロボ/スト魔女/ペリーヌさんの尻/｢｣/99ann/深夜の馬鹿力,1105,741,90,232935,False,510258,False,False,False,112948196,1,bot
847113145,❄    أحمد       `,aalghatreef,,,96020,93181,29,4239,False,55554,False,False,False,847113145,1,bot
27109378,Stephanie Wilson,Crazy_Golfer,"Brisbane, Australia",I'm the future world #1 women's golfer and there's nothing you can do about it :) Now working at @smqueue as Community Champion,86649,54354,1467,156,False,124241,False,False,False,27109378,1,bot
3075931313,Maria Banda,banda_mlbanda,"Cleveland, OH","Born in Brazil, Naturalized American citizen and mother of three beautiful children!Love my USA ❤️Love God ❤️Let's take America back! #NeverTrump",1641,1386,44,25286,False,30587,False,True,False,3075931313,0,human
541261629,abby🌻,abalaimo,Newman,something sweet,1183,608,1,9658,False,2680,False,False,False,541261629,0,human
1607241085,Adanacity,bizadanaliyik,"Adana, Türkiye",Kardan adam yapmayı bilmeyenlerin şehri Adana'nın en fiyakalı mizah sayfası.,336987,8265,57,33618,False,11881,False,False,False,1607241085,0,human
2438311802,Reem,Adv_777,,حيث يكون #الهلال 💙💙💙,77444,87224,48,137,False,17982,False,True,False,2438311802,1,bot
34239016,calciomercato.com,cmdotcom,"milano, italia",il sito di news di calcio n.1 in italia / Italy's no. 1 football news web site. English account: @CmdotCom_En Seguici anche su Instagram,127566,587,1055,120,False,117349,False,False,False,34239016,1,bot
29949435,#MeetingYourPower #ERAbyDJZinhle #ZeeNation,DJZinhle,"ÜT: -26.065987,27.948693",Africa’s no1 female DJ! BOOKINGS@DJZINHLE.COM | https://t.co/y4OAHuldIn,2450563,9568,2280,3246,True,58861,False,False,False,29949435,0,human
1961336024,Carolina,CaroolinaVila,"Entre Ríos, Argentina","Mi familia, mi luz 🐶❤
Estudiante de Educación física⚽🏀🏊",1174,971,1,12775,False,37327,False,False,False,1961336024,0,human
27693717,Joey Da Prince,JoeyDaPrince,"Tuscaloosa, AL","Crown Music | Artist | Youtuber 100,000 Subscribers l #TeamRayann |  | My email: JoeyDaPrinceMusic@gmail.com",87312,688,304,16962,False,150475,False,False,False,27693717,1,bot
2612293840,confesschelou ©,confesschelou,,Envoyez-nous vos confessions en DM et nous les publierons en ANONYME. 👀,94062,5029,122,5059,False,7270,False,False,False,2612293840,0,human
82171278,Lord Jada of House Brevett,JadaBrevett,"London, England",Actress • Writer • Director || kylo wouldn’t like those chips.,58270,8699,106,34448,False,19520,False,False,False,82171278,0,human
90921168,Netas Divinas,netas_divinas,CDMX,Twitter Oficial Netas Divinas  ⏰ Día y hora: Miércoles 10 pm 🔁 Repetición: Sábado 10pm 🎥 Sólo por: @UnicableOficial https://t.co/J8aBYmFcf7,1117819,85,1539,10146,True,30060,False,False,False,90921168,0,human
2444516970,Taste Like Love,TasteLikeLov,"Charlotte, NC","Healthy snacks, Gluten and dairy free recipes, Grilling recipes, Christmas baking recipes, Grill recipes, Yogurt recipes, Healthy eating, Healthy recipes",1585,1916,641,16,False,225380,False,True,False,2444516970,1,bot
457944154,Motivasiilmu,MotivasiIlmu,SMS/WA 081314146340,"Follow @motivasiilmu, memberi inspirasi , mencerahkan, memotivasi diri untuk selalu lebih baik. Kontak Iklan: Elzataher@yahoo.com",1245992,7,538,328,False,66549,False,True,False,457944154,1,bot
60851517,동아일보,dongamedia,대한민국,세상의 모든 뉴스와 콘텐츠를 당신의 손안에!,108697,30302,1612,57,True,72968,False,False,False,60851517,1,bot
123620874,Colleen Kelley,colleenk407,,W&J '21,1142,859,2,28169,False,18059,False,False,False,123620874,0,human
2458134986,Baroness,BaronessDupont,,I love smoking & drinking whiskey 🥃 I love sex and think it's a vital part of what makes us human. Not to be owned. No Dms,141605,326,435,21670,False,28775,False,False,False,2458134986,1,bot
20985527,Lecrae,lecrae,"Atlanta, GA",https://t.co/eliHBY27cl,1677582,421,6117,5522,True,12773,False,False,False,20985527,1,bot
14607140,hackaday,hackaday,Virtual Hackerspace,Fresh hacks every day 🔧 Collaborative project hosting built for hackers by hackers ☠️ Join the community at @hackadayio,143130,2216,3497,7557,True,46545,False,False,False,14607140,1,bot
78687173,Ciudad Bizarra,CiudadBizarra,"Valencia, Venezuela","Pelabola certificado, con comentarios que tratan de colarse en las pupilas gustativas del colectivo.  Para contactos CiudadBizarraNews@Gmail.com",1119109,374322,3931,48,False,175531,False,False,False,78687173,1,bot
994111987,HDHighResPorn.Com 🎥,HDhighresporn,,"(18+ Adults Only) The Hottest New 18+ Teen & Milf #Hardcore, #Lesbian, #Erotica Videos and Lots More. #Babes FREE LIVE SEX CAMS: https://t.co/S2imFNZSAY",210238,2126,1001,40843,False,73964,False,False,False,994111987,1,bot
375135445,Anne Glenn,AnneGlenn74,USA,Never underestimate the power of prayer. #Christian #BabyLivesMatter #Covfefe #Confefe #Deplorable #SuperElite #ProudAmerican #JesusIsLord,1551,1560,66,64638,False,135573,False,False,False,375135445,0,human
587526194,けんP@1/6スターライトクルーズ,ken1500,ウサミン星　◆所属: RPPRPRODUCTION、765プ,"みりあ&紗南担当のモバマスS4パッションP、デレステ第14&26期SSS、亜美P、当人男性、非声ｵﾀ、非変態。無課金でシンデレラガールズ＆765ASを中心にアイドルマスターを応援＆楽曲鑑賞中心にP活動中。 ◆765OFAシーズンファン数: 1,956万人（全国８位）◆現モバID:133838980",1938,1985,129,12022,False,42683,False,False,False,587526194,1,bot
116769784,Marsalis👨🏾‍🚀🛸🖖🏾,HeyItsMartty,Jersey,your friendly neighborhood alienweirdo🖖🏾 I’m all about my Waffles and French toast. I rap/kinda sing and what not. uhh idk what else goes here so yeah.,55885,66211,133,1817,False,76913,False,False,False,116769784,1,bot
528507656,bia,bewareofbea,,para sempre é sempre por um triz,980,642,1,3880,False,35862,False,False,False,528507656,0,human
1290082680,Ellen Pompeo,EllenPompeo,NY/LA,Professional Asst to Stella Luna Sienna May and Eli Ivery,1604898,576,3172,6681,True,5548,False,False,False,1290082680,0,human
527650146,Constanza De Reatti,ConstanzaDeReat,,,1250,644,0,18333,False,37401,False,False,False,527650146,0,human
120143525,セネカ,annaeuscaesar,東京県,欅沼に在住の奈良県民。クラシック音楽、YUI、藤原さくら、欅(平手、影山)、栄（竹内彩姫）、Dortmund(10/11～)、香川、マリノス(17～バクスタ2階住民),1002,864,69,74323,False,322099,False,False,False,120143525,1,bot
18197498,Bob Vila,BobVila,New York,"The Official Twitter Account of Bob Vila, America's Handyman. And the original salt-and-pepper beard. http://t.co/tfhb4HX3RB | https://t.co/5xW0UgljL7",919751,182,2744,757,True,10831,False,False,False,18197498,0,human
2928556470,そろそろ消えます@速度制限,0cNAmS2t0jncEjp,速度制限中は浮上率激減&フォロバ不可です,#fatego #shadowverse  別アカはこちら→@card3099,799,769,8,106556,False,38362,False,True,False,2928556470,1,bot
461277906,04 Limited Sazabys,04LS_nagoya,Nagoya/Japan,04 Limited Sazabysの公式Twitter。2008年名古屋で結成。ライブなどの最新情報を世界最速でお届けしマス。,355209,3145,3405,209,True,9953,False,False,False,461277906,1,bot
58826629,Amy,amymastrine,United States,Artist 👩🏻‍🎨 🌈 ☯️,1008,963,41,6493,False,16150,False,False,False,58826629,0,human
181099378,だからこそ@神戸,dakarakoso,兵庫県神戸市,詩を書いています。 あちこち行くのが好き お店屋さんが好き ゲームが好き パンが好き 愛犬はレッドのミニチュアダックスフント お酒はウイスキーが好き 愛娘は可愛い,1025667,1123283,2698,138,False,2248,False,False,False,181099378,1,bot
363900537,chelsea,chelseanebolisa,,Happiness -Naija girls do it best- #UNC18,804,985,2,1778,False,4638,False,False,False,363900537,0,human
3308360891,AmazingVines,AmazingVines,,Contact @HintzeMedia for business.,3,2,0,0,False,2,False,False,False,3308360891,0,human
1561973462,abril,abril_barrio,la pampa,,1248,574,4,13284,False,32093,False,False,False,1561973462,0,human
1891171214,جريح الصمت..,a5wesh,انسان جرحه عميق(ساااامحوني),‏‏‏‏ألهي ..ياعالم بكل أﻷحوال وعالم ماتخفيه الصدور وعالم ما بالنوايا.اللهم من أراد بي كيد أو شر فجعله في نحره وجسمه وفي بدنه.فأنك تعلم ونحن ﻻ نعلم.,231546,22435,34,7083,False,162648,False,True,False,1891171214,1,bot
1281280700,ΛLFΛBЯIΣLL,alfabriell,紫色的天堂        DIVING THE W0RLD,[L'CREME] #RMCF #MUFC •#FLOW2040• #NoHayBreak #FreeKendo Dive•Surf or Die,1146,249,22,5028,False,42013,False,True,False,1281280700,0,human
42836285,DJ CURFEW,DJ_CURFEW,"Palo Alto, CA",Entrepreneur | Libertarian | Dreamer,271420,72,55,177,False,280,False,False,False,42836285,0,human
106485105,G.V.Prakash Kumar,gvprakash,india,"Indian film score and soundtrack composer, Actor , Singer & Producer #வீரத்தமிழன் #rebel insta : https://t.co/CSu7YhoZge",5171164,34,1054,35246,True,12247,False,False,False,106485105,0,human
76593802,Víctor Arrogante ✊,caval100,Madrid (España),"Ayer y hoy militante por la justicia, la igualdad y la solidaridad. Inmediatamente me di cuenta que era algo por lo que merecía la pena lucha. #porlaRepública",119598,93947,983,46745,False,596203,False,False,False,76593802,1,bot
621681015,Annie,Annie_1251,,"Lies are simple, Truth is complex Living in Retrospect #VoidzHooliganz",1456,689,51,110568,False,99902,False,True,False,621681015,0,human
14293310,TIME,TIME,,Breaking news and current events from around the globe. Hosted by TIME staff.,15719954,856,102259,514,True,308350,False,False,False,14293310,1,bot
3820376903,Ana,AnnaSilva____,Vila Velha,"Se Deus é comigo contra mim ninguém será! 🙏❤
 ❤@LuanderReis",2424,596,1,2954,False,70668,False,True,False,3820376903,0,human
3306242996,Buy . Express,BuyDotExpress,United States,Check out daily cool stuff at https://t.co/vaaqmvAXfq,211833,20464,430,1896,False,237531,False,False,False,3306242996,1,bot
1678548306,♩✿˹ᓚɺgɹ̈ɹ̣ɺI˼,btool_2019,المملكة العربية السعودية,"‏‏‏‏‏‏‏‏‏‏‏‏‏‏‏‏(اختر لقلبک مايليق بمقامهہ)
‎‎‎‎‎@btool_45",113022,104888,136,578,False,126881,False,True,False,1678548306,1,bot
2150223160,💫,hanan471,🇸🇦1435❤️S❤️R❤️M❤️,الخاص مهمل نهائي❌❌,173740,172852,154,1099,False,78488,False,True,False,2150223160,1,bot
976973737,Slime Kurren$y,365GettinIt,Out Da Swamp ,#GGE,772,1114,2,16348,False,44250,False,True,False,976973737,1,bot
713337475,ععّلي السالم🖤.,_Ail47,"kik,  abb47_",قرب لي يالله البُسطاء فأنا لا أحتاج سوى النّوايا الطّيبة ❤️ ، ١٩٩٩ | ابن لأب و أم عظيمين | .#فيليب_لام ⛔️.,1936,2305,1,921,False,22113,False,True,False,713337475,1,bot
937104758,Agustina,Agus_sosa15,Las Toscas,Snap: Agus.sosa9 // Promo 18❤️,1803,1378,0,24532,False,12238,False,False,False,937104758,0,human
87390266,Bernie Abrellia,bernieabrellia,YK-BDG-SBY and then (?),nakal tapi berakal | hingga tak tersisa tenagamu kecuali saat bersujud kepada-Nya | Archival @UGMYogyakarta 2012,926,428,4,42,False,38270,False,False,False,87390266,0,human
2549172114,イッテン@温水洋一推し,it66085434,イッテンと呼ばれております,アニメや漫画のネタを中心に呟きます。アイコン→ @ponponusaさん。サブ→@ITTEN0518 ツイフィール(一読お願いします。)→https://t.co/Rgozp7lcm2 不定期で配信します→https://t.co/LLQvkUZCJV,126353,146882,218,13403,False,52548,False,True,False,2549172114,1,bot
467646256,خبر عاجل الإخبارية 🇰🇼,ALAKBArkwTT, +965 | 66000637 ,,109076,1,288,150,False,44540,False,True,False,467646256,0,human
135416747,Bondan Winarno,PakBondan,"Ubud, Indonesia",On My Honor I Will Do My Best                                       Celebrating Culinary Culture                        IG @maknyusbw,1258381,392,1266,192,True,44937,False,False,False,135416747,0,human
55176518,Babnet,babnet_Tunisie,Tunisie,Site web d'actualité en continue,219699,8,313,0,True,144269,False,False,False,55176518,1,bot
25132897,Bree Essrig 🏳️‍🌈,BreeEssrig,"Los Angeles, CA",actor. writer. foot model✌️✨ for bookings & inquiries: mgmt@paralumanmedia.com,100142,2481,497,9653,True,901,False,False,False,25132897,0,human
536997660,ﾂﾂﾞｷ,ayufeme,太田留美,"EK9とGolf5GTi
貧困ホットハッチマン。
PUBG:ayufeme lol:QSS 誘ってください",993,501,9,5879,False,32310,False,False,False,536997660,0,human
108456596,WORLD PEACE,BABYFAITHmisato,町田市(東京です),本村碧唯.阪神タイガース、チェルシー.ダラスカウボーイズ、人間観察.カレー.チョコレート.が好きなおっさんです。【熱望】HKT48全握券,86177,61836,703,556,False,51521,False,False,False,108456596,1,bot
423668324,أذكار و عبر,athkar1010,,,84461,63185,35,24,False,59077,False,True,False,423668324,1,bot
1135688252,Rafaell,Bultron45,"Carolina, PR",IG/Bultron45,854,0,2,1873,False,36188,False,True,False,1135688252,0,human
61314535,Editorial Alfaguara,AlfaguaraMex,México,Alfaguara es la editorial de referencia en el campo de la creación literaria en lengua española. Un sello de Penguin Random House Grupo Editorial.,435843,788,1441,5427,False,19058,False,False,False,61314535,0,human
70352000,Intex Technologies,IntexBrand,Delhi,"Welcome to the official account of Intex technologies, an Indian origin manufacturer of Smartphones,consumer electronics and IT accessories since 1996.",159848,5045,94,1410,True,16430,False,False,False,70352000,0,human
332250142,سامي الشويكي العنزي,alshwiki1,,اللهم لانصر الا نصرك فانصر نصرنا وانصرنا,120632,249,352,496,False,138958,False,False,False,332250142,0,human
2836421,MSNBC,MSNBC,,"The place for in-depth analysis, political commentary and informed perspectives.",2305384,589,22112,655,True,153981,False,False,False,2836421,1,bot
1869341275,©®,CandeRotela,Brk - Cba ,P19,1693,1252,3,5038,False,13163,False,False,False,1869341275,0,human
385718466,صالح الداود,aldawood_s,"الرياض, المملكة العربية السعودية",متمسك بالبساطة لأنها الحياة.. لا أرحب بالتغريدات المتعصبة .. حساب الإنستغرام Saleh_aldawood3 سناب : salehaldawood3,132967,318,474,95,True,6981,False,True,False,385718466,0,human
611582397,Maganda lang Ako,BahayniQuotes,Wala kang PAKE!,(MAGANDA LANG ANG MAKAKARELATE)PROMOTION: DM US :),74940,0,34,259,False,4888,False,False,False,611582397,0,human
1564498860,#NF @BenPhrases 200k,dopeasshiphop,"Dothan, AL",Not affiliated with DOPE ENT.,88695,90819,127,251,False,10278,False,False,False,1564498860,1,bot
100170006,E.,TSMostHigh,Sorcerer/Neuro-surgeon,Apparently I'm a comedian but I'm really just depressed & socially awkward | For business & other inquiries strange.elyon@yahoo.com,1039,913,8,744,False,75838,False,False,False,100170006,0,human
1293787292,きりり〔ヒョンスン待ち〕,418Beauty93,ㅎ ㅅ ,BEAST 현승 なぽさん おしょう ｼﾞｪｼﾞｭﾝくん はなさん ガッキーさん dance BBQ X-erox B-style 新潟 MV出演→TheWinkingOlw AKB48 安室奈美恵 CM出演→2018ポカリスエット その他→AyaBambiスタンドイン,1092,1016,3,6504,False,33649,False,True,False,1293787292,1,bot
4497835955,Σαλαδίν Αλ ηοσεΐν,Ba2Om,,,42914,2366,4,3671,False,31620,False,False,False,4497835955,1,bot
16794201,sweet magnolia,crystal63,IN~Deep Oceans~OF~HIS L💞VE,BeLieving~FATHER~H💟LY~ FAITHFUL~&~TRUE💐THX🛐IN🕊️ SPIRIT~🚰F~GRACE 1~GOD~JESUS~LIVING W📖RD~Our PEACE~&~J🤗Y~L💝VE~IN~✝️RUTH  WHO'S~SAVIOR~&~L🔆RD ReSt~&~RePoSe=SHAL💮M,1292,1089,34,61796,False,33566,False,False,False,16794201,0,human
2852407598,ジャニーズ愛@相互フォロー支援アカ,1hairo,,ジャニーズの情報を発信しています。#少年隊#SMAP#TOKIO#V6 #KinKi Kids#嵐 (グループ)#タッキー&翼#NEWS (グループ)#関ジャニ∞#KAT-TUN#ジャニーズWEST#Sexy Zone#Kis-My-Ft2#KAT-TUN#Hey! Say! JUMP#相互フォロー支援アカウントです。,40974,18146,39,494,False,5826,False,True,False,2852407598,0,human
39941540,insopportabile,insopportabile,"Sardinia, Italy","Ne ho le scatole piene, ma con eleganza.",134022,37154,1398,10495,True,173673,False,False,False,39941540,1,bot
97979210,La Noticia Viral,LaNoticiaViral,Para México y el mundo,Te traemos las tendencias más relevantes de México y el mundo,1015908,19097,4091,994,False,45468,False,False,False,97979210,1,bot
332710234,DR mahmoud osman,albedya_editor,مكه المكرمه,جراح التجميل والحروق والتشوهات والعيوب الخلقيه,36897,137,19,850,False,140727,False,False,False,332710234,1,bot
15593696,8 News NOW,8NewsNow,"Las Vegas, Nevada","#BreakingNews, #VegasTraffic, #VegasWeather, #WeatherNOW, #8OnYourSide, #ITEAM8, #Sports8 and more from the CBS affiliate in Las Vegas. #8NN",229129,1948,1564,5540,True,125856,False,False,False,15593696,0,human
410089108,Greg Capullo,GregCapullo,US,"Artist of METAL, REBORN, BATMAN, SPAWN, QUASAR, X-FORCE, THE CREECH, HAUNT, World of Warcraft, Album art for FFDP, DISTURBED, KORN & more. Defiant till Death",150106,824,1871,18165,True,41015,False,False,False,410089108,0,human
4155011358,*,3washky,,لكل عابر من هنا : كن كالغيث تروي قبر عمي بدعائك ، اللهم اغفر له حتى لا يبقى من المغفره شيء . @f8idy_,954,304,3,7596,False,12197,False,True,False,4155011358,0,human
920610398,هاش تاق عُمان,hashtag_oman,,المشاركة عبر الوسم الهاشتاق افضل أداة لطرح الآراء وضمان لوصولها لشريحة أكبر من الناس ..كن صوتا فاعلا لمجتمعك..وجدنا هنا لإيصال ما تودون. «الأكثر تداولاً»,150433,13950,154,25231,False,4551,False,True,False,920610398,1,bot
553429991,ALGpGp,Al_GpGp,,"‏‏‏‏الله الَّلـي ينتصـر للصَّابـريـن
https://t.co/oP48yANqeJ",154042,1075,273,78,False,1554,False,False,False,553429991,0,human
63805938,Diario Financiero,DFinanciero,Chile,Twitter oficial de Diario Financiero Online. Actualización minuto a minuto de noticias e indicadores.,145257,1173,1800,314,True,155176,False,False,False,63805938,1,bot
1445374915,AppBank Store Zちゃん【公式】🐣,appbankstorez,,AppBank StoreのZちゃんなのです♪「あなたのスマホライフにHAPPYをプラス！」お買い物をしていただくみなさまにハッピーをお届けなのです(๑•̀ㅁ•́๑)✧ お問い合わせはこちらまでお願いしますなのです！ → https://t.co/GxxOGTPKb8,71988,10086,369,1963,False,21259,False,False,False,1445374915,0,human
23083404,LeBron James,KingJames,Amongst La Familia!,EST. AKRON - ST.V/M Class of '03  http://t.co/IneJylUd1m #IPROMISE,42028430,181,44857,138,True,6197,False,False,False,23083404,0,human
1045212613,TWITEIRO™,Citou1Twiteiro,,~~~~~~ [Sigam no @Privacidades] [Dono: @LucasSacanao] ~~~~~~ ↓↓↓↓↓↓↓↓↓ Me siga no Facebook ↓↓↓↓↓↓↓↓↓,82601,83719,92,986,False,678427,False,False,False,1045212613,1,bot
81856710,Eamonn Holmes,EamonnHolmes,Usually at an Airport,TV Presenter & Radio host Listen to me on @talkRADIO | Mon - Thu | 4-7PM Watch me on ITV’s @ThisMorning every Friday alongside my wife @RuthieeL,984211,8394,2329,19605,True,47936,False,False,False,81856710,0,human
2886648994,✨ Inspire Them...✨,Imported_Fun,"Shanghai, China","Inspiring creativity and free thinking, one child at a time, with award-winning STEMed activities and Free DIY classes. Curator of  #InspireThemRetweetTuesday",124390,119239,1905,178476,False,156627,False,False,False,2886648994,1,bot
3086994153,ana 💎🐦🇧🇷,bundadoney,"Londrina, Paraná","Porque eles são meu mundo, eles são meu tudo! @neymarjr @justinbieber ❤| #Belieber #Neymarzete ❤ JB seguiu 13/01 ❤ fan account",837,1887,6,38790,False,40413,False,True,False,3086994153,1,bot
58908838,Коффбой,koffboy,,Подписывайся! Нам будет хорошо вместе!                                                        По вопросам рекламы - koffboy@gmail.com,877364,5,3340,824,False,247345,False,False,False,58908838,1,bot
532885733,Ayejaye,AyejayeRadaza,,,7054,688,4,11869,False,22749,False,False,False,532885733,0,human
634627602,المقاولون,Contractors_sa,"Riyadh,ishbilia","للتسويق والاعلان [وفر مالك و جهدك و وقتك وتفرغ لاعمالك وحياتك دعنا نقوم بتسويق اعمالك
للطلب عبر حساب الدعم الفني @contractor_care",44792,0,48,19,False,39650,False,False,False,634627602,0,human
1619779116,偉人達の知恵袋(名言BOT),ijinnochie,,"偉人達の思考に触れて、自分の世界を広げましょう。
悩んだ時ここに来れば答えがあるかも！？
基本botですが、わりと中の人も呟きます(・∀・)/･･･botが凍結されると聞いて震えております。",20886,1985,60,6,False,43275,False,True,False,1619779116,0,human
1213081351,Guia Cidade Regional,CidadeRegional,Todo o Brasil,"O Guia Oficial da sua Região, Guia Comercial, Classificados, Seminovos, Eventos, Cupom Ofertas, Artigos, Blog e muito mais, nos add. no Facebook click no site!",843,2211,5,144,False,328,False,False,False,1213081351,0,human
144147895,youngcharles,ArianaDesiree_,dtx ,2 questions: what's poppin? & Is it legit?• 9teen • Extra-Chunky Hershey Bar 🍫 #SHSU21• I'm 6'9 in my head 💅🏾 @bsa_allday 😋,1528,1185,9,51021,False,53967,False,False,False,144147895,0,human
239625459,Papa Luchon,darkvader2015,"Amsterdam, Holanda","Tnlgo., Democrata, Barcelones, anticorreista.
Libertario, Ateo,3er Anticristo",1747,254,89,1494,False,544843,False,False,False,239625459,1,bot
115963433,kazinho,bruatthedisco,150731 170319,a gente vive de khanacademy e xhamster,1055,527,23,26144,False,137277,False,False,False,115963433,0,human
505615979,Dani 🌹,BHW_1969MM,"Ushuaia, Argentina","❄️ ""Desde el 2007 hasta siempre"" Ig: ddanigonzalezz",1323,1857,2,48615,False,24942,False,False,False,505615979,0,human
767396,amber mac,ambermac,Internet,"Bestselling Author; Keynote Speaker; President, AmberMac Media; 🤖 Co-host @aieffect, #TheFeed @siriusxm; TV Host @BloombergTV @FastCompany @Shopify 🚀 #Tech",116023,23767,7072,46789,True,52817,False,False,False,767396,0,human
342880502,DINIO GARCIA,diniogarcia,BARCELONA,@milenamillon ❤️,76900,631,306,13543,True,15278,False,True,False,342880502,0,human
461804603,codejobs,codejobs,127.0.0.1,¡Nuestro lema es Comparte el #Conocimiento! Ayúdanos a seguir compartiéndolo https://t.co/ufEW50gBUW,101905,27410,2181,10915,False,327952,False,False,False,461804603,1,bot
728638035986886656,Athletes Only™,AthOnly_,,follow for everything sport related,4,2,0,8,False,3,False,True,False,728638035986886656,0,human
3791723174,Bi Loves,BISEXUALoves,#LoveWins,We're gay and that's totally okay 🌈,11229,259,6,4076,False,6231,False,False,False,3791723174,0,human
862884598216130560,Jake Zyrus ☄️,OfficialCharice,,singer/songwriter. sending love and peace to everyone. i love you all.,862,19,0,13,False,42,False,False,False,862884598216130560,0,human
126743385,austy,AustinDuhaime,,💮,930,471,5,13153,False,5126,False,True,False,126743385,0,human
1131598854,Bárbara,barbichahin,Cosquin - Cordoba ,Orgullosa de tener una banda roja que me cruza el alma. 🐔💚✊🏼💜,1674,821,1,16263,False,18088,False,False,False,1131598854,0,human
28403745,Erika Rae,ErikaRae74,Nor*Cal         IG/SnapChat:ErikaRae74 ,"driving between mom life and thug life daily. capricorn cat lady. Seahawks, Warriors, A’s. #PelotonGang 🚲✨",946,1330,61,5860,False,53935,False,False,False,28403745,1,bot
2530946646,Ignacio Fernández,_ignaciio17,Uruguay_Rocha,insta: ignaciio.fernandez,1643,954,2,15281,False,92219,False,False,False,2530946646,1,bot
3164718758,メイプル🍯🐝,ma_am0522,日本,ポチカムとTwitter懸賞をしてます。只今フォローが上限に達しているためフォロバ出来ない状況。せっかくフォローしてくださっているのにごめんなさい🙇,2485,4997,52,13280,False,78544,False,True,False,3164718758,1,bot
55947313,CRUZ AZUL FC ®,Cruz_Azul_FC,Ciudad de México,Twitter Oficial de Cruz Azul ® || Official Twitter Account from Cruz Azul ® #EternamenteAzul #Lamáquinaceleste,1724950,144,2872,10391,True,34862,False,False,False,55947313,1,bot
13213122,Deadspin,Deadspin,,"Sports News without Access, Favor, or Discretion. Contact us: tips@deadspin.com.",1065311,1477,13625,69,True,92987,False,False,False,13213122,1,bot
224168353,Аргументы и факты,aifonline,Russia,Официальный аккаунт aif.ru,122887,38,869,1,False,76443,False,False,False,224168353,0,human
628982536,Daiana Filipigh,DaianaFilipigh,"Córdoba, Argentina",You should go and love yourself. 20 años.,1150,806,0,13460,False,22456,False,False,False,628982536,0,human
709876468617244673,#CarecaTv2m,CarecaTv,"Jaú, Brasil","Oi, aqui é a Lorena, tenho um canal no YouTube chamado Careca Tv! • Snap: carecatvoficial• Insta:careca_tvoficial
contato • contatocarecatv@outlook.com",180539,391,70,2838,True,3988,False,True,False,709876468617244673,0,human
45698212,Candy Charms,CandyCharms69,snapchat name: candycharms69,model 32L bust Insta: candycharmsofficialx 📧lushouslips69@hotmail.co.uk wishlist: https://t.co/0vdqg3esNG,143525,970,690,15569,False,25407,False,False,False,45698212,0,human
436821727,Clément,ImHellaRich,LA,I'm me. I'm French. Follow or die. Im an entrepreneur | antechamber of @thefrenchieboi,93301,77996,251,16,False,17850,False,False,False,436821727,0,human
237882441,Gidget Migliaccio,Gidget1432,USA ,"IFBB Bikini Pro. Training & Nutrition Programs Competition & Body Transformation. Designer @MyProSuit Competition Suits, Beach Bikinis & Fitness Wear",274399,4764,77,1135,False,1947,False,False,False,237882441,0,human
3262143763,.,AmrikaAlsubaie,,لا إله إلا انت سبحانك إني كنتُ من الظالمين .,2075,0,4,27837,False,22371,False,True,False,3262143763,0,human
1181493252,Лучшие воспоминания!,back_to_90th,worldwide,Все мы родом из детства! Давайте вместе вспоминать наше лучшее время! По вопросам рекламы - koffboy@gmail.com,71837,8630,377,4864,False,86944,False,False,False,1181493252,1,bot
800833795234611200,‏ƁƛЄЄƊ,baeed0,,▅ ▃ ▂ سَفرِي بعيد وزَادِي لاَ يُبلِغُني ▂ ▃ ▅ للتفاعل بالرتويت إبدا ' 10/5 ونبهنِي ◂ خاص ..,35948,32592,29,9,False,13474,False,True,False,800833795234611200,1,bot
44668684,iPhone Hacks,iPhoneHackx,,"Unlock the potential of your iPhone, iPad and iPod Touch. 

This Twitter account is managed by Gautam (@gautamp777)",110316,3,1831,62,False,63922,False,True,False,44668684,1,bot
476362131,BORT,chelsie_drew,Hell,YouTuber & Fashion Blogger | Dr Pepper brand ambassador | #Pepperpack #Ambassador ✈️,104406,67900,100,23798,False,23746,False,False,False,476362131,0,human
154957091,Princess💋,CUNTAGIOUS_,,,905,374,5,4232,False,94444,False,False,False,154957091,0,human
2159697150,Anna J. 💋,Anna_NoMae,"North Carolina, USA",3.19.19 💗,1271,582,5,4883,False,29542,False,True,False,2159697150,0,human
2318968129,2000 € al mese REALI,guadagnaincam,Italia,Ecco come Guadagnare anche oltre 2000 € al mese in Cam!,970,0,0,16,False,427001,False,False,False,2318968129,1,bot
181549694,小野寺雄一,onoderayuichi,大船,"プンプンのおじさんです。
ひとりで寂しくなったときや苦しくなったときはこんな風に呪文を唱えるんだ、『神様、神様、チンクルホイ。』って。",972,418,24,0,False,20981,False,False,False,181549694,1,bot
495319948,Rapunzel ✿,CathyTorres09,,Nunca dejes que nadie te diga que no puedes hacer algo❤❤❤/Snap: cathy.torrrs,1162,589,3,17690,False,53982,False,False,False,495319948,0,human
14223809,Митя Алешковский,aleshru,"Москва, Россия","председатель совета благотворительного фонда нужна помощь, директор портала такие дела, фотограф",92712,2867,787,1406,False,128677,False,False,False,14223809,1,bot
40898254,JAX,Jax,,First you take a graham. Then you stick the chocolate on the graham. And then you roast the mallow.,80036,739,671,36105,True,6149,False,False,False,40898254,0,human
996460902,Ana Sanzera 🇲🇽,AnaSanzera,México,Sanzera de más de media vida. @AlejandroSanz tu luz es lo más grande. @AludDeLuz 1439,1436,802,10,11750,False,79681,False,True,False,996460902,0,human
2960573252,이경석,a01041862533,,,982,1439,0,4010,False,6284,False,True,False,2960573252,0,human
337741447,8 Troll Football,8TrollFootball,Worldwide,No BULLSHIT. Just the awesome and fucking best TROLLS N' Stuff like that. EXCUSE US IF WE OFFEND YOU. P.S. : WE LOVE TO OFFEND YOU.,125351,229,583,12,False,13675,False,False,False,337741447,0,human
1650904332,Rubén Darío Bravo Rondón,bravorubendario,"Bogotá, D.C., Colombia","Oriundo de Zapatoca #Santander, Abogado @Unilibrebog, especializado en derecho contractual y Administrativo @URosario. La vida es bendecir y siempre bendecir",1624,151,34,1128,False,179745,False,True,False,1650904332,1,bot
322526117,Aww ! That WA monkey,TheTypoOfGod,"Karachi, Pakistan",A Typo In Life. Mumma's Bai.                                                            Followed by @SatanKiNani :'),1338,537,33,25074,False,105496,False,False,False,322526117,1,bot
18244358,Nat Geo Channel,NatGeoChannel,"Washington, DC",Follow us for the latest on what's happening at the National Geographic Channel in the U.S. Questions and comments welcome!,1874798,4851,9359,10161,True,49815,False,False,False,18244358,1,bot
1033028106,Big Biting Pig,BigBitingPig,KY,"Making independent horror movies and psychological thrillers with great stories, complex characters, and lots of twists! Find our 10 features on our website!",92035,92046,685,5625,False,20364,False,False,False,1033028106,1,bot
85989198,Danda Funk,DandaFunk,The Midwest and Beyond,"Song Writer, Guitar Player, Bass Player, Drummer",911,1851,33,0,False,4848,False,False,False,85989198,1,bot
65477786,Diva Gissele Morales,Divathebawse,"Dar es Salaam, Tanzania",Radio Host Cloudsfm ® ENTREPRENEUR,157079,14655,219,11745,False,104917,False,False,False,65477786,0,human
83701293,Graco Ramírez,gracoramirez,Morelos,Político mexicano. Demócrata de Izquierda.,159515,4486,858,1003,True,47730,False,False,False,83701293,0,human
42170630,Lauren Young,loyoung,"Manila, Philippines","Actress and stuff 🦄
loyounginquiry@gmail.com",1008999,593,739,696,False,42737,False,False,False,42170630,1,bot
958880016,もか,cafeore_disk,,23/PS4/MHX/いろいろ呟きまする,721,316,5,1817,False,11605,False,False,False,958880016,0,human
118509623,Revista Contexto,Contexto_Tuc,"Tucumán, Argentina","Contexto desde 1997 es LA REVISTA de Tucumán, República Argentina.",103501,91970,0,2668,False,265650,False,False,False,118509623,1,bot
467712489,ANTI BOTINERAS,anti_boti,,La pesadilla de toda botinera. http://t.co/bs1qBPbYdc. Para fotos y datos: anti.botinera@gmail.com. Ventas #ABTV: ventasymarketing.abtv@gmail.com,169841,1872,210,6198,False,47836,False,False,False,467712489,0,human
278519480,العربية العراق,AlArabiya_Iraq,Dubai,حساب #العربية لتغطية أخبار #العراق,2598551,38,762,0,True,24619,False,False,False,278519480,1,bot
251277482,Roman Lepokhin,Casperenush,Ukraine,dude with a mouth and a microphone,116615,393,478,10915,True,25078,False,False,False,251277482,0,human
127002708,Brandi G,_ilovebrandi,216 . 757 . 719 . 808 .,Mother. Wife. Business owner. Brand builder. a WOMAN with many hats! 💕👗,986,652,20,204,False,101642,False,False,False,127002708,1,bot
2897877407,Sofía👸🏻,AbriilSofia1,"Morón, Argentina","Snap: abriil.sofia1👻 
ig: abriilsofia1  
Gallo de mi vida 🐓❤️          
     
💚aborto legal seguro y gratuito 💚

#3octElCristoEXPLOTOcool",1545,950,4,29911,False,53870,False,False,False,2897877407,0,human
356324165,Chop Boards,ChopBoards,"Baltimore, MD",Personalized Cutting Boards that are the right balance of fun and function. They also work with clients to design their own personalized gifts for all occasions,30270,14798,12,0,False,7648,False,False,False,356324165,1,bot
2416088899,Daniel Urresti,DanielUrresti1,Perú ,Gral EP (r) Ex Alto Comisionado en la lucha contra la minería ilegal Ex Ministro del Interior,368543,389,337,36726,False,36018,False,True,False,2416088899,0,human
152486068,pirrr,Cemilees,,se me atacar eu vou atacar / ♓️,1092,433,55,9849,False,34789,False,False,False,152486068,0,human
791250175,IntPicks.com,IntPicks,,The Most Accurate Sports Handicapping Source,18404,127,41,235,False,11861,False,False,False,791250175,1,bot
1618730976,bia #BTSBBMAs,Hazzabrilha,"Rondonópolis, Brasil","Deixe o seu sorriso mudar o mundo , mas nunca deixe o mundo mudar o seu sorriso :)",1564,4323,45,156873,False,119789,False,False,False,1618730976,1,bot
152114423,buat seseorang,BuatSeseorang,CP 0811179661,ungkapkan isi hati kamu Format : @buatseseorang Kata2mu (@idTwittermu) #buatseseorang. contact iklan : buatseseorang@gmail.com,1040544,2,678,19,False,383036,False,False,False,152114423,1,bot
4902726274,Max Jones,JayGShore,,#LFC,76,167,1,1948,False,569,False,True,False,4902726274,0,human
2908308039,Хэнк Муди [18+],im_hank_,,Делает твой день.,429981,27,231,9,False,35168,False,True,False,2908308039,1,bot
1039491917145432064,م د,Abo_Mrzoq,لا اله الا الله,,3,11,0,3,False,7,False,True,True,1039491917145432064,0,human
2249273336,Cam,CameronJ4144,lincoln ne,Never cry over spilled burritos.,838,826,2,4070,False,2025,False,False,False,2249273336,0,human
2900157139,エッチな☆☆,eitango8,,エッチな☆☆をつぶやきます。,1091,1425,1,2,False,71079,False,False,False,2900157139,1,bot
174243123,Flavia Dos Santos,flavia2santos,Colombia,Psicologa-Sexóloga certificada Libros:Sexo Sin Misterio/ Que hago con el Sexo/ Poliamor/ Sexo Mandamiento. Linea de productos íntimos Flavia Dos Santos,1124459,379,2159,6168,True,34537,False,False,False,174243123,0,human
131594211,ドＭＪＵＳＴＯザ御洒落脂肪者,coolfatman,,体はおっさん 心はＪＫ,1156,2149,57,5014,False,217245,False,True,False,131594211,0,human
259798883,Norman Rosenthal,DoctorNorman,"Washington, D.C.","I am a psychiatrist, researcher and author, who loves discovering new ways to help people feel better. For free sample chapters of my books:http://t.co/AvQF2rgx",39729,26823,639,630,False,6183,False,False,False,259798883,0,human
152551783,Alexander Liang,alexanderkenton,Toronto & The World,"Artist, Blogger, Entrepreneur // Founder @blankandblueco, Style Expert on Season 1 of ""Style Factory"" on Slice TV",97851,1349,712,107,True,58683,False,False,False,152551783,0,human
66385167,Estetica y Salud,esteticaysalud,Venezuela/República Dominicana,By @CusiFit https://t.co/jtzrEJEVJx https://t.co/ZM5LS2JLdk contacto@esteticaysalud.com.ve,1274260,725,2761,1889,False,233226,False,False,False,66385167,1,bot
3222118555,高柳明音,akane29_o8o,avex-management.,ちゅり/鳥🐥/料理🍴/カメラ📷/二次元📚/Bリーグ🏀 #シーホース三河 PR隊長（代理）（@churio8obird ）/ラジオ日本:生まれてこの方/TBSゼロポジ/東海テレビ映画MANIA/ AWA『音旅』/ 11.24映画『ONLY SILVER FISH 』/ 映画 リメンバーミー 吹替,169922,382,2658,6489,True,8067,False,True,False,3222118555,0,human
451835819,A,Alingri,,‏‏‏,730,2080,2,1654,False,41362,False,True,False,451835819,0,human
564474061,فاصل رياضي,calcio_q8,kuwait,مشجع لـ روما .. عاشق لـ كرة القدم ،، اتشرف بالجميع,167443,1679,914,1549,False,230532,False,True,False,564474061,1,bot
1633538550,AWILLTHAGREAT,AWillThaGreat,Milwaukee,New single “Midas Touch” is now available everywhere! 💫,1125,790,6,3512,False,37944,False,False,False,1633538550,0,human
69451632,JuiceManDan,ayeeowoyele,"Arlington, TX",RIP Kelvin | Owner of @edenapparelus | UTA Transfer,2542,1509,11,27976,False,38455,False,False,False,69451632,0,human
2279725112,Gabriel Gonê™🐢,MeStalke,"Santa Catarina, Brasil","depressão, memes e pornografia",1391,1201,9,50075,False,156070,False,False,False,2279725112,1,bot
2652608395,عرباوى,3rabawy_,"North Sinai, Egypt",L 3ayz RTS y3ml mn L likes w y2ol dn fl mention aw DM .. @Abo_salem7 .. follow 3l instagram .. Mohamed_salem745,179589,83381,90,65,False,86790,False,True,False,2652608395,1,bot
285298203,Aldo Lara,aldolara21,"Guadalajara, Jalisco",Deportes - Corresponsal Claro Sports - Guadalajara,1406,839,30,7154,False,28032,False,False,False,285298203,0,human
2216593188,baby shark,bebellebfr,05/08 ✨,fogo nos racista bala nos machista e fé pra nós - anna 👧🏻,2898,670,33,6146,False,83469,False,True,False,2216593188,0,human
50069007,Defra UK,DefraGovUK,UK,"Official feed for Defra, UK Department for Environment, Food and Rural Affairs. Please note: we do not respond to queries on social media.",135687,843,1981,2561,True,18132,False,False,False,50069007,1,bot
193896993,Hüseyin Çelik,hc_huseyincelik,"Ankara, Van, Gaziantep","Doç. Dr. Öğretim Üyesi, Van ve Gaziantep eski milletvekili, Kültür ve Milli Eğitim Eski Bakanı",1021369,322,1011,134,False,2724,False,False,False,193896993,0,human
44088315,Cath Kidston,Cath_Kidston,"London, England","London, EST. 1993. With bags, accessories, fashion, homeware & things for the kids, we aim to brighten up your day.",118184,3032,746,15253,True,26156,False,False,False,44088315,0,human
358101059,Tom Gilbert,121Training,,Personal Trainer London | For workout videos go to https://t.co/AjWUVV1pTn,87426,1441,391,20,False,36937,False,False,False,358101059,1,bot
558215877,War and Peace,cynthharrington,,Gen-3 American Latina. Gen-1 lib crusher.,928,1166,43,36640,False,79048,False,True,False,558215877,1,bot
1450486789,❁ Yoshiho❁,xolll_0_4_2_0_z,,ポジティブに生きてゆきたい(^-^),862,1035,4,0,False,17692,False,True,False,1450486789,1,bot
280092340,わんこ@彦根,sanyou103,呉→大阪→彦根,ついに大学卒業してしまった新社会人。いつもつまらん事ばかり呟いてます。 鉄道模型と旅客機模型が趣味。時々グライダーで空を飛ぶ(航空部13係・元主将)。 ディズニー好き(年パス) 雷とトマトが嫌い。滋賀で餓死 クルマ(DEMIO XDtouring) ジオラマ103技術部,1397,528,42,1545,False,180611,False,True,False,280092340,1,bot
2198788956,N A E U N 's || #%%,Aoy_ChSM,ตัวอยู่ไทยแต่ใจอยู่ที่ซนนาอึน,NAEUN❤ | APINK🐼,2546,138,9,22486,False,93555,False,False,False,2198788956,1,bot
42102939,Gobierno de Chile,GobiernodeChile,Chile,Un país unido es un país mejor. En el gobierno de @sebastianpinera #ChileLoHacemosTodos,1117395,318,4043,2074,True,35442,False,False,False,42102939,0,human
234504612,جريدة الوطن السعودية,AlwatanSA, المملكة العربية السعودية,الحساب الرسمي لـ #صحيفة_الوطن #السعودية,1836856,5,2635,1,True,127827,False,False,False,234504612,1,bot
460655540,Hary Tanoesoedibjo,Hary_Tanoe,Indonesia,"Chairman MNC Group | 
Ketum Partai Perindo | Ketum Federasi Futsal Indonesia | Ketum PB Keluarga Olahraga Tarung Derajat
Contact:hary.tanoesoedibjo@mncgroup.com",580589,375,405,11,True,8237,False,False,False,460655540,0,human
2953272923,TMac,BourbonGator84,Florida,UF Grad and creator of #InsiderHeat,2328,330,32,4143,False,50619,False,True,False,2953272923,0,human
713184088719540224,AmiRa✨,amirazakiiii,"Kafr El Shikh, Egypt",Libra♎ pharmacy student DU lvl3💉💊 snap;amirazaki2,4651,891,8,4047,False,30576,False,True,False,713184088719540224,0,human
2338730188,Jose Guzman,jdagg19,Vargas - Venezuela,"#Emprendedor, #Abogado, #Líder de ventas, #Comerciante, Autodenominado #Communitymanager y Guerrero #Venezolano cuyo Hobbie es el #SocialMedia & #Web2.0",860,1499,160,28,False,71076,False,False,False,2338730188,1,bot
40340946,HipHopWired,HipHopWired,,"The premier destination for Hip-Hop music & entertainment, from a very politically aware perspective, for the culture. https://t.co/3QJrsNE4Ud",101536,1270,1314,1899,False,220945,False,False,False,40340946,0,human
298199741,الشيخ: ثامر العامر,al_amer1, Kuwait  ,(الحساب الرسمي والوحيد)والمخصص في الفقه والإستشارات وتفسيرالأحلام وكيفية العلاج بالرقية الشرعية في ضوء القرأن والسنة( الكلمة الطيبة صدقة)https://t.co/gyrRTYGpo1,336524,71,136,6765,False,29630,False,False,False,298199741,0,human
2460524737,¿💚,adiitoloza1,"Buenos Aires, Argentina","pisciana♋.                                                   

18☉




                       


















         




      abuelo♡",1288,763,3,7877,False,36472,False,False,False,2460524737,0,human
776489862,Oliver ツ,holyber,"Islas Canarias, España.","Es mejor vivir con un ""Yiass, ¿te acuerdas?"", que vivir con un ""Choss, ¿te imaginas?"" | Casado-☞@PIMIENTAO7🐕| 📸 🌍 🇮🇨",94354,30961,290,136884,False,98042,False,False,False,776489862,1,bot
807095,The New York Times,nytimes,New York City,"Where the conversation begins. Follow for breaking news, special reports, RTs of our journalists and more. Visit https://t.co/ghL9OoYKMM to share news tips.",42709246,881,198862,17605,True,347383,False,False,False,807095,1,bot
1588836115,joaquin balaguer,joaquinbala_,,"abogado, escritor y político dominicano",841,0,61,0,False,2014115,False,False,False,1588836115,1,bot
16409683,Britney Spears,britneyspears,"Los Angeles, CA",,56525016,383428,121178,2661,True,5642,False,False,False,16409683,0,human
223116969,しぃアンテナ(*ﾟーﾟ),2ch_c,,ネット社会の吹き溜まり一丁目。,100733,84226,1659,0,False,149277,False,False,False,223116969,1,bot
69675579,A1Arte.com,a1arte,,"Tweets de Tecnologia y Social Media.  En https://t.co/h6dwyd2SPi nos especializamos en diseño web, social media y marketing digital.",117148,36,614,9,False,187950,False,False,False,69675579,1,bot
109755394,きじにゃ,kijinyan,,キジトラ３にゃんの下僕。ガラス（キルン）と金工を手習い中。高橋葉介先生と山田章博先生の漫画が大好き。ツィートは雑多でリストとタグで見てる事多し。TLはあまり見てません。御容赦。,1163,1123,94,17989,False,47652,False,False,False,109755394,0,human
14502233,Maria Rita,MROFICIAL,Brazil,Cantora. Brazilian singer.,1250065,1164,4287,5105,True,41926,False,False,False,14502233,0,human
206287990,عبدالعزيز الدميجي,Demaigi,الرياض,| مستشار شرعي مالي ومهتم بفقه المعاملات المالية |,92762,305,322,5401,False,2108,False,False,False,206287990,1,bot
728072065245319169,Bostalizei,bostalizei,coé,vo cagar,907,79,0,4,False,46,False,True,False,728072065245319169,0,human
1422126799,A.McCray & M.Baisden,7forluckyApril,,"#NYG, JIM and FBCashExchange #follow@nwyorkgrimaldi@NYGPOMOZ@TMWPROMOZ&@mostwantedtmw for a daily#shout x10",370731,103968,157,9802,False,43292,False,True,False,1422126799,1,bot
123572520,はっしん,840hasshin,東京,顔面濃厚です 独学超自己流でキアノンAPS-C機を扱う素人 週末は新宿歌舞伎町のBAR「デカバーZ」で開催されるイベントを中心に友人知人が主催する色んなアングライベントで写真撮影スタッフをしてる事が殆ど 年間で100本前後のイベント撮影をしてます 写真専用垢あります→@hasshinphoto,1588,946,32,13671,False,39199,False,False,False,123572520,0,human
2379421646,Bri♡,brii546,,Habrá que desempolvar el disfraz de valiente y salir a tropezar- Es el amor el que hace la revolución.,850,2134,0,7286,False,8961,False,False,False,2379421646,0,human
620977821,Halo BCA,HaloBCA,Jakarta - Indonesia,BCA senantiasa di sisi Anda 24 x 7 | Telpon 1500888 atau +62211500888 dari luar negeri,190376,3891,227,28,True,1101318,False,False,False,620977821,1,bot
2474552602,Roselyn E. Jeremiah,CalabarYummiesG,GlobalBrand,"An Exclusive Global Asset. 
Crafted In Nigeria.
Exported To the World. 
Disseminating Global Economic Values. #ZeroHungerIsPossible 
#EducationToAllIsPossible",1304,2343,40,10203,False,21534,False,True,False,2474552602,0,human
3587775920,mrs. backpack,cieeeerraaa,"San Diego, CA",Mila Rose 🌹. Live4Gen. #BlackLivesMatter,2847,1423,224,105487,False,50558,False,False,False,3587775920,0,human
298048905,Irmã Zuleide,Irma_Zuleide,Código Uber: IRMAZULEIDE,Eu sigo Jesus e dou unfollow em satanás! Amém? comercial@maalinternet.com ✉️,1142417,1230,1326,12496,False,24930,False,False,False,298048905,0,human
297174372,OneDrive,onedrive,"Redmond, WA",Keep your files within reach wherever you go with Microsoft OneDrive.,1049242,98,4002,1169,True,47780,False,False,False,297174372,1,bot
39330733,devon sawa,DevonESawa,L.A. CA,"Ex-teen heartthrob, but with the polar opposite beliefs as Kirk Cameron’s. Loves Super Socco and shopping at Zellers.",142209,916,1316,45435,True,58160,False,False,False,39330733,0,human
422398976,صحيح البخاري ومسلم,ala7adeth,المملكة العربية السعودية,حساب دعوي يهتم بنشر الأحاديث الصحيحة في كتب صحيح البخاري ومسلم وغيرهما من الأحاديث الصحيحة ،,1248044,107,2514,248,False,83056,False,False,False,422398976,1,bot
73438486,David Haye,mrdavidhaye,"London, England",Former Heavyweight & Cruiserweight Champion of the World. Now promoter & manager to champions of the future.,1262350,795,2225,4662,True,3398,False,False,False,73438486,0,human
784747158922821632,𝕮𝖍𝖗𝖎𝖘 𝕭𝖗𝖆𝖓𝖈𝖔 ✡️🕎❤️🇧🇷🇮🇱,Chris_Branco,"Sao Paulo, Brazil",𝔓𝔯𝔬𝔦𝔟𝔦𝔡𝔬 𝔭𝔞𝔯𝔞 𝔪𝔢𝔫𝔬𝔯𝔢𝔰 𝔡𝔢 𝔦𝔡𝔞𝔡𝔢 𝔢 𝔡𝔢 𝔦𝔡𝔢𝔦𝔞𝔰.                        Contato: 55(11)991961870,53815,298,22,17300,False,26159,False,True,False,784747158922821632,0,human
749491351,Cacau Souza 🇧🇷,ClaudinhaS07,,"Bio em 160 caracteres! Rum.. Muito Prazer Cláudia ou Cacau, como preferir! (somente)",850,1186,0,3209,False,6414,False,False,False,749491351,0,human
68765193,Gui Santana,oguisantana,São Paulo,"Deus abençoa a quem sempre caçoa! VOCÊ NÃO ME CONHECE, VOCÊ ME ASSISTE contatoguisantana@gmail.com https://t.co/Vi3PRXBYZp SNAP:oguisantana",978678,892,588,25,True,8616,False,False,False,68765193,0,human
419353120,Agustina Anggareni¹²⁷,Anggraeni_1004,"Kota Bandung, Jawa Barat","ᮃᮌᮥᮞ᮪ᮒᮤᮔ ᮃᮀᮌᮢᮈᮔᮤ
💚🌱


IG: agustinaanggraeniii",901,851,0,16222,False,57401,False,False,False,419353120,1,bot
44409004,Shakira,shakira,Barranquilla,Shakira NADA https://t.co/50Yl0h1Xkh,50919494,212,100814,1266,True,6150,False,False,False,44409004,0,human
837075979,®Sinalau Bakas Sadap,CabriniTony,"Kota Kinabalu, Sabah","♡ Made in North Borneo(Sabah)
♡ 193(January 19, 1993)
♡ The Walking Dead Freak
♡ Católico(Jesus Cristo Meu Salvador)
♡ Ousadia, Alegria e abençoado",864,1713,3,447,False,11375,False,False,False,837075979,0,human
228887368,فيصل ابوثنين,FaisalAbuthnain,Saudi Arabia ,أمنيتي في الحياة ان أموت مسلماً على مذهب اهل السنة والجماعة وان يكون اخر كلامي لا اله الا الله محمد رسول الله اللهم ثبتنا بالقول الثابت في الحياة الدنيا والآخرة,1063162,622,2445,442,True,14978,False,True,False,228887368,1,bot
4096069693,나미,0209Sooyong,,食神スヨンを愛してます、どんなスヨンも好きです,930,908,4,4556,False,3048,False,True,False,4096069693,0,human
19621110,GOOD,good,"Los Angeles, CA",Understand the world so you can improve it. Since 2006 and still pushing.,891857,1276,21114,6665,True,44928,False,False,False,19621110,0,human
545526535,AutoSports Art,AutoSportsArt,United States,The Art of Autosport and Autosport in Arts – that’s what its all about. Business contact: admin@autosportsart.com,87366,79328,664,360,False,931873,False,False,False,545526535,1,bot
1854305474,Vanessa,arianatorcrazzy,na sua cama,"solteira, 18. Davi 💙👶",1463,1199,3,13481,False,41272,False,False,False,1854305474,0,human
340470628,Bruna,bruuunacunha,,que,1089,722,1,12235,False,63346,False,False,False,340470628,0,human
25659699,Cherry Healey,cherryhealey,,"Writer of Letters to My Fanny, broadcaster, mum, eater.",98494,1232,368,4286,True,18342,False,False,False,25659699,0,human
68593717,Chino Lui Pio,chinoluipio,,Sports5 Sportscaster/ MYX VJ / TV Host / Events Host / SC: chinoluipio / For inquiries: japluipio@gmail.com,84746,881,422,46,False,13376,False,False,False,68593717,0,human
21447363,KATY PERRY,katyperry,,Love. Light.,106938028,215,141231,6158,True,9358,False,False,False,21447363,0,human
904994826,أنور مقبول الأشجعي,1434Re,القريات ,‏متذوق شعر,1059,2218,0,430,False,11821,False,True,False,904994826,0,human
301112153,Cracker Barrel,CrackerBarrel,,Eat. Shop. Relax. Pleasing People since 1969.,113396,305,513,7047,True,8767,False,False,False,301112153,1,bot
1135877646,Iron Clad Larrie ⛓,1D_Beards,Xfactor bathroom & The Closet,@Harry_Styles & @Louis_Tomlinson are in a committed relationship the rest is just bs. 😇😍💚💙👬 fan account (duh),91834,28832,634,67677,False,273414,False,False,False,1135877646,0,human
17679977,CBC Radio,cbcradio,Canada,"CBC Radio One's official Twitter feed, run by the Radio Digital Programming department.",113916,744,2363,14936,True,37950,False,False,False,17679977,0,human
20972371,Dan Carlin,HardcoreHistory,New Media,"Dan Carlin's Hardcore History Twitter feed
quote: Yes, I know the show is late... endquote",203020,68,1810,16,False,7410,False,False,False,20972371,1,bot
23457682,Marcos Witt,MarcosWitt,Houston,I try to help people know Jesus so they can live better. || Intento ayudar a las personas a conocer a Jesús para que vivan mejor. || Algunos tweets por staff CZ,1202565,205,4082,796,True,9157,False,False,False,23457682,1,bot
4842711789,Best Actor,bestactor16,,,1182,1,504,0,False,228414,False,True,False,4842711789,1,bot
218570536,GSMArena.com,gsmarena_com,,http://t.co/apQ62Wbj official twitter account,145927,1,1955,7,False,40251,False,False,False,218570536,1,bot
552725164,Çılgın Yazar,cilginyazar,cilginyazarr@gmail.com ,,752789,269663,431,837,False,34483,False,False,False,552725164,0,human
55307193,Jay Glazer,JayGlazer,"ÜT: 34.072426,-118.400527","Cast member of FOX NFL Sunday and Ballers on HBO, Founder of MVP: Merging Vets&Players and Unbreakable Performance, host Bellator MMA and of course, ass model",1130781,171,15767,36,True,15876,False,False,False,55307193,1,bot
2359556900,felix silva,63Felixsilva,caracas,la caballería motorizada socialista de Venezuela PSUV,2683,4929,13,60,False,50142,False,False,False,2359556900,1,bot
101011196,David Johnson 🐝,DavidJohnsonUK,London / Manchester / Belfast.,Northern Irish TV Presenter & VoiceOver. @ITV network live continuity announcer. Founder of @AerialVideoTV & @SMLiveUK. Views are my own,32587,665,53,1220,False,5663,False,False,False,101011196,0,human
3586579334,Marital Intelligence,MaritalIntel,"Los Angeles, CA","Better Marriage & Relationship Coaching and Consulting: CEO, Founders, Heart Healers, Mentor, Speakers, Private Coaching: Lovers of God & Family",1396,869,43,40,False,17412,False,False,False,3586579334,1,bot
2806238839,smudged writing,bleepinUFO,that's proprietary,I don't want to swim the ocean; I don't want to fight the tide.,362,374,12,18845,False,19728,False,False,False,2806238839,0,human
446974963,i Rashed  ﮼راشد,iRashedC,Kuwait,اقدّم الفائدة في مجال التقنية .. #المفضله_تفيدكم,134930,421,1302,4226,False,82231,False,True,False,446974963,0,human
43768063,isa,belaxcated,"Santa Bárbara d'Oeste, Brasil",🐶🐱🐴🐮🐄🐾❤,881,657,37,13813,False,127163,False,False,False,43768063,0,human
1018240472,Bᴇʟᴜ,belu_lavorerio,"Montevideo, Uruguay",• 👻Snap: belulavorerioo •,932,657,4,4162,False,8579,False,False,False,1018240472,0,human
771103752,Kevin Retuya,HappyKevinR,"Tokyo-to, Japan",🇯🇵🇵🇭Social Media Ambassador | Singer | YouTuber | Introvert | Marketing | business email hknrbiz@gmail.com,80118,3936,77,203,False,977,False,False,False,771103752,0,human
3299257600,1/23 ❄️,Aleahcharde_,,20 | Mixed 🍯 | Future ultrasound tech 👩🏽‍⚕️💕,1848,1253,1,6329,False,18496,False,True,False,3299257600,0,human
130823503,Centro Cultural BOD,CCulturalBOD,"Torre BOD, La Castellana. Ccs","Somos el centro cultural más activo del país. Teatro, conciertos, eventos corporativos y exposiciones conforman nuestra variada programación",133629,7768,852,2008,False,53527,False,False,False,130823503,0,human
1587497743,Grand Metropolitan,GrandMetMall,"Bekasi, West Java",Official Account Grand Metropolitan Bekasi | Like our fanpage : Grand Metropolitan & Instagram : grandmetropolitan | (021) 29464646,29593,4843,31,226,False,12916,False,False,False,1587497743,1,bot
27368199,Iyanla Vanzant,IyanlaVanzant,"Silver Spring, MD",Bestselling #Author & #Producer of #FixMyLife. Life coach at @IVSLM who loves #lawandorder and mixing @masterpeacebody blends. Acts of Faith is turning 25! 👇👇,1979768,692,5436,166,True,31797,False,False,False,27368199,0,human
14418045,DAP Malaysia,dapmalaysia,Malaysia,"Malaysian First | 
Democratic Action Party | 
Malaysian Malaysia",141231,105,444,21,True,76850,False,False,False,14418045,0,human
165761267,Alviro Petersen,AlviroPetersen,South Africa,"Husband, Dad, Entrepreneur, Peak Performance Coach, Bachelor of Law student. Director of Sport. Where GOD guides he provides.",143155,829,431,1880,True,9414,False,False,False,165761267,0,human
14392252,Broadcast Music Inc.,bmi,,The global leader in music rights management. #MusicMovesBMI,118885,9983,1666,7737,True,28048,False,False,False,14392252,1,bot
15790423,ASOS,ASOS,London,"Giving you the confidence to be whoever you want to be - without judgement 🙌 For Customer Care, tweet @ASOS_HereToHelp",1034902,4386,5275,12869,True,223834,False,False,False,15790423,1,bot
1851545900,BTP,blrcitytraffic,Bengaluru-560001,Bengaluru City Traffic police is on the threshold of major technological breakthrough to manage the congestion and chaos on the roads in an efficient manner.,547877,103,270,11161,True,69660,False,False,False,1851545900,0,human
5649672,音楽ナタリー,natalie_mu,東京,国内No.1の情報量を誇る音楽ニュースサイト。コミックナタリー（@comic_natalie）、お笑いナタリー（@owarai_natalie）、映画ナタリー（@eiga_natalie）、ステージナタリー（@stage_natalie）、ナタリーストア（@natalie_store）もあわせてどうぞ。,1257821,7,22155,0,True,152481,False,False,False,5649672,1,bot
312751823,DANIELA CHALÁ🍻,DaniiChala,Medellin- Colombia ,Cuando La Vida Te De Una Oportunidad No Seas Bobo aprovéchela Se Que No Volverá!  ATLETICO NACIONAL REAL MADRID RACING CLUB AV ⚽https://t.co/M7gwaYT1CI,998,725,10,25873,False,31477,False,False,False,312751823,0,human
1408706821,jitacrist xd,jitacrist,Dios d los jitanos( ͡° ͜ʖ ͡°) ,,92486,63178,106,2786,False,949,False,False,False,1408706821,1,bot
896533819,abo salman alshammri,abo_slmann,الرياض,دكتوراه في الخدمة الاجتماعية - مهتم في الاحصاء الاجتماعي -حساب شخصي -,20220,9807,11,775,False,22328,False,True,False,896533819,0,human
2374652118,Who is @BenPhrases?,ChicksDigRap,"Chicago, IL","Also Followed by @BenPhrases, @Phrasesfla, and @HipHopAllNite!",75529,77420,142,119,False,17166,False,False,False,2374652118,1,bot
114157893,総督D(次期監督募集中),SoutokuD,横浜、魚釣島、ナゴド、舞鶴鎮守府,このアカウントは、艦隊これくしょん(と、ドラゴンズ情報、たまに東方)でフル回転となっていますので、フォローする際はお気をつけ下さい。(フォローしたいと思ったならば、コイツがどんな発言しているか、2日分くらいは見てから考えよう。)野球艦娘界隈から来た人、天龍がキライになるから、フォローは要注意だ,830,0,77,2546,False,151449,False,False,False,114157893,1,bot
2768922304,cmad,cmadmax,,FDREleanorRooseveltMollyIvinsMadeleineAlbrightMarkTwain HarryTrumanAnnRichardsHillaryClintonJFKMalala BarackObama ChaneyGoodman&Schwerner GabbyGiffordsMLKLBJ,2596,3775,174,242675,False,240072,False,True,False,2768922304,0,human
15846407,Ellen DeGeneres,TheEllenShow,California,"Comedian, talk show host and ice road trucker. My tweets are real, and they’re spectacular.",76974277,33103,108151,1300,True,18392,False,False,False,15846407,0,human
5940642,JD Hancock,JDHancock,"Austin, TX","Full-time toy cartoonist tweeting laughs to 100,000+ people worldwide through #PopFig. Fresh funny weekdays. Join the fun!",76317,68150,883,13196,False,113936,False,False,False,5940642,0,human
303177646,i-Tal,AitalYakovlev,,Valar morgulis,1656,720,8,5942,False,69605,False,False,False,303177646,0,human
1710779965,معلومات طبية,Health_ksa_1,اسأل الله لكم الصحة والعافية,#معلومات وحقائق وتوعية #صحيه يومياً⏰ لكي نصل الى مجتمع واعي ويهتم في #الصحة,104031,30,165,3685,False,14019,False,False,False,1710779965,1,bot
1335682831,あや太🤮,cv_aya,二葉→海小・中・高→EUマスコミ ちばらき,成人済夢BLGLNL地雷なし雑多垢。ミュート推奨、ALL自己責任／ツイ消し芸人ブーメラン職人／ぷよ部／GeroTreasureTour余韻／具体名を出していない話題に関して、個人の憶測等を事実のように拡散する行為はお控え下さい。【https://t.co/YewWejYmsk】♡I&I♡,620,319,10,22989,False,44402,False,False,False,1335682831,0,human
815679446,Autopista Central,AutopCentral,Chile,"Cruzamos Santiago de Norte a Sur por los ejes #Ruta5 y Gral. Velásquez, y somos parte de #VíasChile. Acá encontrarás información de tránsito en tiempo real",177177,75133,371,1495,True,169150,False,False,False,815679446,1,bot
486624314,club4matrix,club4matrix,Germany,Automatic Money Machine  + Traffic + Earning . Join Our CLUB with the Best (∞ x10) Unlimited Matrix   .,40711,10746,32,272,False,55297,False,False,False,486624314,1,bot
299291756,岸明日香,asupons02,,6月〜オスカープロモーションへ移籍致しました。 10月12日スタートTBS『大恋愛〜僕を忘れる君と』ちはる役レギュラー出演❤️ テレ東『激！今夜もドル箱！』MC 『警視庁ゼロ係〜生活安全課なんでも相談室』『不能犯』#岸キッチン 11月28日3rd写真集発売決定❤️,180533,569,1372,32,False,23464,False,True,False,299291756,0,human
21271500,Advertising Week,advertisingweek,"NYC, London, Tokyo, Mexico, Sydney",The world’s premier annual gathering of marketing and communications leaders.,120657,13243,3690,4837,False,71793,False,False,False,21271500,1,bot
93155616,🇮🇳 Ğяєєи мσик,iGreenMonk,India,"I don’t buy what you are selling My hobbies are Breakfast, lunch & Dinner. My Tweets search : @BeingTwiter",84263,3575,1727,886115,False,648752,False,False,False,93155616,1,bot
762496814,Gab.ai/paulschmehl,PaulSchmehl,"Richardson, TX","Retired computer security professional, proud grandfather, Navy vet, Constitutionalist, founding member Vietnam Veterans for Factual History",5142,3115,49,746,False,46298,False,True,False,762496814,1,bot
43154983,Rap Star Angelina,angelinaonline,"Atlanta, GA","ANGELINA - Artist & Co-Ceo of TRACKWRITERZ 🎼MIXTAPE ""FROM THE UNDERGROUND TO THE GRAMMYS"" Available NOW at https://t.co/hG5DoNI5zw",102808,66017,593,4622,False,114895,False,False,False,43154983,0,human
156016720,girassol 🌻,_Akrauss,"Rio de Janeiro, Brasil",Quando você começa no topo pra onde pode ir a não ser pra baixo? ⬇️,1001,703,1,13163,False,56830,False,False,False,156016720,0,human
591612748,Deliciously Ella,DeliciouslyElla,London,Celebrating plant based food and working to make vegetables cool ✌🏻️,195262,349,1329,48928,True,18056,False,False,False,591612748,0,human
3166813130,(analie)MAIDEN MACAU,AnalieWang,Macau,love God above all things,957,2222,9,1259,False,17977,False,True,False,3166813130,1,bot
1644129194,Abdullah..عّبدالله 🕊,2fl6l6,World ,"انسان انطوائي .. ""يعشق العلم والعمل والموسيقى ومؤمن بالحرية .. اخشى البشر كثيراً "". ""لا قدوة لدي فّ انا قدوة نفسي"" personal account #حساب_شخصي و #حّرية_شخصية",82400,515,75,177,False,72996,False,True,False,1644129194,0,human
164345318,Catalina Gómez,apuntesdecata,"Bogotá, Colombia","Presentadora Dia a Dia, Canal Caracol. https://t.co/vpaXElEtAY Instagram:Apuntesdecata, Facebook:Catalina Gómez",951474,84,2678,495,True,3882,False,False,False,164345318,0,human
2363967920,صحيفة البلد السعودية,albaladsa,,صحيفة البلد السعودية اجتماعية رياضية .. عصرية بمذاق مختلف .. كن معنا 0540410142 https://t.co/g7rtXtQI2s للتواصل تجدون نجومنا ضمن قائمة المتابعة,110375,17,89,208,False,43774,False,False,False,2363967920,1,bot
797755586,Wavy🌊,Almighty_Dai,"Detroit, MI",SC: Almighty.Dai,1259,841,3,2711,False,17715,False,False,False,797755586,0,human
126578536,Dan Gregg,danielgregg_,Melbourne,Executive producer at Lipp Media (@gaysrevolting @cherandretweet @wordofthegaypod) & host and DJ at @PopchopsPodcast.,1922,896,19,9689,False,4789,False,False,False,126578536,0,human
490406701,نوره الشريف,Ano_sh2,,""" للاعلانات التجارية""وللتواصل: @biiro_mr "" أن يدي لاتُلوى وقلبي لايُهان وأنا لاأسقُط.",117284,511,219,1568,False,105155,False,False,False,490406701,0,human
106139099,五月@篠山線とノアズノーツと血界戦線をよろしく,karasugai,東京ときどき篠山&福知山うっかりHL／にゃぽ1196,口鉄篠山線(廃線)が好きな人／ジャンル問わず広く浅くそして凄くRTします。 血界スティレオ＆ソニステ沼に落ちて特に腐ってます。 Jag intresserad svensk fotboll (IF Elfsborg),1217,1145,82,31628,False,365876,False,False,False,106139099,1,bot
2206110948,†,_Incredulas,,✊🏼💚,98897,5,152,25828,False,17843,False,False,False,2206110948,1,bot
1226530075,cait,caitlynn_skyee,"Davis, CA",a bad mama jama • UCD,1206,810,16,72239,False,82803,False,False,False,1226530075,0,human
95755947,🥶,Blvckmonk,HURTSON MF TEXAS,That nigga with the bag 💼 🇱🇷 SISU Customer Support CEO 💪🏾,94828,54440,372,2188,False,32417,False,False,False,95755947,0,human
419731813,Jaume Barberà,JaumeBarbera,Catalonia. Europe.,"Journalist. 
""Magical Realism is defined as what happens when a highly detailed, realistic setting is invaded by something too strange to believe"". (Narcos)",114525,404,1441,41,True,57778,False,False,False,419731813,0,human
236942183,Gökhan Özen,gokhanozen,"California, USA","Producer / Singer / Songwriter / Director    
Gökhan Özen Official Twitter Account",489454,0,384,7,True,2581,False,False,False,236942183,0,human
241192205,Canal 44,CANAL44TV,"Guadalajara, Jalisco","Whatsapp: 33 2242 0690 ¡La señal de todos! Noticias, series, documentales, análisis, programación infantil, cine, musicales y más.",138620,15939,482,7605,True,160561,False,False,False,241192205,1,bot
4855688674,Abby 💖,Abbypatato,United States,💕 iM bOrEd,2066,1885,3,4241,False,2511,False,True,False,4855688674,0,human
2792831540,bebo Shawky‏,bebo20205656,Egypt / Cairo,‏ابتسم فسبحان من جعل الابتسامة في ديننا صدقة وعليها نؤجر,719,1225,0,1064,False,17417,False,True,False,2792831540,1,bot
1427819088,core,core1013,綺麗な海に行きたい,"好き勝手にイラスト描く
アズレン/ドルフロ/ S.T.A.L.K.E.R.
何かあったらこちらへ【core1013.hsw1997〇https://t.co/N8GNSmAmm4】
ヘッダー:左野ナオイさん(@naoooi)",1335,621,60,92827,False,79990,False,False,False,1427819088,0,human
34323417,Sunshine Knowlin,Ambitions1992,ct,All I got is A Dollar and a Dream. Are you gonna roll with me? Rest In Peace Little Bro Daylon ❤️❤️,964,842,6,9573,False,61697,False,False,False,34323417,0,human
283087496,brend,BrePeixoto,"Sao paulo, Brasil",Heaven is a place on earth with you. 22.01 ❤️💑,1225,707,4,14474,False,127513,False,False,False,283087496,0,human
27014121,Georgetown Cupcake,GTownCupcake,DC - NYC - Boston - LA - ATL,"Home of TLC's DC CUPCAKES & Cupcake Cam LIVE | DC, NYC, Boston, Los Angeles & Atlanta | Nationwide Shipping",101186,5,1320,10126,True,16460,False,False,False,27014121,0,human
387720865,"Kabar, Nasehat & Pepatah",NasehatHebat,Indonesia,"Setiap tweet nasehat adalah juga pengingat bagi diri para adminnya.

Bahagia itu pasti jika DIA slalu ada dlm hatimu.

FOLLOW IG: @nasehatuntukhebat",1038757,14,508,217,False,34442,False,False,False,387720865,0,human
1069776961,anto☁,AntonellaNocco,"Santiago del Estero, Argentina",¿Qué hace un universo como tú en un planeta como éste?,947,1614,1,14285,False,20631,False,False,False,1069776961,0,human
37372338,Everardo Herrera,alpiedeldeporte,Costa Rica,El sitio del fútbol de  Costa Rica y lo mejor del fútbol mundial. Además notas entretenidas para aprender y relajarse.,118052,542,349,475,False,184790,False,False,False,37372338,1,bot
162929585,ABDULLAH_ عبدالله,aboban9,,لاإِلهَ إِلَّا أَنْتَ سبحانك أني كنت من الظالمين.,60958,85476,91,14642,False,322238,False,False,False,162929585,1,bot
383587781,kayla,babycupKAY,"California, USA",,871,407,2,31675,False,93502,False,False,False,383587781,0,human
953692489,David Scocelli,david_scocelli,,"Buscando hombres que les gusten usar las tangas, morboseando de regreso! viendo hombres sexy en tanga",88783,2034,390,44281,False,29958,False,True,False,953692489,1,bot
1275451704,Dazah,Bruhhhitsdazah,,20|Psalm 46:5 🦋,1503,576,10,47152,False,104588,False,False,False,1275451704,0,human
26483183,Jeremy Gutsche,jeremygutsche,Toronto,"CEO of Trend Hunter (@trendhunter), NY Times Bestselling author of BETTER & FASTER + Exploiting Chaos, innovation keynote speaker http://t.co/KrXvPmBvrr",87098,1231,1602,2104,True,58458,False,False,False,26483183,0,human
2955302197,Real Madrid CF,JayalahMadrid,Indonesia-Madrid,Hala Madrid = Jayalah Madrid,846,31,0,0,False,12862,False,False,False,2955302197,1,bot
44446850,Portal A Crítica,ACritica,Manaus - Amazonas - Brasil,"Notícias de Manaus, e os principais acontecimentos da Amazônia, do Brasil e do mundo, em tempo real.",199197,129,494,1328,True,129142,False,False,False,44446850,1,bot
182173149,Desana Moses❤✌,Desana88,WORLDWIDE,•Booking Inquiries The365Management@gmail.com •Instagram:Desana_Moses                         •Snapchat: Desana88,113145,466,621,619,False,96536,False,False,False,182173149,0,human
17896311,BBC 606,bbc606,,"Hi all. We will no longer be updating this account.

But don't worry, you can follow us during the new season via @5liveSport and get in touch using #bbc606",110484,606,982,5090,True,38063,False,False,False,17896311,0,human
266887195,Chloe Sims starship✨,Chloe_Sims,Essex,Management - MISFITS • PR enquiries • luke@misfitscelebritymanagement.com • ITVBE • TOWIE,1059945,1028,829,8504,True,23710,False,False,False,266887195,0,human
23043294,Los Angeles Dodgers,Dodgers,1000 Vin Scully Avenue,The Official Twitter account of the Los Angeles Dodgers // Photoblog: https://t.co/R4M1CoJxBA // Blog: @DodgerInsider,2092157,4350,8295,23081,True,103534,False,False,False,23043294,1,bot
1634516120,loser,AbbeyHemmo,muke/4+band,"too young, too dumb, to know things like love || l.h.",81744,16273,158,69961,False,119575,False,False,False,1634516120,0,human
31744917,Diez Minutos,diezminutos_es,España,"Twitter oficial de la revista Diez Minutos. Si quieres estar a la última en la crónica social, Diez Minutos es tu revista",131588,3341,584,103,True,54043,False,False,False,31744917,1,bot
192730275,Arturo López Gavito,algavito,Mexico,"Coleccionista, corredor y melómano. Librando una lucha eterna contra la mediocridad Instagram: @gavipost",113151,17,623,533,False,28223,False,False,False,192730275,0,human
569704121,相互フォロー （リフォロー）1000％,adstwi,,リフォロー100％ | 100% follow back. |  #相互フォロー #followme #followback #teamfollowback #autofollow #followme #followmejp #refollow #refollowjp #相互 #リフォロー #フォロワー,117030,98061,323,2,False,379092,False,False,False,569704121,1,bot
62159419,Eladio García,buscavuelos,"Burgos, España","Información sobre viajes y turismo, vuelos, aerolíneas, destinos y hoteles. Consejos y ofertas para viajar.
Todos los precios de los vuelos en tiempo real.",105321,88844,1143,3747,False,372745,False,False,False,62159419,1,bot
603385285,Dory,imFindDory,Worldwide,Shit I'm lost lol.,85208,11,129,9,False,35191,False,False,False,603385285,1,bot
2589923834,️,ApegoDoCris,"Sorocaba, Brasil",''Eles voaram daquele carro direto para os braços do pai e do meu coração eles não vão sair nunca mais.'' ❤ #amortenaomataoamor 🙏,910,507,1,267,False,9467,False,False,False,2589923834,0,human
1027350758,معلومة وفائدة,EH3H,,الحساب الأول في تويتر الذي يقدم لكم المعلومات الغريبة (بالمصادر) - للإعلان واتساب 0548888840,1577091,1,2961,0,False,36657,False,False,False,1027350758,0,human
948676610,brenda,BrennLobos,Buenos Aires,brillar hasta con el alma rota ✨,604,216,1,20419,False,38612,False,False,False,948676610,0,human
244714785,@CandangaNoticia,candangaNoticia,venezuela,"Difundimos los avances y logros de la revolución. Chávez vive,la Patria sigue",136531,29486,361,5089,False,537561,False,False,False,244714785,1,bot
876320406,Amina🌹,AminaPrez,Santa Rosa,Snap: amina.perez// instagram/amina.perez,1837,1926,5,6105,False,77095,False,False,False,876320406,0,human
1496739522,Bazi,BaziVettorazzi,"Ponta Grossa, Brasil","O baguio é o @SantosFC e o @OFECoficial, o resto quero que se foda! 👽",1978,1834,4,6751,False,58237,False,False,False,1496739522,0,human
464656204,Gulf Managers,GulfManagers,,Official Twitter Page of Gulf Managers Executive Search. A Leading Executive Search Firm & One To One Employment Solutions in the Middle East & GCC. #Jobs,39388,32587,136,169,False,4987,False,False,False,464656204,1,bot
337399038,joemaalouf جو معلوف,joemaalouftv,Lebanon . Beirut,Lebanese influential citizen|Exec.producer |tvhost |GM @jarasscoop @powerfmlebanon |founder at scoop production. joe.maalouf@gmail.com 78999966,162362,801,167,15633,True,58034,False,True,False,337399038,0,human
71225650,Kanal D,KanalD,,,1313017,235,818,8542,True,103821,False,False,False,71225650,1,bot
121284072,みかん星人,mikanseizindesu,某関東地方南部,壁|ωФ)よろしくです(￣ ー ￣ ゞばらを育てる仕事をしてます。 プロフの画像は愛すべき ゴン隊長。(長期パトロール中)ツイッターは続けることに意義があるかと。,1017,973,0,60038,False,235896,False,True,False,121284072,1,bot
17193794,HP,HP,USA,"Engineering experiences that amaze. We create technology with a purpose: to make life better for everyone, everywhere. #KeepReinventing.",1072907,2604,5998,8943,True,38228,False,False,False,17193794,1,bot
301655015,Cyril Petit,CyrilPetit,Paris,Rédac chef central et SGR du Journal du Dimanche/lejdd.fr (@lejdd) - Secrétaire du CA de l'@esjlille - Chroniqueur #InstantM sur @FranceInter - Président @CNMJ_,144513,1590,622,5973,True,47466,False,False,False,301655015,1,bot
233488091,Alper Taş,alper_tas,,Özgürlük ve Dayanışma Partisi Başkanlar Kurulu üyesi,111209,1774,287,5,True,9903,False,True,False,233488091,0,human
235793053,Azul Duran,AzulDuran_,,💚,1149,643,1,3998,False,40949,False,False,False,235793053,0,human
1433367608,Irene Camera,IreneCamera15,"Santa Lucia, Corrientes. ","♍
~🏆🏆🏆 ~Santa Lucía, Ctes.
~Snap: irenecamera15
~Fc: Irene Camera
~India❤🐶❤Arón.
~YerokiVera💥💚💃",1307,864,4,2844,False,11131,False,False,False,1433367608,0,human
70179948,Lalit Kumar Modi,LalitKModi,Everywhere,Founder @IPL President Modi Enterprises https://t.co/YOalv3Lqxu & soon https://t.co/sT2JRV4Tq4 cutting edge #cancer care for all,4052414,2789,5200,8759,True,22191,False,False,False,70179948,0,human
75279848,Metrô de São Paulo,metrosp_oficial,"São Paulo, Brasil","Twitter oficial do Metrô de São Paulo, que transporta 4 milhões de usuários/dia. Monitorado de seg.-sexta, das 8 às 19h30. Central de Informações: 0800-7707722",1831879,657,1480,4149,True,111122,False,False,False,75279848,1,bot
556122117,ContactoCantv,ContactoCantv,Venezuela,"Canal oficial de atención al usuario de #Cantv, ente adscrito al MPPEUCT. Horario de atención: lunes a viernes de 8am a 6pm y los sábados de 8am a 2pm",160582,64739,464,0,False,137115,False,False,False,556122117,1,bot
26565946,Justin Timberlake,jtimberlake,"Memphis, TN",,64753684,288,74751,357,True,4058,False,False,False,26565946,0,human
134138478,卜⊃こラ(CV.佐倉綾音),totukou,フクダ電子アリーナアウェイ側ホーム自由席,サッカー/ジェフ/ウイイレ/野球/歴史/ギター/お笑い/茅原実里/佐倉綾音/声優/DGS/FPS/BF1942/マイケミ/リンキン/オフスプ/Sum41/福山雅治/バンプ/ミリタリー/映画が好きな法学士。チロルチョコ要素はありません steam:totukou,1022,1662,49,5924,False,278051,False,False,False,134138478,1,bot
377669856,Brett Ridenour,awesome_brettq,"Raleigh, NC",I love to travel ✈️ I’m a cryptominer ⛏ DM me.,3159,4019,18,9129,False,4563,False,True,False,377669856,0,human
1494549962,木場勇治,Kiba_horse_bot,とあるマンションの一室,仮面ライダー555の『もう一人の主人公』、木場勇治（ホースオルフェノク）の非公式bot。公式様、役者の方とは一切関係ありません。1時間に1回呟きます。お別れはブロックでお願いします。何かございましたらDMにて。★登録済み台詞：1～47話、劇場版、HBV、その他,840,1107,17,2,False,555573,False,False,False,1494549962,1,bot
925537664,よーか@尾道＊VANTELIN’sﾏﾈｰｼﾞｬｰ,happyswing1970,猫の肉球の隙間,"ダンナさん（ける）とネコ4匹（ふく、れん、とわ、まる）で尾道に住んでます♪
趣味はダイエット、特技はリバウンド。
座右の銘は『死ぬこと以外かすり傷』
2013.9.25～福島県福島市。
2016.8.11～広島県尾道市。",1120,996,27,878,False,127786,False,False,False,925537664,1,bot
124450567,Inter,Inter,"Milano, Lombardia",Profilo Twitter ufficiale dell'Inter. English: @Inter_en; Bahasa: @Inter_id; Japanese: @Inter_jp; Arabic: @Inter_ar; Portuguese: @Inter_br; Español: @Inter_es,1625028,75,4873,901,True,73373,False,False,False,124450567,1,bot
1575510320,حومة فكر,0k__2,🇸🇦🇰🇼 مصير مشترك 🇸🇦🇰🇼,👍👍@9are_7👍👍,135867,132385,122,630,False,185803,False,True,False,1575510320,1,bot
26516576,Booking.com,bookingcom,,"Welcome to https://t.co/fk1NcLyb5u's official Twitter page. Follow us for great travel trips, destinations, and inspiration.",145399,4239,1320,9378,True,55250,False,False,False,26516576,0,human
986775452,hysoo🇹🇷,hysoo777,"İstanbul, Türkiye",أنـَا لَستُ إنـسَانَـاً .. أنـَا دِينَامـِيـتْ ..! . | مترجم لغة تركية🇹🇷,210528,126,430,21491,False,279979,False,True,False,986775452,1,bot
849258957768192004,Mollie,MollieOfficial,,mollie is now tweeting from @mollieking • download back to you here - https://t.co/ugWZ1cjFD4,245,5,0,128,False,1,False,True,False,849258957768192004,0,human
476621523,عبدالمحسن الأحمد,abdulmohsnAH,,يا قلبي تدبرها إن أردت الفلاح (ولله غيب السماوات والأرض وإليه يرجع الأمر كله فاعبده وتوكل عليه وما ربك بغافل عما تعملون) محبكم عبدالمحسن بن محمد الأحمد,1364812,71,1673,338,False,10718,False,True,False,476621523,0,human
277106086,🇨🇱💯🎣🌟DonAlvaro🌟🎣💯🇨🇱,aRolasx,"Taltal, Antofagasta,Chile.","No quiero soñar mil veces las mismas cosas, ni contemplarlas sabiamente ...siempre cruzado 🐟🎣",1039,2307,12,2838,False,10834,False,True,False,277106086,0,human
2824210848,About ART Magazin,aboutARTmagazin,Österreich,"About #ART #Magazin - is #artmagazin for and about #art #collectors, #artists, #galleries, art #fairs, #museums. Be our friends. We #followback all our friends",237312,259628,1131,30742,False,144110,False,True,False,2824210848,1,bot
434268450,Lys,a_guidaa,"Alabama, USA",• @xashdatchickx is my GF❤️ • cosmetologist,826,770,1,6663,False,32658,False,False,False,434268450,0,human
3249308366,كاريزما الدوسري 👱🏻‍♀️,_36Batool,اللهم أرحم أبي 'اللهم احفظ أمي,حمدلله ع سلآمة صوتي,20529,11353,3,2858,False,37113,False,True,False,3249308366,1,bot
168625831,Jandino ♥,JandinoAsporaat,Rotterdam,Kaartverkoop Judeska in de TBS kliniek is NU gestart!,100809,0,210,1274,True,16147,False,False,False,168625831,0,human
27801361,Marcus Lemonis,marcuslemonis,Chicago via Miami via Lebanon,#theprofit on @CNBC,584342,11429,1715,12720,True,24687,False,False,False,27801361,0,human
968714948,Chino Telible™,ChinoTelibleES,"Región de Murcia, España","¡No soy chino pelo lo sé, soy telible!  Publicidad/ contacto: elchinotelible@gmail.com",102786,13686,103,3189,False,1349,False,False,False,968714948,1,bot
182069086,Bravíssimo,BravissimoCity,COLOMBIA,Bravíssimo es un programa de entretenimiento y variedades. Conéctate los Fines de semana de 7:30 am - 12:00pm por el canal Citytv.,201726,842,269,10437,False,71363,False,False,False,182069086,1,bot
3853777899,Chistes En Fotos.™,ChistesEnFotos,Dominican Republic,Todo tipo de imágenes con sentido de humor para tratar de sacarte una risa mientras estás en Twitter. CONTACTO/PUBLICIDAD; johanpublicidad@yahoo.com,28439,3181,31,449,False,2665,False,True,False,3853777899,1,bot
2150773897,Ari,Arielle_H10,"Zone 6, East Atlanta, GA",GOD | ENL x JNN | KUWBB'20,947,628,14,26590,False,37563,False,False,False,2150773897,0,human
4062837748,Ian & Satya Davies,ian_satyadavies,"Jacksonville Beach, FL",Abundantly free and living our dream! Look 10 years younger! Call 904-595-5177,20860,12649,165,1,False,7186,False,True,False,4062837748,1,bot
36240413,Chris Johnson,ChrisJohnson28,"ÜT: 33.985365,-118.396649","THE REAL CJ
A REAL 2K THANG
IG: CHRISJOHNSONTWO8",920374,920,5446,18,True,12308,False,False,False,36240413,0,human
161126952,Rita Schwarcz,RitaSchwarcz,Australia,"💫Change the way you look at things, and the things you look at change 💫 Follow me here: https://t.co/iAWTY9RpdK",1061,485,81,74,False,10452,False,False,False,161126952,1,bot
2835653131,Mia K.,miakhalifa,"Austin, TX",The DC Sports Girl. Lebanese-American-Cylon. Business Inquiries: @jerfsolo SNAPCHAT: 🦇,2472396,719,3372,22143,True,19455,False,True,False,2835653131,0,human
3021259014,あのちゃん,YiFace99,,,812,938,8,511,False,113595,False,True,False,3021259014,1,bot
759251,CNN,CNN,,It’s our job to #GoThere & tell the most difficult stories. Join us! For more breaking news updates follow @CNNBRK  & Download our app 📲https://t.co/Xgo5kjIt8c,41183185,1111,137121,1449,True,222669,False,False,False,759251,1,bot
34253207,BBC Good Food Show,BBCGoodFoodShow,,BBC Good Food Shows - the ultimate foodie day out! Please note all chefs shown may not appear at all shows. Instagram & Facebook: /bbcgoodfoodshow,116996,1105,833,12382,True,24442,False,False,False,34253207,0,human
947217853,Don Burro,DonBurroReal,Ecuador,"Con el pueblo, por el pueblo y para el pueblo. Movimiento civico ciudadano #DonBurro Directora y Vocera @Jksinche",99546,98,126,813,False,22934,False,False,False,947217853,0,human
19708968,Jacqueline Laurita,JacLaurita,"Franklin Lakes,NJ",Mother. Autism Advocate. Humanitarian. Author. RealityTV.Personality/Bravo. Licensed Cosmetologist. jacquelinelauritapr@gmail.com #GetIt!#TheLittleKernel,871041,2531,3771,7581,True,23120,False,False,False,19708968,0,human
413482537,Ingrid Macher,adelgaza20,"Miami, FL",Bajar de peso en una semana! Aprieta aquí para obtener gratis mi dieta para adelgazar en 5 Días - http://t.co/ltRDnjyrTN,112648,396,164,3483,False,26087,False,False,False,413482537,1,bot
579307831,Caleb,calebsivic,301,FSU ‘20 🐾,1232,583,11,39654,False,20888,False,True,False,579307831,0,human
100731315,RT en Español,ActualidadRT,,"El primer canal de TV ruso en español con alcance mundial. Les brindamos las noticias que realmente importan. Lo más relevante del panorama internacional, en RT",2956599,75,11604,116,True,517249,False,False,False,100731315,1,bot
233522143,AnimeVoice,AnimeVoice,Amazon.co.jp associates,アニメや声優、ゲーム、グッズ等の情報をひたすら配信します。新着情報のみをピックアップするLite版(サブアカウント)もよろしくお願いします。ツイートが多すぎると思ったらこちらへ→ @Anime_Voice,81283,70525,1142,1,False,723958,False,True,False,233522143,1,bot
193093810,Stockfilm,COdomainnames,,"World's largest collection of  8mm and Super 8 home movies in 4k resolution. 42,639 clips! 1583 film reels! Interested in buying the collection? Contact me.",28767,5830,82,1587,False,35532,False,False,False,193093810,1,bot
1195263056,Cinthia Cruz,cinthiacruz,"São Paulo, Brasil 🇧🇷 Brazil",🇧🇷Actress 🎭Model👠Singer🎙Digital Influencer 🔥Contato p/ Shows📍contatoartistico.cinthiacruz@gmail.com✍ https://t.co/SpvKRUjgPA,177963,937,79,9251,True,12547,False,False,False,1195263056,0,human
295413356,Braay⚪🔴⚪,Braay_Bueno,Argentina,19 años|Leo♌|26-06-11 te jure amor eterno❤|05-08-15😍|♡24-11-14♡|09-12-18,1159,1239,1,16065,False,43489,False,False,False,295413356,0,human
25688061,Alvaro Garnero,AlvaroGarnero,,Empresário e apresentador do 50 por 1 na TV Record. Fundador e dono do Cafe de a Musique! https://t.co/T4UL7HDteT - contato@alvarogarnero.com.br,622896,1385,1773,2052,True,33703,False,False,False,25688061,0,human
122965433,BIG NOTHING,BIG_NOTHING_Co,Tokyo,"レコード・レーベル。洋楽アーティストの契約、A&R、マネジメント、PR(宣伝)、マーケティング他を行う。また、邦楽アーティストのマネージメント、PR、コンサルティングも行う。Record Label. A&R, management and PR company for music lovers in Japan.",1102,532,95,1,False,18287,False,False,False,122965433,1,bot
19426551,NFL,NFL,,Official Twitter account of the National Football League. Our Social Media Policy: https://t.co/EyuKeWltUk,24236940,2559,49014,1268,True,183594,False,False,False,19426551,1,bot
2399173802,Twit Majalengka,TwitMJLK,Majalengka,Berbagi informasi Kota Majalengka. Kirim informasi dari anda dengan mention kami @TwitMJLK,1035,745,2,0,False,90972,False,True,False,2399173802,1,bot
380570951,AS Roma,OfficialASRoma,Roma | Rome,Twitter ufficiale dell’AS Roma. Altre lingue: @ASRomaEN @ASRomaArabic @ASRomaEspanol Copyright: https://t.co/JKX2nMGBGl,1732798,709,4355,3770,True,62211,False,False,False,380570951,1,bot
23977873,Evangelist Gerald®,BieggsLegacy,London,Evangelist / FiveFold Ministry Servant / C.E.O(Mcank Group & Mcank Logistics) /Human Right Activist / Movement Against Corruption / Politics & Gov.,51551,91084,114,1209,False,7964,False,False,False,23977873,0,human
3236431915,Adam McArthur,BigMacFlashy,"Phoenix, AZ",CEO of @thebambox and @comiconauction. Love Deadpool. Ultra optimistic. Crazy about nostalgia. Spread geek.,331,154,1,350,False,325,False,False,False,3236431915,0,human
388843527,Badrul,BadruulAminn,"Petaling, Selangor","20 / YouTuber + Streamer / Married /

Come support my content on YouTube and Twitch!",71105,62028,27,1818,False,27006,False,False,False,388843527,0,human
2566083968,Sav🌸,anxietyhes,,woke up the girl who looked just like you I almost said your name @ryleen97 @Harry_Styles,99769,67170,335,27192,False,81781,False,False,False,2566083968,0,human
250121556,遠@原付ベトナム縦断準備,EN_owl,なごやちほー,"旧型クロスカブ改(プラウダ戦車色)に乗るガルパンおじさん。ノンナと愛里寿推し。日本一周2017年組。
キャンプ、登山、サバゲー(ドラグノフ狙撃銃,AKS74N)もやります。バイクと旅の記録は個人サイト「放浪オートマタ」にたまに書き残してます。日本一周の次はベトナムを原付で縦断するぞー！",1222,244,102,382,False,70120,False,False,False,250121556,1,bot
498378398,Cess,cessdomingo_,,,1308,1017,0,39669,False,44078,False,False,False,498378398,0,human
